limited_partnership,scc_number,county,managing_general_partner,mgp_occ_number,issue_date,fiscal_year_first_qualified,fetch_date
OL Hope L.P.,1001,LOS ANGELES,1010 Development Corporation,16010,2003-12-11,Unavl,2026-08-22
"1010 SVN Associates, a California Limited Partnership",1003,SAN FRANCISCO,"1010 South Van Ness, Inc.",4,2024-05-29,16-17,2026-08-22
2101 Telegraph Avenue Associates L.P.,1005,ALAMEDA,"2101 Telegraph Avenue Housing, Inc.",11,2003-12-11,Unavl,2026-08-22
Mission-Capp Partnership L.P.,1006,SAN FRANCISCO,2155 Mission Corporation,12,2003-12-11,Unavl,2026-08-22
Shattuck Senior Homes Associates L.P.,1007,ALAMEDA,"Satellite AHA Development, Inc.",16,2013-08-23,14-15,2026-08-22
479 Natoma Street Associates L.P.,1009,SAN FRANCISCO,"479 Natoma Street, Inc.",24,2003-12-11,Unavl,2026-08-22
480 Valencia Associates L.P.,1010,SAN FRANCISCO,"480 Valencia, Inc.",25,2003-12-11,Unavl,2026-08-22
525 O'Farrell Street Associates L.P.,1011,SAN FRANCISCO,"525 O'Farrell Street, Inc.",28,2003-12-11,Unavl,2026-08-22
"KDF Villa Monterey, L.P.",1021,SANTA CLARA,"Affordable Housing Access, Inc.",14663,2003-12-11,Unavl,2026-08-22
Amberwood Housing Investors L.P.,1041,SAN MATEO,Affordable Housing Preservation Foundation,14771,2003-12-11,Unavl,2026-08-22
Mohr Green Associates L.P.,1042,CONTRA COSTA,Alcohol and Drug Awareness Program,295,2003-12-11,Unavl,2026-08-22
Pittsburg Fox Creek Associates L.P.,1043,CONTRA COSTA,Alcohol and Drug Awareness Program,295,2003-12-11,Unavl,2026-08-22
Greenback San Juan Associates L.P.,1044,SACRAMENTO,Alcohol and Drug Awareness Program,295,2003-12-11,Unavl,2026-08-22
Villa Hermosa Partners L.P.,1046,KERN,"Almond Court, Inc.",364,2003-12-11,Unavl,2026-08-22
Altamont Hotel Associates L.P.,1047,SAN FRANCISCO,"Altamont Hotel, Inc.",396,2003-12-11,Unavl,2026-08-22
Gardner Apartments L.P.,1048,LOS ANGELES,Affordable Living for the Aging,399,2012-04-19,12-13,2026-08-22
Chico Gardens L.P.,1052,BUTTE,AOF/Pacific Affordable Housing Corp.,646,2003-12-11,Unavl,2026-08-22
"ARC Apartments, L.P., The",1064,SAN FRANCISCO,"ARC of San Francisco, The",685,2012-04-18,12-13,2026-08-22
Arlington Hotel L.P.,1065,SAN FRANCISCO,Arlington Residences Inc.,721,2003-12-11,Unavl,2026-08-22
Lassen Housing Associates L.P.,1067,SAN FRANCISCO,"Asian, Inc.",816,2003-12-11,Unavl,2026-08-22
"Atrium Apartments Associates, L.P.",1072,SANTA BARBARA,"Atrium Apartments, Inc.",940,2003-12-11,Unavl,2026-08-22
Auberry Park L.P.,1073,SACRAMENTO,"Auberry Park Housing, Inc.",946,2003-12-11,Unavl,2026-08-22
Avalon Senior Housing L.P.,1074,ALAMEDA,"Avalon Housing, Inc.",973,2003-12-11,Unavl,2026-08-22
Avalon Senior Housing L.P.,1075,ALAMEDA,"Avalon Housing, Inc.",973,2003-12-11,Unavl,2026-08-22
Amcal Casablanca Fund XXXX L.P.,1077,LOS ANGELES,"Bath Street Apartments, Inc.",1054,2003-12-11,Unavl,2026-08-22
AMCAL Santa Barbara Fund XXXVI L.P.,1078,SANTA BARBARA,"Bath Street Apartments, Inc.",1054,2003-12-11,Unavl,2026-08-22
Amcal Wood Ranch Fund XXXVII L.P.,1079,VENTURA,"Bath Street Apartments, Inc.",1054,2003-12-11,Unavl,2026-08-22
"Bayview Courtyard Associates, LP",1081,HUMBOLDT,"Bayview Courtyard, Inc.",1112,2003-12-11,Unavl,2026-08-22
Livermore Housing Associates L.P.,1083,ALAMEDA,"Baywood Apartments, Inc.",1119,2003-12-11,Unavl,2026-08-22
Bernal Senior Housing L.P.,1084,SAN FRANCISCO,Bernal Senior Housing Corporation,1219,2003-12-11,Unavl,2026-08-22
Benton Green L.P.,1085,LOS ANGELES,Better Community Development Corporation,14432,2003-12-11,Unavl,2026-08-22
Coronado Place Associates L.P.,1086,LOS ANGELES,Deep Green Housing and Community Development,1285,2012-12-21,12-13,2026-08-22
Canyon Shadows L.P.,1090,RIVERSIDE,Blindness Support Services,1376,2003-12-11,Unavl,2026-08-22
HACSC/Choices Family Associates L.P.,1094,SANTA CLARA,"Bracher HDC, Inc.",1527,2003-12-11,Unavl,2026-08-22
HACSC/Choices Senior Housing Associates L.P.,1095,SANTA CLARA,"Bracher HDC, Inc.",1527,2003-12-11,Unavl,2026-08-22
Drake Marin Associates L.P.,1101,MARIN,Bridge Housing Corporation,1566,2003-12-11,Unavl,2026-08-22
Carmel Valley Housing Associates L.P.,1114,SAN DIEGO,Bridge Housing Corporation - Southern California,1567,2003-12-11,Unavl,2026-08-22
Poinsettia Housing Associates L.P.,1115,SAN DIEGO,Bridge Housing Corporation - Southern California,1567,2003-12-11,Unavl,2026-08-22
North Beach Housing Associates L.P.,1117,SAN FRANCISCO,"Bridge Housing Ventures, Inc.",10490,2003-12-11,Unavl,2026-08-22
Bridges America Sher Lane L.P.,1120,ORANGE,"Bridges America Foundation, The",1575,2003-12-11,Unavl,2026-08-22
Bridges America Foundation II L.P.,1121,RIVERSIDE,"Bridges America Foundation, The",1575,2003-12-11,Unavl,2026-08-22
Casa De Canoga Apartment L.P.,1124,LOS ANGELES,Brookmore Apartment Corporation,1592,2003-12-11,Unavl,2026-08-22
Brookview Senior Housing Partners L.P.,1128,SAN DIEGO,Brookview Interfiath Housing Corporation,14382,2003-12-11,Unavl,2026-08-22
Firehouse Partners L.P.,1130,SONOMA,Burbank Housing Development Corporation,1632,2003-12-11,Unavl,2026-08-22
FMT L.P.,1131,SONOMA,Burbank Housing Development Corporation,1632,2003-12-11,Unavl,2026-08-22
Jay's Place Partners L.P.,1133,SONOMA,Burbank Housing Development Corporation,1632,2003-12-11,Unavl,2026-08-22
Santa Alicia Gardens L.P.,1136,SONOMA,Burbank Housing Development Corporation,1632,2003-12-11,Unavl,2026-08-22
Papago Court/Apple Valley Apts Investors L.P.,1138,SONOMA,Burbank Housing Neighborhood Revitalization Corporation,1634,2003-12-11,Unavl,2026-08-22
Paulin Creek Apartments Investors L.P.,1139,SONOMA,Burbank Housing Neighborhood Revitalization Corporation,1634,2003-12-11,Unavl,2026-08-22
Paulin Creek Apartments Investors L.P.,1140,SONOMA,Burbank Housing Neighborhood Revitalization Corporation,1634,2003-12-11,Unavl,2026-08-22
Walker Commons L.P.,1142,BUTTE,Butte County Affordable Housing Development Corporation,1658,2003-12-11,Unavl,2026-08-22
Hazel Housing L.P.,1143,BUTTE,Butte Creek Housing Corporation,14291,2003-12-11,Unavl,2026-08-22
Casa Garcia Associates L.P.,1145,VENTURA,Cabrillo Economic Development Corporation,1675,2003-12-11,Unavl,2026-08-22
Casa Velasquez Associates L.P.,1146,VENTURA,Cabrillo Economic Development Corporation,1675,2003-12-11,Unavl,2026-08-22
Casas De Sueno Associates L.P.,1147,VENTURA,Cabrillo Economic Development Corporation,1675,2003-12-11,Unavl,2026-08-22
Canaan Gardens Ltd. L.P.,1152,LOS ANGELES,Canaan Housing Corporation,2023,2003-12-11,Unavl,2026-08-22
"Canon Barcus Associates, L.P.",1153,SAN FRANCISCO,"Canon Barcus, Inc.",16145,2009-11-16,10-11,2026-08-22
Canyon Hills Senior Housing Associates L.P.,1156,KERN,"Canyon Hills Senior Housing , Inc.",2042,2003-12-11,Unavl,2026-08-22
"Beverly City Lights Association, L.P.",1157,LOS ANGELES,CARE Housing Services Corporation,2069,2003-12-11,Unavl,2026-08-22
"Witmer City Lights Association, L.P.",1158,LOS ANGELES,CARE Housing Services Corporation,2069,2003-12-11,Unavl,2026-08-22
601 N. Grand Avenue L.P.,1169,LOS ANGELES,CARE Housing Services Corporation,2069,2003-12-11,Unavl,2026-08-22
Cache Creek Partners L.P.,1271,LAKE,CARE Housing Services Corporation,2069,2003-12-11,Unavl,2026-08-22
Alder Partners No. 1 Ltd. L.P.,1318,SAN DIEGO,"Casa Familiar, Inc.",2164,2003-12-11,Unavl,2026-08-22
Alder Partners No. 1 Ltd. L.P.,1319,SAN DIEGO,"Casa Familiar, Inc.",2164,2003-12-11,Unavl,2026-08-22
Alder Partners No. 1 Ltd. L.P.,1320,SAN DIEGO,"Casa Familiar, Inc.",2164,2003-12-11,Unavl,2026-08-22
"Garden View Apartments No. 1 Ltd., L.P.",1322,SAN DIEGO,"Casa Familiar, Inc.",2164,2003-12-11,Unavl,2026-08-22
"Garden View Apartments No. 1 Ltd., L.P.",1323,SAN DIEGO,"Casa Familiar, Inc.",2164,2003-12-11,Unavl,2026-08-22
"Garden View Apartments No. 1 Ltd., L.P.",1324,SAN DIEGO,"Casa Familiar, Inc.",2164,2003-12-11,Unavl,2026-08-22
"Garden View Apartments No. 1 Ltd., L.P.",1325,SAN DIEGO,"Casa Familiar, Inc.",2164,2003-12-11,Unavl,2026-08-22
"Garden View Apartments No. 1 Ltd., L.P.",1326,SAN DIEGO,"Casa Familiar, Inc.",2164,2003-12-11,Unavl,2026-08-22
"Garden View Apartments No. 1 Ltd., L.P.",1327,SAN DIEGO,"Casa Familiar, Inc.",2164,2003-12-11,Unavl,2026-08-22
"Garden View Apartments No. 1 Ltd., L.P.",1328,SAN DIEGO,"Casa Familiar, Inc.",2164,2003-12-11,Unavl,2026-08-22
"Garden View Apartments No. 1 Ltd., L.P.",1329,SAN DIEGO,"Casa Familiar, Inc.",2164,2003-12-11,Unavl,2026-08-22
"Garden View Apartments No. 1 Ltd., L.P.",1330,SAN DIEGO,"Casa Familiar, Inc.",2164,2003-12-11,Unavl,2026-08-22
"Garden View Apartments No. 1 Ltd., L.P.",1331,SAN DIEGO,"Casa Familiar, Inc.",2164,2003-12-11,Unavl,2026-08-22
Park Haven Apartments No. 1 L.P.,1334,SAN DIEGO,"Casa Familiar, Inc.",2164,2003-12-11,Unavl,2026-08-22
Park Haven Apartments No. 1 L.P.,1335,SAN DIEGO,"Casa Familiar, Inc.",2164,2003-12-11,Unavl,2026-08-22
Park Haven Apartments No. 1 L.P.,1336,SAN DIEGO,"Casa Familiar, Inc.",2164,2003-12-11,Unavl,2026-08-22
SA Arbor Park L.P.,1337,SAN BERNARDINO,"Casa Major, Inc.",15204,2003-12-11,Unavl,2026-08-22
Hartnell Glen L.P.,1347,SHASTA,"Catholic Charities of Sacramento, Inc.",2218,2003-12-11,Unavl,2026-08-22
Caulfield Lane Senior Housing Associates L.P.,1348,SONOMA,"Caulfield Lane Senior Housing, Inc.",2236,2003-12-11,Unavl,2026-08-22
C-Court L.P.,1349,SAN LUIS OBISPO,"C-Court, Inc.",1664,2003-12-11,Unavl,2026-08-22
Oak Forest Associates L.P.,1350,SAN LUIS OBISPO,"C-Court, Inc.",1664,2003-12-11,Unavl,2026-08-22
Ceclia Place Homes L.P.,1351,MARIN,"Cecilia Place Homes, Inc.",2244,2003-12-11,Unavl,2026-08-22
Larkspur Isle Ltd. L.P.,1352,MARIN,"Cecilia Place Homes, Inc.",2244,2003-12-11,Unavl,2026-08-22
"Centertown Associates, Ltd. L.P.",1353,MARIN,"Centertown, Inc.",2344,2003-12-11,Unavl,2026-08-22
Arlington-Rodeo Properties L.P.,1354,LOS ANGELES,Central City Economic Development Corporation,14805,2003-12-11,Unavl,2026-08-22
STL Properties L.P.,1355,LOS ANGELES,Central City Economic Development Corporation,14805,2003-12-11,Unavl,2026-08-22
Arcata Humboldt Associates L.P.,1358,HUMBOLDT,Central Valley Coalition for Affordable Housing,2419,2003-12-11,Unavl,2026-08-22
Bristlecone Apartments L.P.,1361,MONO,Central Valley Coalition for Affordable Housing,2419,2003-12-11,Unavl,2026-08-22
Childs Avenue Apartments L.P.,1365,MERCED,Central Valley Coalition for Affordable Housing,2419,2003-12-11,Unavl,2026-08-22
Chowchilla Associates L.P.,1366,MADERA,Central Valley Coalition for Affordable Housing,2419,2003-12-11,Unavl,2026-08-22
Eureka Humbodlt Associates L.P.,1371,HUMBOLDT,Central Valley Coalition for Affordable Housing,2419,2003-12-11,Unavl,2026-08-22
Pioneer Street Associates L.P.,1372,KERN,Central Valley Coalition for Affordable Housing,2419,2003-12-11,Unavl,2026-08-22
Green Street Limited L.P.,1375,TULARE,Central Valley Coalition for Affordable Housing,2419,2003-12-11,Unavl,2026-08-22
Hanford Cedarbrook Limited L.P.,1376,KINGS,Central Valley Coalition for Affordable Housing,2419,2003-12-11,Unavl,2026-08-22
Lemoore Westberry Square L.P.,1379,KINGS,Central Valley Coalition for Affordable Housing,2419,2003-12-11,Unavl,2026-08-22
Madera Enterprises II L.P.,1381,MADERA,Central Valley Coalition for Affordable Housing,2419,2003-12-11,Unavl,2026-08-22
Merced Seniors Limited L.P.,1383,MERCED,Central Valley Coalition for Affordable Housing,2419,2003-12-11,Unavl,2026-08-22
Nipomo San Luis Bay Ltd. L.P.,1385,SAN LUIS OBISPO,Central Valley Coalition for Affordable Housing,2419,2003-12-11,Unavl,2026-08-22
Planada Enterprises-Casa Del Sol L.P.,1392,MERCED,Central Valley Coalition for Affordable Housing,2419,2003-12-11,Unavl,2026-08-22
Red Bluff Meadow Vista Associates L.P.,1395,TEHAMA,Central Valley Coalition for Affordable Housing,2419,2003-12-11,Unavl,2026-08-22
Salinas Bay Limited L.P.,1398,MONTEREY,Central Valley Coalition for Affordable Housing,2419,2003-12-11,Unavl,2026-08-22
Salinas Nantucket Bay Limited L.P.,1399,MONTEREY,Central Valley Coalition for Affordable Housing,2419,2003-12-11,Unavl,2026-08-22
Stockton Phoenix Limited L.P.,1403,SAN JOAQUIN,Central Valley Coalition for Affordable Housing,2419,2003-12-11,Unavl,2026-08-22
Tracy Chesapeake Bay Ltd. L.P.,1405,SAN JOAQUIN,Central Valley Coalition for Affordable Housing,2419,2003-12-11,Unavl,2026-08-22
"Victoria Heights, Ltd. L.P.",1407,RIVERSIDE,Central Valley Coalition for Affordable Housing,2419,2003-12-11,Unavl,2026-08-22
Waterford Sunrise Vista Associates L.P.,1409,STANISLAUS,Central Valley Coalition for Affordable Housing,2419,2003-12-11,Unavl,2026-08-22
Watsonville Westbridge Ltd. L.P.,1410,SANTA CRUZ,Central Valley Coalition for Affordable Housing,2419,2003-12-11,Unavl,2026-08-22
Woodlake Valencia Partners L.P.,1411,TULARE,Central Valley Coalition for Affordable Housing,2419,2003-12-11,Unavl,2026-08-22
GGA 1820 Post L.P.,1414,SAN FRANCISCO,"Chinatown Community Development Center, Inc.",2635,2003-12-11,Unavl,2026-08-22
Casanova Gardens L.P.,1418,LOS ANGELES,Chinatown Service Center,2639,2003-12-11,Unavl,2026-08-22
CCHNC Hotel Redding Associates L.P.,1420,SHASTA,Christian Church Homes,2722,2003-12-11,Unavl,2026-08-22
La Gema Del Barrrio L.P.,1483,ORANGE,Civic Center Barrio Housing Corporation,2927,2003-12-11,Unavl,2026-08-22
"Park Village Apartments Limited Partnership, A California Limited Partnership",1484,SAN DIEGO,Civic Center Barrio Housing Corporation,2927,2021-10-19,21-22,2026-08-22
Raitt Street Apartments L.P.,1485,ORANGE,Civic Center Barrio Housing Corporation,2927,2003-12-11,Unavl,2026-08-22
Cathedral Housing Associates L.P.,1487,RIVERSIDE,"Coachella Valley Housing Coalition, The",2970,2003-12-11,Unavl,2026-08-22
Harrison Street Associates L.P.,1489,RIVERSIDE,"Coachella Valley Housing Coalition, The",2970,2003-12-11,Unavl,2026-08-22
Las Palmeras Housing Associates L.P.,1490,RIVERSIDE,"Coachella Valley Housing Coalition, The",2970,2003-12-11,Unavl,2026-08-22
Arminta North and South L.P.,1491,LOS ANGELES,Coalition for Better Living,2976,2003-12-11,Unavl,2026-08-22
Arminta North and South L.P.,1492,LOS ANGELES,Coalition for Better Living,2976,2003-12-11,Unavl,2026-08-22
Arminta Square L.P.,1493,LOS ANGELES,Coalition for Better Living,2976,2003-12-11,Unavl,2026-08-22
Arminta West L.P.,1494,LOS ANGELES,Coalition for Better Living,2976,2003-12-11,Unavl,2026-08-22
Duane Heights L.P.,1495,LOS ANGELES,Coalition for Better Living,2976,2003-12-11,Unavl,2026-08-22
Colina Vista Associates L.P.,1497,VENTURA,"Colina Vista, Inc.",3027,2003-12-11,Unavl,2026-08-22
16th Street Apartments L.P.,1498,LOS ANGELES,Community Corporation of Santa Monica,3145,2003-12-11,Unavl,2026-08-22
2407 Fourth Street L.P.,1499,LOS ANGELES,Community Corporation of Santa Monica,3145,2003-12-11,Unavl,2026-08-22
708 Pico L.P.,1500,LOS ANGELES,Community Corporation of Santa Monica,3145,2003-12-11,Unavl,2026-08-22
815 Ashland L.P.,1501,LOS ANGELES,Community Corporation of Santa Monica,3145,2003-12-11,Unavl,2026-08-22
Cloverfield Community Partners L.P.,1502,LOS ANGELES,Community Corporation of Santa Monica,3145,2003-12-11,Unavl,2026-08-22
Fifth and Wilshire Apartments L.P.,1503,LOS ANGELES,Community Corporation of Santa Monica,3145,2003-12-11,Unavl,2026-08-22
Garcia Apartments Partnership L.P.,1504,LOS ANGELES,Community Corporation of Santa Monica,3145,2003-12-11,Unavl,2026-08-22
Garcia Apartments Partnership L.P.,1505,LOS ANGELES,Community Corporation of Santa Monica,3145,2003-12-11,Unavl,2026-08-22
Garcia Apartments Partnership L.P.,1506,LOS ANGELES,Community Corporation of Santa Monica,3145,2003-12-11,Unavl,2026-08-22
Garcia Apartments Partnership L.P.,1507,LOS ANGELES,Community Corporation of Santa Monica,3145,2003-12-11,Unavl,2026-08-22
Second Street Center L.P.,1508,LOS ANGELES,Community Corporation of Santa Monica,3145,2003-12-11,Unavl,2026-08-22
Virginia Village Partnership L.P.,1509,LOS ANGELES,Community Corporation of Santa Monica,3145,2003-12-11,Unavl,2026-08-22
Canon Perdido Associates L.P.,1522,SANTA BARBARA,Community Housing Assistance Program Inc.,3192,2003-12-11,Unavl,2026-08-22
City Housing-Rugby Associates L.P.,1523,LOS ANGELES,Community Housing Assistance Program Inc.,3192,2003-12-11,Unavl,2026-08-22
Twin Pines Associates L.P.,1524,TUOLUMNE,Community Housing Assistance Program Inc.,3192,2003-12-11,Unavl,2026-08-22
Villa Florentina L.P.,1526,LOS ANGELES,Community Housing Assistance Program Inc.,3192,2003-12-11,Unavl,2026-08-22
Cottage Gardens Associates L.P.,1529,SANTA BARBARA,Community Housing Assistance Program Inc.,3192,2003-12-11,Unavl,2026-08-22
Regency Court Partners L.P.,1541,LOS ANGELES,Community Housing Assistance Program Inc.,3192,2003-12-11,Unavl,2026-08-22
San Jacinto Vista Apartments L.P.,1542,RIVERSIDE,Community Housing Assistance Program Inc.,3192,2003-12-11,Unavl,2026-08-22
100 Harden Parkway L.P.,1551,MONTEREY,"Community Housing Improvement Systems and Planning Association, Inc.",3196,2003-12-11,Unavl,2026-08-22
Gabilan Hills Apts. Partners L.P.,1554,MONTEREY,"Community Housing Improvement Systems and Planning Association, Inc.",3196,2003-12-11,Unavl,2026-08-22
Marina Senior Housing Partners L.P.,1556,MONTEREY,"Community Housing Improvement Systems and Planning Association, Inc.",3196,2003-12-11,Unavl,2026-08-22
Moro Lindo Townhomes L.P.,1557,MONTEREY,"Community Housing Improvement Systems and Planning Association, Inc.",3196,2003-12-11,Unavl,2026-08-22
Moro Lindo Townhomes L.P.,1558,MONTEREY,"Community Housing Improvement Systems and Planning Association, Inc.",3196,2003-12-11,Unavl,2026-08-22
Moro Lindo Townhomes L.P.,1559,MONTEREY,"Community Housing Improvement Systems and Planning Association, Inc.",3196,2003-12-11,Unavl,2026-08-22
QM Affordable Housing Partners L.P.,1561,MONTEREY,"Community Housing Improvement Systems and Planning Association, Inc.",3196,2003-12-11,Unavl,2026-08-22
Roosevelt Street Townhomes II L.P.,1562,MONTEREY,"Community Housing Improvement Systems and Planning Association, Inc.",3196,2003-12-11,Unavl,2026-08-22
Roosevelt Street Townhomes L.P.,1563,MONTEREY,"Community Housing Improvement Systems and Planning Association, Inc.",3196,2003-12-11,Unavl,2026-08-22
Villa La Posada L.P.,1566,SANTA CRUZ,"Community Housing Improvement Systems and Planning Association, Inc.",3196,2003-12-11,Unavl,2026-08-22
Villa San Miguel Partners L.P.,1567,MONTEREY,"Community Housing Improvement Systems and Planning Association, Inc.",3196,2003-12-11,Unavl,2026-08-22
Villa Santa Clara Partners L.P.,1568,MONTEREY,"Community Housing Improvement Systems and Planning Association, Inc.",3196,2003-12-11,Unavl,2026-08-22
Williams Ranch Housing Partners I L.P.,1569,MONTEREY,"Community Housing Improvement Systems and Planning Association, Inc.",3196,2003-12-11,Unavl,2026-08-22
Moro Lindo Townhomes L.P.,1570,MONTEREY,"Community Housing Improvement Systems and Planning Association, Inc.",3196,2003-12-11,Unavl,2026-08-22
CHOC Gateway Village L.P.,1573,SOLANO,Community Housing Opportunities Corporation,3199,2003-12-11,Unavl,2026-08-22
"Bowron Road Group Limited Partnership, The",1579,SAN DIEGO,Community HousingWorks,15964,2023-10-04,21-22,2026-08-22
Breihan Housing Associates L.P.,1580,SAN DIEGO,Community HousingWorks,15964,2003-12-11,Unavl,2026-08-22
Dove Family Housing Associates L.P.,1583,SAN DIEGO,Community HousingWorks,15964,2003-12-11,Unavl,2026-08-22
Eucalyptus View Cooperative Housing Asst. L.P.,1584,SAN DIEGO,Community HousingWorks,15964,2003-12-11,Unavl,2026-08-22
Fallbrook View Housing Associates L.P.,1585,SAN DIEGO,Community HousingWorks,15964,2003-12-11,Unavl,2026-08-22
Haley Ranch Estates Housing Associates L.P.,1586,SAN DIEGO,Community HousingWorks,15964,2003-12-11,Unavl,2026-08-22
Mission Grove Housing L.P.,1587,SAN DIEGO,Community HousingWorks,15964,2003-12-11,Unavl,2026-08-22
Orange Place Housing Associates L.P.,1589,SAN DIEGO,Community HousingWorks,15964,2003-12-11,Unavl,2026-08-22
Tremont Street Apartments L.P.,1590,SAN DIEGO,Community HousingWorks,15964,2003-12-11,Unavl,2026-08-22
39 West Apartments L.P.,1593,LOS ANGELES,A Community of Friends,3218,2003-12-11,Unavl,2026-08-22
836 Fedora L.P.,1594,LOS ANGELES,A Community of Friends,3218,2003-12-11,Unavl,2026-08-22
Amistad Apartments L.P.,1595,LOS ANGELES,A Community of Friends,3218,2003-12-11,Unavl,2026-08-22
Brandon Apartments L.P.,1596,LOS ANGELES,A Community of Friends,3218,2003-12-11,Unavl,2026-08-22
Calvert Street Apartments L.P.,1597,LOS ANGELES,A Community of Friends,3218,2003-12-11,Unavl,2026-08-22
Figueroa Court Apartments L.P.,1598,LOS ANGELES,A Community of Friends,3218,2003-12-11,Unavl,2026-08-22
Fox Normandie Apartments L.P.,1599,LOS ANGELES,A Community of Friends,3218,2003-12-11,Unavl,2026-08-22
Gower Sreet Apartments L.P.,1600,LOS ANGELES,A Community of Friends,3218,2003-12-11,Unavl,2026-08-22
Las Palomas Hotel L.P.,1601,LOS ANGELES,A Community of Friends,3218,2003-12-11,Unavl,2026-08-22
Maryland Apartments L.P.,1602,LOS ANGELES,A Community of Friends,3218,2003-12-11,Unavl,2026-08-22
Parker Hotel L.P.,1604,LOS ANGELES,A Community of Friends,3218,2003-12-11,Unavl,2026-08-22
Sonya Gardens L.P.,1605,LOS ANGELES,A Community of Friends,3218,2003-12-11,Unavl,2026-08-22
Sonya Gardens L.P.,1606,LOS ANGELES,A Community of Friends,3218,2003-12-11,Unavl,2026-08-22
Sonya Gardens L.P.,1607,LOS ANGELES,A Community of Friends,3218,2003-12-11,Unavl,2026-08-22
Sonya Gardens L.P.,1608,LOS ANGELES,A Community of Friends,3218,2003-12-11,Unavl,2026-08-22
Sonya Gardens L.P.,1609,LOS ANGELES,A Community of Friends,3218,2003-12-11,Unavl,2026-08-22
Vista Nueva L.P.,1610,LOS ANGELES,A Community of Friends,3218,2003-12-11,Unavl,2026-08-22
California Hotel 1140 L.P.,1611,LOS ANGELES,A Community of Friends,3218,2003-12-11,Unavl,2026-08-22
Senior Housing Associates II L.P.,1612,SAN JOAQUIN,"Community Resource Associates, Inc.",3238,2003-12-11,Unavl,2026-08-22
Senior Housing Associates III L.P.,1613,SAN JOAQUIN,"Community Resource Associates, Inc.",3238,2003-12-11,Unavl,2026-08-22
Senior Housing Associates IV L.P.,1614,YOLO,"Community Resource Associates, Inc.",3238,2003-12-11,Unavl,2026-08-22
Senior Housing Associates L.P.,1615,BUTTE,"Community Resource Associates, Inc.",3238,2003-12-11,Unavl,2026-08-22
Senior Housing Associates L.P.,1616,BUTTE,"Community Resource Associates, Inc.",3238,2003-12-11,Unavl,2026-08-22
Senior Housing Associates L.P.,1617,BUTTE,"Community Resource Associates, Inc.",3238,2003-12-11,Unavl,2026-08-22
Senior Housing Associates IX L.P.,1618,STANISLAUS,"Community Resource Associates, Inc.",3238,2003-12-11,Unavl,2026-08-22
Senior Housing Associates L.P.,1619,BUTTE,"Community Resource Associates, Inc.",3238,2003-12-11,Unavl,2026-08-22
Senior Housing Associates L.P.,1620,BUTTE,"Community Resource Associates, Inc.",3238,2003-12-11,Unavl,2026-08-22
Senior Housing Associates VIII L.P.,1622,SOLANO,"Community Resource Associates, Inc.",3238,2003-12-11,Unavl,2026-08-22
Almond View Apartments Ltd. L.P.,1625,SAN JOAQUIN,Community Revitalization and Development Corporation,11591,2003-12-11,Unavl,2026-08-22
Auburn Square Investors L.P.,1626,SACRAMENTO,Community Revitalization and Development Corporation,11591,2003-12-11,Unavl,2026-08-22
"Verandas, A Senior Community, The L.P.",1630,SACRAMENTO,Community Revitalization and Development Corporation,11591,2003-12-11,Unavl,2026-08-22
Socios Cambria L.P.,1633,LOS ANGELES,Comunidad Cambria,3299,2003-12-11,Unavl,2026-08-22
Lyric Housing Associates L.P.,1635,SAN FRANCISCO,"Conard House, Inc.",3300,2003-12-11,Unavl,2026-08-22
Conejo Valley Community Housing Asst. L.P.,1662,VENTURA,"Conejo Valley Community Housing, Inc.",3330,2003-12-11,Unavl,2026-08-22
105 East 'I' Street L.P.,1666,LOS ANGELES,Corporation for Better Housing,3474,2003-12-11,Unavl,2026-08-22
217 N. Derby L.P.,1667,KERN,Corporation for Better Housing,3474,2003-12-11,Unavl,2026-08-22
5159 Clara Street L.P.,1668,LOS ANGELES,Corporation for Better Housing,3474,2016-11-02,16-17,2026-08-22
5203 Live Oak L.P.,1669,LOS ANGELES,Corporation for Better Housing,3474,2003-12-11,Unavl,2026-08-22
710 Brundage Lane L.P.,1670,KERN,Corporation for Better Housing,3474,2003-12-11,Unavl,2026-08-22
Elizabeth West & East L.P.,1671,LOS ANGELES,Corporation for Better Housing,3474,2003-12-11,Unavl,2026-08-22
Coyote Springs Apartments Associates L.P.,1674,RIVERSIDE,"Coyote Springs Apartments, Inc.",3547,2003-12-11,Unavl,2026-08-22
Crocker Street Partners L.P.,1676,LOS ANGELES,Crocker Street Development Corporation,15505,2003-12-11,Unavl,2026-08-22
"Davis MHA Twin Pines Community Associates, L.P.",1679,YOLO,Yolo Mutual Housing Association,3709,2018-03-22,18-19,2026-08-22
Decro Nordhoff L.P.,1680,LOS ANGELES,Decro-Chi Corporation,3734,2003-12-11,Unavl,2026-08-22
Del Carlo Court Associates L.P.,1681,SAN FRANCISCO,Del Carlo Court Inc.,3743,2003-12-11,Unavl,2026-08-22
Delta Plaza Apartments L.P.,1682,SAN JOAQUIN,Delta Housing Development Corporation,3773,2003-12-11,Unavl,2026-08-22
Bascom HACSC Associates L.P.,1683,SANTA CLARA,"DeRose HDC, Inc.",3783,2003-12-11,Unavl,2026-08-22
Blossom River Associates L.P.,1684,SANTA CLARA,"DeRose HDC, Inc.",3783,2003-12-11,Unavl,2026-08-22
"Wilmington Housing Associates, L.P.",1687,LOS ANGELES,Abode Community Housing,3806,2009-08-06,10-11,2026-08-22
Dignity Housing West Associates L.P.,1688,ALAMEDA,"Dignity Housing West, Inc.",3843,2003-12-11,Unavl,2026-08-22
Dignity Housing West II Associates L.P.,1689,ALAMEDA,"Dignity Housing West, Inc.",3843,2003-12-11,Unavl,2026-08-22
Don Avante Associates I L.P.,1690,SANTA CLARA,"Don Avante Family Homes, Inc.",3911,2003-12-11,Unavl,2026-08-22
Eaton Housing Improvement Program L.P.,1699,BUTTE,"Eaton Housing, Inc.",4072,2003-12-11,Unavl,2026-08-22
Riverhouse Associates L.P.,1706,CONTRA COSTA,"Eden Housing, Inc.",4100,2003-12-11,Unavl,2026-08-22
Eden Palms Associates L.P.,1711,SANTA CLARA,"Eden Palms, Inc.",4107,2003-12-11,Unavl,2026-08-22
Cherden Investments L.P.,1715,SANTA CRUZ,El Pajaro Community Development Corporation,4170,2003-12-11,Unavl,2026-08-22
Casa Gloria L.P.,1716,LOS ANGELES,El Pueblo Community Development Corporation,4173,2003-12-11,Unavl,2026-08-22
CASA Guadalupe L.P.,1717,LOS ANGELES,El Pueblo Community Development Corporation,4173,2003-12-11,Unavl,2026-08-22
Villa Del Pueblo L.P.,1718,LOS ANGELES,El Pueblo Community Development Corporation,4173,2003-12-11,Unavl,2026-08-22
Villa Metropolitano L.P.,1719,LOS ANGELES,El Pueblo Community Development Corporation,4173,2003-12-11,Unavl,2026-08-22
Riverhouse Associates L.P.,1721,CONTRA COSTA,"Ellis Lake Townhomes, Inc.",4205,2003-12-11,Unavl,2026-08-22
Daybreak Housing Partnership L.P.,1723,SAN DIEGO,Escondido Family Housing Corporation,4304,2003-12-11,Unavl,2026-08-22
Esperanza Garden Apartments L.P.,1727,SAN DIEGO,Esperanza Housing and Community Development Corporation,4319,2003-12-11,Unavl,2026-08-22
Eureka Housing Associates L.P.,1733,HUMBOLDT,Eureka Housing Development Corporation,4338,2003-12-11,Unavl,2026-08-22
Fame Gardens L.P.,1736,LOS ANGELES,Fame Housing Corporation,4472,2003-12-11,Unavl,2026-08-22
Fame Manor L.P.,1737,LOS ANGELES,Fame Housing Corporation,4472,2003-12-11,Unavl,2026-08-22
Richard N. Hogan L.P.,1742,LOS ANGELES,Figueroa Economical Housing Development Corporation,14988,2003-12-11,Unavl,2026-08-22
Craig Gardens L.P.,1744,SANTA CLARA,First Community Housing,4864,2003-12-11,Unavl,2026-08-22
Murphy Ranch L.P.,1747,SANTA CLARA,First Community Housing,4864,2003-12-11,Unavl,2026-08-22
Monte Vista II Senior Housing L.P.,1752,SANTA CLARA,"Foundation for Affordable Housing II, Inc.",14278,2003-12-11,Unavl,2026-08-22
AMCAL Serenity Fund L.P.,1755,LOS ANGELES,"Foundation for Affordable Housing II, Inc.",14278,2003-12-11,Unavl,2026-08-22
"Fountain Valley Housing Partners, L.P.",1757,ORANGE,"Foundation for Affordable Housing II, Inc.",14278,2003-12-11,Unavl,2026-08-22
Gadberry Courts L.P.,1758,SANTA CLARA,"Foundation for Affordable Housing II, Inc.",14278,2003-12-11,Unavl,2026-08-22
Hacienda Villa Creek Senior Apartments L.P.,1760,SANTA CLARA,"Foundation for Affordable Housing II, Inc.",14278,2003-12-11,Unavl,2026-08-22
Laurel Park Senior Housing L.P.,1762,SAN DIEGO,"Foundation for Affordable Housing II, Inc.",14278,2026-02-05,26-27,2026-08-22
Ontario Housing Investors L.P.,1764,SAN BERNARDINO,"Foundation for Affordable Housing II, Inc.",14278,2003-12-11,Unavl,2026-08-22
Rose Gardens Senior L.P.,1765,SANTA CLARA,"Foundation for Affordable Housing II, Inc.",14278,2003-12-11,Unavl,2026-08-22
Santa Maria Associates L.P.,1767,SANTA BARBARA,"Foundation for Affordable Housing II, Inc.",14278,2003-12-11,Unavl,2026-08-22
Shiraz Senior Housing L.P.,1771,SANTA CLARA,"Foundation for Affordable Housing II, Inc.",14278,2003-12-11,Unavl,2026-08-22
33rd Street Family Housing L.P.,1774,SAN DIEGO,"Foundation for Affordable Housing III, Inc.",5122,2003-12-11,Unavl,2026-08-22
Hidaway 67 L.P.,1794,LOS ANGELES,"Foundation for Quality Housing Opportunities, Inc.",5139,2003-12-11,Unavl,2026-08-22
Pomeroy L.P.,1796,LOS ANGELES,"Foundation for Quality Housing Opportunities, Inc.",5139,2003-12-11,Unavl,2026-08-22
"PPA Associates, Ltd. L.P.",1797,LOS ANGELES,"Foundation for Quality Housing Opportunities, Inc.",5139,2003-12-11,Unavl,2026-08-22
Gabreila Apartments Ltd. L.P.,1865,SAN FRANCISCO,"Gabriela Apartments, Inc.",5354,2003-12-11,Unavl,2026-08-22
Wilshire Courtyard Senior Housing Partners L.P.,1866,LOS ANGELES,Gateway Community Housing Corporation,15808,2003-12-11,Unavl,2026-08-22
Glide Housing Associates L.P.,1869,SAN FRANCISCO,"Glide Community Housing, Inc.",5497,2003-12-11,Unavl,2026-08-22
GEAHI Park Place Associates L.P.,1871,KERN,"Golden Empire Affordable Housing, Inc.",5529,2003-12-11,Unavl,2026-08-22
Vista Park Associates II L.P.,1883,SANTA CLARA,"Golden Oak Manor, Inc.",5544,2003-12-11,Unavl,2026-08-22
Hotel Grand Southern Partners L.P.,1885,SAN FRANCISCO,"GP/TODCO-A, Inc.",14762,2007-10-05,07-08,2026-08-22
"Knox Partners, L.P.",1886,SAN FRANCISCO,"GP/TODCO-A, Inc.",14762,2007-11-19,07-08,2026-08-22
Grant Village Associates L.P.,1888,SAN JOAQUIN,"Grant Village, Inc.",5684,2009-05-15,06-07,2026-08-22
Woodstone Associates L.P.,1890,STANISLAUS,Great Valley Housing Development Corporation,14606,2003-12-11,Unavl,2026-08-22
"Oaks At Sunset L.P., The",1892,PLACER,Greek Orthodox Housing Corporation,5735,2003-12-11,Unavl,2026-08-22
Parkway Village Ltd. L.P.,1893,PLACER,Greek Orthodox Housing Corporation,5735,2003-12-11,Unavl,2026-08-22
Silver Ridge L.P.,1894,PLACER,Greek Orthodox Housing Corporation,5735,2003-12-11,Unavl,2026-08-22
Stanford Arms L.P.,1896,PLACER,Greek Orthodox Housing Corporation,5735,2003-12-11,Unavl,2026-08-22
"Villa Serena at Stanford Ranch, L.P.",1897,PLACER,Greek Orthodox Housing Corporation,5735,2003-12-11,Unavl,2026-08-22
Woodcreek-Roseville Ltd. L.P.,1898,PLACER,Greek Orthodox Housing Corporation,5735,2022-04-13,20-21,2026-08-22
CDR Senior Housing Associates L.P.,1899,CONTRA COSTA,"HACCC Casa Del Rio, Inc.",5816,2003-12-11,Unavl,2026-08-22
Harbor Tower L.P.,1902,LOS ANGELES,Hartow Corporation,5883,2003-12-11,Unavl,2026-08-22
Amergie Villa L.P.,1903,ORANGE,"Haven for Affordable Housing, Inc.",5899,2003-12-11,Unavl,2026-08-22
Carondelet Senior Citizens Apartments L.P.,1906,LOS ANGELES,"Haven for Affordable Housing, Inc.",5899,2003-12-11,Unavl,2026-08-22
El Portal Gardens L.P.,1910,CONTRA COSTA,"Haven for Affordable Housing, Inc.",5899,2003-12-11,Unavl,2026-08-22
Kittridge Gardens One L.P.,1911,LOS ANGELES,"Haven for Affordable Housing, Inc.",5899,2003-12-11,Unavl,2026-08-22
Kittridge Gardens Two L.P.,1912,LOS ANGELES,"Haven for Affordable Housing, Inc.",5899,2003-12-11,Unavl,2026-08-22
Little Tokyo Gardens L.P.,1914,LOS ANGELES,"Haven for Affordable Housing, Inc.",5899,2003-12-11,Unavl,2026-08-22
Market Park L.P.,1916,LOS ANGELES,"Haven for Affordable Housing, Inc.",5899,2003-12-11,Unavl,2026-08-22
New Hampshire Arms L.P.,1917,LOS ANGELES,"Haven for Affordable Housing, Inc.",5899,2003-12-11,Unavl,2026-08-22
Pendleton Arms L.P.,1920,LOS ANGELES,"Haven for Affordable Housing, Inc.",5899,2003-12-11,Unavl,2026-08-22
Sunland Park Apartments L.P.,1924,LOS ANGELES,"Haven for Affordable Housing, Inc.",5899,2003-12-11,Unavl,2026-08-22
Tarzana Terraces L.P.,1925,LOS ANGELES,"Haven for Affordable Housing, Inc.",5899,2003-12-11,Unavl,2026-08-22
Vermont Place Development Co.,1928,LOS ANGELES,"Haven for Affordable Housing, Inc.",5899,2009-05-20,10-11,2026-08-22
Willow Brook Villa L.P.,1931,LOS ANGELES,"Haven for Affordable Housing, Inc.",5899,2003-12-11,Unavl,2026-08-22
Wilton Wilshire Arms L.P.,1932,LOS ANGELES,"Haven for Affordable Housing, Inc.",5899,2003-12-11,Unavl,2026-08-22
Hayes Valley Apartments II L.P.,1935,SAN FRANCISCO,Hayes Valley Housing Corporation,5911,2003-12-11,Unavl,2026-08-22
Hayes Valley Apartments L.P.,1936,SAN FRANCISCO,Hayes Valley Housing Corporation,5911,2003-12-11,Unavl,2026-08-22
Miramar Apartments L.P.,1939,SAN MATEO,Hearthstone Housing Foundation,5954,2003-12-11,Unavl,2026-08-22
Prometheus Partners - 86 Benton L.P.,1940,SANTA CLARA,Hearthstone Housing Foundation,5954,2003-12-11,Unavl,2026-08-22
Colden Oaks L.P.,1943,LOS ANGELES,Heavenly Vision Economic Development Corporation,14607,2003-12-11,Unavl,2026-08-22
Figueroa Oaks L.P.,1944,LOS ANGELES,Heavenly Vision Economic Development Corporation,14607,2003-12-11,Unavl,2026-08-22
Hendley Circle Association L.P.,1945,SONOMA,"Hendley Circle, Inc.",5993,2003-12-11,Unavl,2026-08-22
Hercules Senior Housing Associates L.P.,1946,CONTRA COSTA,"Hercules Senior Housing, Inc.",6001,2003-12-11,Unavl,2026-08-22
Taft Enterprises L.P.,1952,KERN,Heritage Community Housing Inc.,13361,2003-12-11,Unavl,2026-08-22
Blythe Street Apartments L.P.,1956,LOS ANGELES,Hermandad Mexicana Nacional,6015,2013-08-23,14-15,2026-08-22
Park Sycamore L.P.,1957,LOS ANGELES,Hermandad Mexicana Nacional,6015,2013-08-23,14-15,2026-08-22
Heather Glen Associates L.P.,1959,YOLO,"HGA, Inc.",6024,2003-12-11,Unavl,2026-08-22
Hillview Village L.P.,1960,LOS ANGELES,"Hillview Mental Health Center, Inc.",6085,2003-12-11,Unavl,2026-08-22
Barnsdall Court L.P.,1962,LOS ANGELES,Hollywood Community Housing Corporation,6112,2003-12-11,Unavl,2026-08-22
Dunning Apartments L.P.,1964,LOS ANGELES,Hollywood Community Housing Corporation,6112,2003-12-11,Unavl,2026-08-22
La Brea/Franklin Housing L.P.,1965,LOS ANGELES,Hollywood Community Housing Corporation,6112,2003-12-11,Unavl,2026-08-22
Mirada Terrace Apartments L.P.,1966,LOS ANGELES,Hollywood Community Housing Corporation,6112,2003-12-11,Unavl,2026-08-22
Selma-Hudson Community L.P.,1967,LOS ANGELES,Hollywood Community Housing Corporation,6112,2003-12-11,Unavl,2026-08-22
St. Andrews Community L.P.,1968,LOS ANGELES,Hollywood Community Housing Corporation,6112,2003-12-11,Unavl,2026-08-22
Pensione Bird SRO L.P.,1970,SANTA CLARA,Hope Charities Housing Corporation,6190,2003-12-11,Unavl,2026-08-22
Hope West Apartments L.P.,1971,LOS ANGELES,Hope-Net,6211,2003-12-11,Unavl,2026-08-22
Hotel Don Associates L.P.,1972,CONTRA COSTA,"BRIDGE NorCal Development, Inc.",6259,2003-12-11,Unavl,2026-08-22
Firebaugh San Joaquin Vista Associates L.P.,1981,FRESNO,"Better Opportunities Builders, Inc.",6273,2006-09-15,06-07,2026-08-22
Oakley Senior Associates L.P.,1984,CONTRA COSTA,"Better Opportunities Builders, Inc.",6273,2006-09-15,06-07,2026-08-22
"Fresno Villa Del Mar, L.P.",1987,FRESNO,"Better Opportunities Builders, Inc.",6273,2006-09-15,06-07,2026-08-22
Baldwin Park Family L.P.,1992,LOS ANGELES,Housing Corporation of America,6275,2003-12-11,Unavl,2026-08-22
Carson Housing L.P.,1994,LOS ANGELES,Housing Corporation of America,6275,2003-12-11,Unavl,2026-08-22
Daboys L.P.,1996,ORANGE,Housing Corporation of America,6275,2003-12-11,Unavl,2026-08-22
Frederick and 52nd L.P.,1997,RIVERSIDE,Housing Corporation of America,6275,2003-12-11,Unavl,2026-08-22
Goldware Senior Housing L.P.,1998,RIVERSIDE,Housing Corporation of America,6275,2003-12-11,Unavl,2026-08-22
Grace Housing L.P.,1999,LOS ANGELES,Housing Corporation of America,6275,2003-12-11,Unavl,2026-08-22
Grayville L.P.,2000,LOS ANGELES,Housing Corporation of America,6275,2003-12-11,Unavl,2026-08-22
"Harmony Associates, L.P.",2002,LOS ANGELES,Housing Corporation of America,6275,2015-04-13,15-16,2026-08-22
Hemet Vistas I L.P.,2004,RIVERSIDE,Housing Corporation of America,6275,2003-12-11,Unavl,2026-08-22
Lark Ellen L.P.,2006,LOS ANGELES,Housing Corporation of America,6275,2003-12-11,Unavl,2026-08-22
Riverside Gardens Preservation L.P.,2007,RIVERSIDE,Housing Corporation of America,6275,2003-12-11,Unavl,2026-08-22
"Throwmeabone, L.P.",2009,LOS ANGELES,Housing Corporation of America,6275,2003-12-11,Unavl,2026-08-22
Gabreila Apartments Ltd. L.P.,2011,SAN FRANCISCO,Housing Development and Neighborhood Preservation,6276,2003-12-11,Unavl,2026-08-22
Hunt Avenue Associates L.P.,2017,NAPA,"Hunt Avenue, Inc.",6346,2003-12-11,Unavl,2026-08-22
City Housing-Rugby Associates L.P.,2018,LOS ANGELES,"Huntington Park CHDO, Inc.",6353,2003-12-11,Unavl,2026-08-22
Rohit Villas L.P.,2023,LOS ANGELES,"Integrated Community Builders, Inc.",6547,2003-12-11,Unavl,2026-08-22
Adams Congress Apartments L.P.,2024,LOS ANGELES,Interdenominational Community Development Corporation,6565,2003-12-11,Unavl,2026-08-22
"East Fullerton Villas, Ltd. L.P.",2025,ORANGE,Interfaith Housing Development Corporation,6573,2003-12-11,Unavl,2026-08-22
Cienega Preservation L.P.,2029,LOS ANGELES,Jamboree Housing Corporation,6694,2003-12-11,Unavl,2026-08-22
Denni Street Partners L.P.,2030,ORANGE,Jamboree Housing Corporation,6694,2003-12-11,Unavl,2026-08-22
Citrus Gardens 98 L.P.,2046,FRESNO,"SER-Jobs for Progress, Inc. - San Joaquin Valley",6799,2003-12-11,Unavl,2026-08-22
Cypress Cove Associates L.P.,2049,TULARE,Kaweah Management Company,6907,2003-12-11,Unavl,2026-08-22
Fairview Village L.P.,2050,TULARE,Kaweah Management Company,6907,2003-12-11,Unavl,2026-08-22
Kimball Court Associates L.P.,2051,TULARE,Kaweah Management Company,6907,2003-12-11,Unavl,2026-08-22
Poplar Grove Associates L.P.,2052,TULARE,Kaweah Management Company,6907,2003-12-11,Unavl,2026-08-22
Sultana Acres Assoc. L.P.,2053,TULARE,Kaweah Management Company,6907,2003-12-11,Unavl,2026-08-22
Visalia Garden Villas Assoc. L.P.,2054,TULARE,Kaweah Management Company,6907,2003-12-11,Unavl,2026-08-22
Westport Village Homes Association L.P.,2056,TULARE,Kaweah Management Company,6907,2003-12-11,Unavl,2026-08-22
Crescent Court L.P.,2057,LOS ANGELES,"La Cienega Lomod, Inc.",7067,2003-12-11,Unavl,2026-08-22
Larkin Pine L.P.,2059,SAN FRANCISCO,Larkin Pine Senior Housing Corporation,7186,2003-12-11,Unavl,2026-08-22
"Almaden Senior Housing Partners, L.P.",2067,SANTA CLARA,Las Palmas Foundation,14526,2003-12-11,Unavl,2026-08-22
Poinsettia Apartments L.P.,2070,LOS ANGELES,Las Palmas Foundation,14526,2003-12-11,Unavl,2026-08-22
Laurel Gardens of Bethel A.M.E. Church L.P.,2072,SAN FRANCISCO,"Laurel Gardens of Bethel A.M.E. Church, Inc.",14457,2003-12-11,Unavl,2026-08-22
Seasons Uptown Whittier L.P.,2074,LOS ANGELES,LINC Community Development Corporation,15856,2003-12-11,Unavl,2026-08-22
"Anderson Senior Apartments, L.P.",2075,SHASTA,LINC Housing Corporation,7337,2003-12-11,Unavl,2026-08-22
Buena Park Affordable Housing L.P.,2076,ORANGE,LINC Housing Corporation,7337,2003-12-11,Unavl,2026-08-22
La Quinta Seniors L.P.,2078,RIVERSIDE,LINC Housing Corporation,7337,2003-12-11,Unavl,2026-08-22
Las Flores Housing Investors L.P.,2080,RIVERSIDE,LINC Housing Corporation,7337,2003-12-11,Unavl,2026-08-22
LINC Franciscan L.P.,2081,SAN MATEO,LINC Housing Corporation,7337,2003-12-11,Unavl,2026-08-22
LINC Franciscan L.P.,2082,SAN MATEO,LINC Housing Corporation,7337,2003-12-11,Unavl,2026-08-22
Linc-Bristol Associates I L.P.,2083,ORANGE,LINC Housing Corporation,7337,2003-12-11,Unavl,2026-08-22
Los Alamos Senior Apartments Associates L.P.,2094,SANTA BARBARA,"Los Alamos Senior Apartments, Inc.",7516,2003-12-11,Unavl,2026-08-22
Clark Residence L.P.,2098,LOS ANGELES,Abode Communities,7541,2009-08-10,09-10,2026-08-22
Fremont Building L.P.,2099,LOS ANGELES,Abode Communities,7541,2009-08-10,09-10,2026-08-22
Grand Avenue Apartments L.P.,2100,LOS ANGELES,Abode Communities,7541,2009-08-10,09-10,2026-08-22
Heritage Court Apartments L.P.,2101,LOS ANGELES,Abode Communities,7541,2009-08-10,09-10,2026-08-22
"Parthenia Housing Associates, L.P.",2106,LOS ANGELES,Abode Communities,7541,2015-07-22,15-16,2026-08-22
11754 Vanowen Gardens L.P.,2110,LOS ANGELES,L.A. Family Housing Corporation,7561,2003-12-11,Unavl,2026-08-22
Vineland Place L.P.,2111,LOS ANGELES,L.A. Family Housing Corporation,7561,2003-12-11,Unavl,2026-08-22
622-28 South Alvarado L.P.,2112,LOS ANGELES,"Los Angeles Housing Partnership, Inc.",7568,2003-12-11,Unavl,2026-08-22
Bryson Family Apartments L.P.,2114,LOS ANGELES,"Los Angeles Housing Partnership, Inc.",7568,2003-12-11,Unavl,2026-08-22
Casa Rampart L.P.,2116,LOS ANGELES,"Los Angeles Housing Partnership, Inc.",7568,2003-12-11,Unavl,2026-08-22
Casa Rampart L.P.,2117,LOS ANGELES,"Los Angeles Housing Partnership, Inc.",7568,2003-12-11,Unavl,2026-08-22
Mt. Whitney Associates L.P.,2121,TULARE,LSH Corporation,7650,2003-12-11,Unavl,2026-08-22
Lyric Housing Associates L.P.,2123,SAN FRANCISCO,Lyric Housing Corporation,7711,2003-12-11,Unavl,2026-08-22
Madrone Hotel Associates L.P.,2125,ALAMEDA,"Madrone Hotel, Inc.",7738,2003-12-11,Unavl,2026-08-22
Mar Associates L.P.,2128,ALAMEDA,"Mar Housing, Inc.",7787,2003-12-11,Unavl,2026-08-22
Maria Alicia Associates L.P.,2129,SAN FRANCISCO,"Maria Alicia, Inc.",7806,2008-03-25,08-09,2026-08-22
Grosman Apartments Investors L.P.,2130,SONOMA,Martha Way Corporation,7911,2003-12-11,Unavl,2026-08-22
Mayacamas Village Associates L.P.,2131,NAPA,"Mayacamas Village, Inc.",7962,2003-12-11,Unavl,2026-08-22
McAllister Street Associates L.P.,2133,SAN FRANCISCO,"McAllister Street, Inc.",7974,2003-12-11,Unavl,2026-08-22
McAllister Street Associates L.P.,2134,SAN FRANCISCO,"McAllister Street, Inc.",7974,2003-12-11,Unavl,2026-08-22
Mecca Housing Associates L.P.,2135,RIVERSIDE,"Mecca Housing, Inc.",7999,2003-12-11,Unavl,2026-08-22
Paseo de los Poetas L.P.,2136,RIVERSIDE,"Mecca Housing, Inc.",7999,2003-12-11,Unavl,2026-08-22
Noble Senior Housing L.P.,2137,LOS ANGELES,Menorah Housing Foundation,8061,2003-12-11,Unavl,2026-08-22
Mercy Family Plaza L.P.,2138,SAN FRANCISCO,Mercy Housing California,8114,2003-12-11,Unavl,2026-08-22
111 Jones Associates L.P.,2139,SAN FRANCISCO,"Mercy Properties, Inc.",8105,2003-12-11,Unavl,2026-08-22
2220 Tenth Avenue Associates L.P.,2140,ALAMEDA,"Mercy Properties, Inc.",8105,2003-12-11,Unavl,2026-08-22
Marlton Affordable Housing Associates L.P.,2142,SAN FRANCISCO,"Mercy Properties, Inc.",8105,2003-12-11,Unavl,2026-08-22
Mercy Housing California V L.P.,2146,SACRAMENTO,"Mercy Properties, Inc.",8105,2003-12-11,Unavl,2026-08-22
Mercy Housing California VII L.P.,2147,VENTURA,"Mercy Properties, Inc.",8105,2003-12-11,Unavl,2026-08-22
Mercy Housing California X L.P.,2149,SAN FRANCISCO,"Mercy Properties, Inc.",8105,2003-12-11,Unavl,2026-08-22
Park Terrace Apartments L.P.,2152,SUTTER,"Mercy Properties, Inc.",8105,2003-12-11,Unavl,2026-08-22
Quinn Cottages L.P.,2153,SACRAMENTO,"Mercy Properties, Inc.",8105,2003-12-11,Unavl,2026-08-22
Placer Village Apartments L.P.,2162,EL DORADO,"Merit Housing, Incorporated",8118,2003-12-11,Unavl,2026-08-22
Merrill Road Associates L.P.,2169,SANTA CRUZ,Merrill Road Housing Corporation,8119,2003-12-11,Unavl,2026-08-22
San Diego SRO L.P.,2170,SAN DIEGO,Metro Hotel Community Association,8134,2003-12-11,Unavl,2026-08-22
Metro Senior Associates L.P.,2171,SAN MATEO,"Metro Senior Homes, Inc.",8136,2003-12-11,Unavl,2026-08-22
Mercado Apartments L.P.,2173,SAN DIEGO,"Metropolitan Area Advisory Committee on Anti-Poverty of San Diego Co., Inc.",8139,2003-12-11,Unavl,2026-08-22
Carroll Street Associates L.P.,2176,SANTA CLARA,"Mid-Peninsula Carroll-Street, Inc",8165,2003-12-11,Unavl,2026-08-22
Aster Park Association L.P.,2178,SANTA CLARA,Mid-Peninsula Coalition Aster Park Corporation,8167,2003-12-11,Unavl,2026-08-22
Morse Court Associate L.P.,2179,SANTA CLARA,Mid-Peninsula Coalition Monte Vista Terrace Corporation,8169,2003-12-11,Unavl,2026-08-22
Redwood Court Associates L.P.,2180,SAN MATEO,Mid-Peninsula Coalition Monte Vista Terrace Corporation,8169,2003-12-11,Unavl,2026-08-22
Coastside Associates L.P.,2181,SAN MATEO,"Mid-Peninsula Coastside, Inc.",8170,2003-12-11,Unavl,2026-08-22
Hermanas II Associates L.P.,2182,SAN MATEO,"Mid-Peninsula Coastside, Inc.",8170,2003-12-11,Unavl,2026-08-22
Farm Associates L.P.,2185,SANTA CRUZ,"Mid-Peninsula Ginzton, Inc.",8176,2003-12-11,Unavl,2026-08-22
Ginzton Terrace Associates L.P.,2186,SANTA CLARA,"Mid-Peninsula Ginzton, Inc.",8176,2003-12-11,Unavl,2026-08-22
Moonridge Associates L.P.,2188,SAN MATEO,"Mid-Peninsula Half Moon Bay, Inc.",8178,2003-12-11,Unavl,2026-08-22
Holy Family Associates L.P.,2190,SANTA CLARA,Mid-Peninsula Holy Family Corporation,8180,2003-12-11,Unavl,2026-08-22
MP Murphy's Associates L.P.,2198,SANTA CRUZ,"Mid-Peninsula Murphy's, Inc.",8186,2003-12-11,Unavl,2026-08-22
MP Oroysom L.P.,2199,ALAMEDA,"Mid-Peninsula Oroysom, Inc.",8188,2003-12-11,Unavl,2026-08-22
Pickering Associates L.P.,2201,ALAMEDA,"Mid-Peninsula Pickering, Inc.",8190,2003-12-11,Unavl,2026-08-22
Laureola Oaks Associates L.P.,2202,SAN MATEO,Mid-Peninsula San Carlos Corporation,8191,2003-12-11,Unavl,2026-08-22
Mid-Peninsula San Pedro Associates L.P.,2203,SAN MATEO,"Mid-Peninsula San Pedro, Inc.",8192,2003-12-11,Unavl,2026-08-22
Sr. Housing Associates L.P.,2204,SANTA CLARA,Mid-Peninsula San Ramon Corporation,8193,2003-12-11,Unavl,2026-08-22
MP Scotts Valley Associates L.P.,2205,SANTA CRUZ,"Mid-Peninsula Scotts Valley, Inc.",8194,2003-12-11,Unavl,2026-08-22
MP Shoreline Associates L.P.,2206,SANTA CLARA,"Mid-Peninsula Shoreline, Inc.",8197,2003-12-11,Unavl,2026-08-22
MP San Andreas Associates L.P.,2207,SANTA CRUZ,"Mid-Peninsula The Farm, Inc.",8198,2003-12-11,Unavl,2026-08-22
EPA Woodlands Associates L.P.,2209,SAN MATEO,Mid-Peninsula Woodlands Corps.,8200,2003-12-11,Unavl,2026-08-22
Miles Avenue Housing Associates L.P.,2212,RIVERSIDE,Miles Avenue Housing Inc.,8225,2003-12-11,Unavl,2026-08-22
Milpitas Housing Associates L.P.,2213,SANTA CLARA,"Milpitas Housing, Inc.",8238,2003-12-11,Unavl,2026-08-22
Plaza Hotel Associates L.P.,2219,MONTEREY,"Monterey County Housing, Inc.",8369,2003-12-11,Unavl,2026-08-22
MP Latham Associates L.P.,2226,SANTA CLARA,"MP Mezes, Inc.",8521,2003-12-11,Unavl,2026-08-22
MP Homestead Park Associates L.P.,2228,SANTA CLARA,"MP Preservation, Inc.",14582,2003-12-11,Unavl,2026-08-22
MP Runnymede Associates L.P.,2229,SAN MATEO,"MP Preservation, Inc.",14582,2003-12-11,Unavl,2026-08-22
MP Tice Oak Associates L.P.,2230,CONTRA COSTA,"MP Preservation, Inc.",14582,2003-12-11,Unavl,2026-08-22
Riverwood Grove Associates L.P.,2231,SANTA CLARA,"MP Santa Clara, Inc.",14786,2003-12-11,Unavl,2026-08-22
Riverwood Place Associates L.P.,2232,SANTA CLARA,"MP Santa Clara, Inc.",14786,2003-12-11,Unavl,2026-08-22
St. Matthew Associates L.P.,2233,SAN MATEO,"MP St. Matthew, Inc.",8523,2003-12-11,Unavl,2026-08-22
"Norwood Housing Associates, L.P.",2234,SACRAMENTO,"Mutual Housing Corporation, Inc.",8555,2003-12-11,Unavl,2026-08-22
MP Central Park Associates L.P.,2235,SANTA CLARA,"MV Central Park Apartments, Inc.",8556,2003-12-11,Unavl,2026-08-22
Nairobi Housing Associates L.P.,2237,SAN MATEO,"Nairobi Housing, Inc.",15637,2003-12-11,Unavl,2026-08-22
Napa Senior Apartment L.P.,2238,NAPA,Napa Valley Community Housing,8590,2003-12-11,Unavl,2026-08-22
Costa Mesa Village Ltd. L.P.,2239,ORANGE,National Council on Alcoholism and Drug Dependence - Orange County,8653,2003-12-11,Unavl,2026-08-22
Casitas-80 L.P.,2240,KERN,Cesar Chavez Foundation,8665,2012-03-28,11-12,2026-08-22
"Neary Lagoon Partners, L.P.",2243,SANTA CRUZ,"Neary Lagoon, Inc.",8731,2003-12-11,Unavl,2026-08-22
Los Altos Apartments L.P.,2254,LOS ANGELES,Neighborhood Effort,8744,2003-12-11,Unavl,2026-08-22
Plaza de Leon Apartments L.P.,2255,LOS ANGELES,Neighborhood Effort,8744,2003-12-11,Unavl,2026-08-22
Garnet Housing Associates L.P.,2257,ORANGE,"Neighborhood Housing Services of Orange County, Inc.",8753,2003-12-11,Unavl,2026-08-22
Walnut Housing Associates L.P.,2258,ORANGE,"Neighborhood Housing Services of Orange County, Inc.",8753,2003-12-11,Unavl,2026-08-22
379 Loma L.P.,2260,LOS ANGELES,New Economics for Women,8812,2003-12-11,Unavl,2026-08-22
Columbia Avenue Partners L.P.,2261,LOS ANGELES,New Economics for Women,8812,2003-12-11,Unavl,2026-08-22
Mariposa Housing Partners L.P.,2262,LOS ANGELES,New Economics for Women,8812,2003-12-11,Unavl,2026-08-22
Tres Palmas Partners L.P.,2263,LOS ANGELES,New Economics for Women,8812,2003-12-11,Unavl,2026-08-22
Norbo Hotel Partners L.P.,2265,LOS ANGELES,Norbo Hotel Development Corporation,8928,2003-12-11,Unavl,2026-08-22
NNPHI Senior Housing L.P.,2266,LOS ANGELES,"Normandie Non-Profit Housing, Inc.",8937,2003-12-11,Unavl,2026-08-22
Brentwood Green Valley Associates L.P.,2269,CONTRA COSTA,Northern California Housing Corporation,9049,2003-12-11,Unavl,2026-08-22
Northpoint Housing Associates L.P.,2270,SONOMA,"Northpoint Housing, Inc.",9078,2003-12-11,Unavl,2026-08-22
Northpoint II Housing Associates L.P.,2271,SONOMA,"Northpoint Housing, Inc.",9078,2003-12-11,Unavl,2026-08-22
Norwood Avenue Housing Partnership L.P.,2272,SACRAMENTO,Norwood Avenue Housing Corporation,9099,2003-12-11,Unavl,2026-08-22
Nueva Sierra Vista Associates L.P.,2273,TULARE,Nueva Sierra Vista Corporation,9115,2003-12-11,Unavl,2026-08-22
Oceano Apartments Associates L.P.,2275,SAN LUIS OBISPO,"Oak Forest Apartments, Inc.",9133,2003-12-11,Unavl,2026-08-22
Storke Ranch Apartments L.P.,2276,SANTA BARBARA,"Oak Forest Apartments, Inc.",9133,2003-12-11,Unavl,2026-08-22
Templeton Place Limited Partnership,2277,SAN LUIS OBISPO,"Oak Forest Apartments, Inc.",9133,2023-09-05,21-22,2026-08-22
Oakdale Senior Housing L.P.,2278,STANISLAUS,Oakdale Senior Housing Corporation,9149,2003-12-11,Unavl,2026-08-22
Olive Court Housing Associates L.P.,2288,YOLO,Olive Court Corporation,9239,2003-12-11,Unavl,2026-08-22
Sojourner Truth Apartments L.P.,2289,YOLO,Olive Court Corporation,9239,2003-12-11,Unavl,2026-08-22
Fairway Manor L.P.,2302,ORANGE,Orange Housing Development Corporation,9359,2003-12-11,Unavl,2026-08-22
Knolls Community Associates L.P.,2303,SAN DIEGO,Orange Housing Development Corporation,9359,2003-12-11,Unavl,2026-08-22
Pacifica Community Associates L.P.,2306,SAN BERNARDINO,Orange Housing Development Corporation,9359,2003-12-11,Unavl,2026-08-22
P & P Home for the Elderly L.P.,2308,LOS ANGELES,"P & P Home for the Elderly, Inc.",9420,2003-12-11,Unavl,2026-08-22
Churchill Sacramento L.P.,2312,SACRAMENTO,"Pacific Housing, Inc.",14273,2003-12-11,Unavl,2026-08-22
Normandy Park L.P.,2317,SACRAMENTO,"Pacific Housing, Inc.",14273,2003-12-11,Unavl,2026-08-22
Preservation Hotel California L.P.,2319,FRESNO,"Pacific Housing, Inc.",14273,2003-12-11,Unavl,2026-08-22
BFA L.P.,2323,IMPERIAL,Pacific Southwest Community Development Corporation,9498,2003-12-11,Unavl,2026-08-22
CFA L.P.,2324,IMPERIAL,Pacific Southwest Community Development Corporation,9498,2003-12-11,Unavl,2026-08-22
CIC Villas II L.P.,2325,SAN DIEGO,Pacific Southwest Community Development Corporation,9498,2003-12-11,Unavl,2026-08-22
H.S.A. L.P.,2327,ORANGE,Pacific Southwest Community Development Corporation,9498,2003-12-11,Unavl,2026-08-22
VDLF L.P.,2328,IMPERIAL,Pacific Southwest Community Development Corporation,9498,2003-12-11,Unavl,2026-08-22
VLA L.P.,2329,IMPERIAL,Pacific Southwest Community Development Corporation,9498,2003-12-11,Unavl,2026-08-22
Alma Place Associates L.P.,2333,SANTA CLARA,"PAHC Alma Place, Inc.",9523,2003-12-11,Unavl,2026-08-22
Sheridan Apartments Affordable Housing L.P.,2335,SANTA CLARA,"PAHC Sheridan Apartments, Inc.",9526,2003-12-11,Unavl,2026-08-22
California Park Apartments L.P.,2339,SANTA CLARA,PAHC Properties Corporation,9556,2003-12-11,Unavl,2026-08-22
Park Parthenia L.P.,2340,LOS ANGELES,Park Parthenia Ltd.,9621,2003-12-11,Unavl,2026-08-22
Park Parthenia L.P.,2341,LOS ANGELES,Park Parthenia Ltd.,9621,2003-12-11,Unavl,2026-08-22
Park Parthenia L.P.,2342,LOS ANGELES,Park Parthenia Ltd.,9621,2003-12-11,Unavl,2026-08-22
Schoolhouse Court Housing Associates L.P.,2343,NAPA,"Pecan Schoolhouse, Inc.",9709,2003-12-11,Unavl,2026-08-22
Pecan Court Associates L.P.,2344,NAPA,"Pecan Schoolhouse, Inc.",9709,2003-12-11,Unavl,2026-08-22
Las Brisas Apartments L.P.,2354,LOS ANGELES,Pico-Union Housing Corporation,9824,2003-12-11,Unavl,2026-08-22
Lusia Apartments L.P.,2355,LOS ANGELES,Pico-Union Housing Corporation,9824,2003-12-11,Unavl,2026-08-22
Orchard River Associates L.P.,2356,MENDOCINO,Pine Gardens I Inc.,16044,2003-12-11,Unavl,2026-08-22
Orchard River Associates L.P.,2357,MENDOCINO,Pine Gardens I Inc.,16044,2003-12-11,Unavl,2026-08-22
Orchard River Associates L.P.,2358,MENDOCINO,Pine Gardens I Inc.,16044,2003-12-11,Unavl,2026-08-22
Helzer Associates L.P.,2359,SANTA CLARA,"Pinmore HDC, Inc.",9849,2003-12-11,Unavl,2026-08-22
Good Samaritan Associates L.P.,2364,SAN FRANCISCO,"Potrero Avenue Housing, Inc.",9988,2003-12-11,Unavl,2026-08-22
Colonial Village Auburn L.P.,2367,PLACER,"Project Go, Inc.",10107,2003-12-11,Unavl,2026-08-22
Colonial Village Roseville L.P.,2370,PLACER,"Project Go, Inc.",10107,2003-12-11,Unavl,2026-08-22
Maidu Properties L.P.,2371,PLACER,"Project Go, Inc.",10107,2003-12-11,Unavl,2026-08-22
Maidu Village Phase II L.P.,2372,PLACER,"Project Go, Inc.",10107,2003-12-11,Unavl,2026-08-22
Whispering Waters Senior Apts L.P.,2376,RIVERSIDE,Public Housing Corporation,10162,2003-12-11,Unavl,2026-08-22
Diamond Springs Investment Group L.P.,2378,EL DORADO,Quality Housing Development Corporation,10191,2003-12-11,Unavl,2026-08-22
Gilroy Park Apartments L.P.,2379,SANTA CLARA,Quality Housing Development Corporation,10191,2003-12-11,Unavl,2026-08-22
"Kelseyville Investment Group, L.P.",2380,LAKE,Quality Housing Development Corporation,10191,2003-12-11,Unavl,2026-08-22
Park Apple Valley Apartments Ltd. L.P.,2381,SAN BERNARDINO,Quality Housing Development Corporation,10191,2003-12-11,Unavl,2026-08-22
Pittsburg Park Apartments L.P.,2382,CONTRA COSTA,Quality Housing Development Corporation,10191,2003-12-11,Unavl,2026-08-22
Corcoran Investment Group L.P.,2384,KINGS,Quality Housing Development Corporation,10191,2003-12-11,Unavl,2026-08-22
Kingsburg Investment Group L.P.,2386,FRESNO,Quality Housing Development Corporation,10191,2003-12-11,Unavl,2026-08-22
Quan Ying Associates L.P.,2389,SAN JOAQUIN,Quan Ying Foundation,10192,2003-12-11,Unavl,2026-08-22
Redwood Court Property L.P.,2391,HUMBOLDT,Redwood Court Property Corporation,10386,2003-12-11,Unavl,2026-08-22
Drachma Housing L.P.,2395,ALAMEDA,Resources for Community Development,10466,2003-12-11,Unavl,2026-08-22
Drachma Housing L.P.,2396,ALAMEDA,Resources for Community Development,10466,2003-12-11,Unavl,2026-08-22
Drachma Housing L.P.,2397,ALAMEDA,Resources for Community Development,10466,2003-12-11,Unavl,2026-08-22
Seminary Havenscourt L.P.,2398,ALAMEDA,Resources for Community Development,10466,2003-12-11,Unavl,2026-08-22
Drachma Housing L.P.,2399,ALAMEDA,Resources for Community Development,10466,2003-12-11,Unavl,2026-08-22
Drachma Housing L.P.,2400,ALAMEDA,Resources for Community Development,10466,2003-12-11,Unavl,2026-08-22
Adeline Street Apartments L.P.,2401,ALAMEDA,Resources for Community Development,10466,2003-12-11,Unavl,2026-08-22
Albany Creekside Apartments L.P.,2402,ALAMEDA,Resources for Community Development,10466,2003-12-11,Unavl,2026-08-22
Drachma Housing L.P.,2403,ALAMEDA,Resources for Community Development,10466,2003-12-11,Unavl,2026-08-22
Drachma Housing L.P.,2404,ALAMEDA,Resources for Community Development,10466,2003-12-11,Unavl,2026-08-22
Drachma Housing L.P.,2405,ALAMEDA,Resources for Community Development,10466,2003-12-11,Unavl,2026-08-22
Alejandro Rivera Sr. Citizens Apts. L.P.,2409,IMPERIAL,Rivera Senior Citizen Center Action Committee,10527,2003-12-11,Unavl,2026-08-22
Colgan Avenue Senior Apartments L.P.,2410,SONOMA,Riverside Charitable Corporation,10533,2003-12-11,Unavl,2026-08-22
Dunne-Butterfield Apartments L.P.,2411,SANTA CLARA,Riverside Charitable Corporation,10533,2003-12-11,Unavl,2026-08-22
La Quinta Family Apartments L.P.,2412,RIVERSIDE,Riverside Charitable Corporation,10533,2003-12-11,Unavl,2026-08-22
Madison Hazel Apartments L.P.,2413,SACRAMENTO,Riverside Charitable Corporation,10533,2003-12-11,Unavl,2026-08-22
No. Natomas Apartments II L.P.,2414,SACRAMENTO,Riverside Charitable Corporation,10533,2003-12-11,Unavl,2026-08-22
No. Natomas Apartments L.P.,2415,SACRAMENTO,Riverside Charitable Corporation,10533,2003-12-11,Unavl,2026-08-22
Vintage Grove Senior Apartments L.P.,2416,LOS ANGELES,Riverside Charitable Corporation,10533,2003-12-11,Unavl,2026-08-22
Vintage Brook Senior Apartments L.P.,2418,CONTRA COSTA,Riverside Charitable Corporation,10533,2003-12-11,Unavl,2026-08-22
Vintage Creek Senior Apartments L.P.,2419,ORANGE,Riverside Charitable Corporation,10533,2003-12-11,Unavl,2026-08-22
Badillo Street Senior Apartments L.P.,2421,LOS ANGELES,Riverside Charitable Corporation,10533,2003-12-11,Unavl,2026-08-22
Fullerton-Magnolia Senior Apartments L.P.,2423,RIVERSIDE,Riverside Charitable Corporation,10533,2003-12-11,Unavl,2026-08-22
Le Family Apartments L.P.,2424,RIVERSIDE,Riverside Charitable Corporation,10533,2003-12-11,Unavl,2026-08-22
San Clemente Senior Apartments L.P.,2425,ORANGE,Riverside Charitable Corporation,10533,2003-12-11,Unavl,2026-08-22
Vineyard Crossing Apartments L.P.,2429,LOS ANGELES,Riverside Charitable Corporation,10533,2003-12-11,Unavl,2026-08-22
Vintage Court Senior Apartments L.P.,2430,ALAMEDA,Riverside Charitable Corporation,10533,2003-12-11,Unavl,2026-08-22
Quiet Knolls Senior Apartments L.P.,2431,SACRAMENTO,Riverside Charitable Corporation,10533,2003-12-11,Unavl,2026-08-22
Vintage Gold Senior Apartments L.P.,2432,SONOMA,Riverside Charitable Corporation,10533,2003-12-11,Unavl,2026-08-22
Oceanside Family Apartments L.P.,2433,SAN DIEGO,Riverside Charitable Corporation,10533,2003-12-11,Unavl,2026-08-22
Bruceville/Laguna Apartments L.P.,2434,SACRAMENTO,Riverside Charitable Corporation,10533,2003-12-11,Unavl,2026-08-22
Landon Lane Apartments L.P.,2436,SACRAMENTO,Riverside Charitable Corporation,10533,2003-12-11,Unavl,2026-08-22
Hotel de Riviera Associates L.P.,2437,SANTA BARBARA,"Riviera Hotel, Inc.",10554,2003-12-11,Unavl,2026-08-22
Rotary Valley Associates L.P.,2440,MARIN,"Rotary Valley, Inc.",10645,2003-12-11,Unavl,2026-08-22
Klamath Associates L.P.,2454,SANTA CLARA,S.P.G. Housing Inc.,10696,2003-12-11,Unavl,2026-08-22
Toussaint Teen Center L.P.,2455,SAN DIEGO,"S.V.D.P. Management, Inc.",10699,2003-12-11,Unavl,2026-08-22
Villa Harvey Mandel L.P.,2456,SAN DIEGO,"S.V.D.P. Management, Inc.",10699,2003-12-11,Unavl,2026-08-22
Village Place Apartments L.P.,2457,SAN DIEGO,"S.V.D.P. Management, Inc.",10699,2003-12-11,Unavl,2026-08-22
Quinn Cottages L.P.,2458,SACRAMENTO,"Sacramento Cottage Housing, Inc.",10718,2003-12-11,Unavl,2026-08-22
11th Avenue Townhomes Associates L.P.,2466,SAN DIEGO,"San Diego County SER/Jobs for Progress, Inc.",10918,2003-12-11,Unavl,2026-08-22
4445 Third Street Associates L.P.,2468,SAN FRANCISCO,San Francisco Housing Development Corporation,11057,2003-12-11,Unavl,2026-08-22
Ocean Beach Associates L.P.,2469,SAN FRANCISCO,San Francisco Housing Development Corporation,11057,2003-12-11,Unavl,2026-08-22
Brizzolara St. Assoc. L.P.,2470,SAN LUIS OBISPO,San Luis Obispo Nonprofit Housing Corporation,11181,2003-12-11,Unavl,2026-08-22
Terra Cotta Housing Associates L.P.,2474,SAN DIEGO,"San Marcos Family Housing, Inc.",11185,2003-12-11,Unavl,2026-08-22
"Sangnok Partners, L.P.",2476,LOS ANGELES,Sangnok Housing Corporation,11216,2003-12-11,Unavl,2026-08-22
Cypress Meadows L.P.,2479,VENTURA,Santa Barbara Community Housing Corporation,11226,2003-12-11,Unavl,2026-08-22
Horizon Homes Associates L.P.,2481,SANTA BARBARA,Santa Barbara Community Housing Corporation,11226,2003-12-11,Unavl,2026-08-22
1116 De La Vina Associates L.P.,2484,SANTA BARBARA,Santa Barbara Housing Assistance Corporation,11239,2003-12-11,Unavl,2026-08-22
Schoolhouse Lane Apartments L.P.,2492,SAN LUIS OBISPO,"Schoolhouse Lane Apartments, Inc.",11388,2003-12-11,Unavl,2026-08-22
1747 Normandie Partners L.P.,2493,LOS ANGELES,Search to Involve Pilipino Americans,11415,2003-12-11,Unavl,2026-08-22
Clovis Seniors Ltd. L.P.,2499,FRESNO,"Silvercrest, Inc.",11739,2003-12-11,Unavl,2026-08-22
Ward Hotel L.P.,2500,LOS ANGELES,Single Room Occupancy Housing Corporation,11749,2003-12-11,Unavl,2026-08-22
Courtland Hotel L.P.,2501,LOS ANGELES,Single Room Occupancy Housing Corporation,11749,2003-12-11,Unavl,2026-08-22
"Eugene Hotel, L.P.",2503,LOS ANGELES,Single Room Occupancy Housing Corporation,11749,2003-12-11,Unavl,2026-08-22
Leonide Apartments L.P.,2504,LOS ANGELES,Single Room Occupancy Housing Corporation,11749,2003-12-11,Unavl,2026-08-22
Regal Hotel L.P.,2506,LOS ANGELES,Single Room Occupancy Housing Corporation,11749,2003-12-11,Unavl,2026-08-22
Rivers Hotel L.P.,2507,LOS ANGELES,Single Room Occupancy Housing Corporation,11749,2003-12-11,Unavl,2026-08-22
Southern Hotel L.P.,2508,LOS ANGELES,Single Room Occupancy Housing Corporation,11749,2003-12-11,Unavl,2026-08-22
Wall Street Palmer House L.P.,2509,LOS ANGELES,Single Room Occupancy Housing Corporation,11749,2003-12-11,Unavl,2026-08-22
South Beach Family Associates L.P.,2510,SAN FRANCISCO,"Site K, Inc.",11800,2003-12-11,Unavl,2026-08-22
Benito Juarez Apartments L.P.,2543,LOS ANGELES,Social Services and Affordable Housing Corporation,11845,2003-12-11,Unavl,2026-08-22
LA Crescent Gardens L.P.,2554,LOS ANGELES,Social Services and Affordable Housing Corporation,11845,2003-12-11,Unavl,2026-08-22
LA Indian Oaks L.P.,2555,VENTURA,Social Services and Affordable Housing Corporation,11845,2003-12-11,Unavl,2026-08-22
La Loma Associates L.P.,2556,SACRAMENTO,Social Services and Affordable Housing Corporation,11845,2003-12-11,Unavl,2026-08-22
LA Malibu Canyon L.P.,2557,LOS ANGELES,Social Services and Affordable Housing Corporation,11845,2003-12-11,Unavl,2026-08-22
Lincoln Mariners Associates Ltd. L.P.,2559,SAN DIEGO,Social Services and Affordable Housing Corporation,11845,2003-12-11,Unavl,2026-08-22
Mayer Beverly Park L.P.,2562,LOS ANGELES,Social Services and Affordable Housing Corporation,11845,2003-12-11,Unavl,2026-08-22
Rose-Flores Apartments L.P.,2570,LOS ANGELES,Social Services and Affordable Housing Corporation,11845,2003-12-11,Unavl,2026-08-22
LA Creekside L.P.,2573,VENTURA,Social Services and Affordable Housing Corporation,11845,2003-12-11,Unavl,2026-08-22
Las Jicamas Apartments L.P.,2586,MONTEREY,Soledad Local Development Corporation,11888,2003-12-11,Unavl,2026-08-22
Riverfield Homes L.P.,2589,SONOMA,"Sonoma County Affordable Homes, Inc.",11904,2003-12-11,Unavl,2026-08-22
Sonoma Creekside L.P.,2590,SONOMA,"Sonoma County Affordable Homes, Inc.",11904,2003-12-11,Unavl,2026-08-22
"William Byron Rumford, Sr. Plaza Associates, L.P.",2595,ALAMEDA,South Berkeley Community Housing Development Corporation,11965,2012-03-12,12-13,2026-08-22
1028 Howard Streeet Associates L.P.,2597,SAN FRANCISCO,South of Market Mercy Housing,11997,2003-12-11,Unavl,2026-08-22
1101 Howard Street Associates L.P.,2598,SAN FRANCISCO,South of Market Mercy Housing,11997,2003-12-11,Unavl,2026-08-22
16th & Church Street Associates L.P.,2600,SAN FRANCISCO,South of Market Mercy Housing,11997,2003-12-11,Unavl,2026-08-22
Mercy Housing California VI L.P.,2603,SAN FRANCISCO,South of Market Mercy Housing,11997,2003-12-11,Unavl,2026-08-22
West 28th Street L.P.,2604,LOS ANGELES,South of Market Mercy Housing,11997,2003-12-11,Unavl,2026-08-22
West 28th Street L.P.,2605,LOS ANGELES,South of Market Mercy Housing,11997,2003-12-11,Unavl,2026-08-22
West 28th Street L.P.,2606,LOS ANGELES,South of Market Mercy Housing,11997,2003-12-11,Unavl,2026-08-22
Corona De Oro Apartments L.P.,2610,RIVERSIDE,"Southern California Housing Development Corporation of Orange, The",12047,2003-12-11,Unavl,2026-08-22
Corona De Oro Apartments L.P.,2611,RIVERSIDE,"Southern California Housing Development Corporation of Orange, The",12047,2003-12-11,Unavl,2026-08-22
Santee Apartments L.P.,2615,SAN DIEGO,"Southern California Housing Development Corporation of Orange, The",12047,2003-12-11,Unavl,2026-08-22
Santee Apartments L.P.,2616,SAN DIEGO,"Southern California Housing Development Corporation of Orange, The",12047,2003-12-11,Unavl,2026-08-22
Santee Apartments L.P.,2617,SAN DIEGO,"Southern California Housing Development Corporation of Orange, The",12047,2003-12-11,Unavl,2026-08-22
Santee Apartments L.P.,2618,SAN DIEGO,"Southern California Housing Development Corporation of Orange, The",12047,2003-12-11,Unavl,2026-08-22
Santee Apartments L.P.,2619,SAN DIEGO,"Southern California Housing Development Corporation of Orange, The",12047,2003-12-11,Unavl,2026-08-22
Malvern Housing Partners L.P.,2622,SAN BERNARDINO,Southern California Housing Development Corporation of Riverside,15043,2003-12-11,Unavl,2026-08-22
Rialto Housing Partners L.P.,2623,SAN BERNARDINO,Southern California Housing Development Corporation of the Inland Empire,14301,2003-12-11,Unavl,2026-08-22
Village Drive Ltd. L.P.,2625,SAN BERNARDINO,Southern California Housing Services,12048,2003-12-11,Unavl,2026-08-22
Park Land Senior Apt. Investors L.P.,2630,SONOMA,"Stony Point Apartments, Inc.",12435,2003-12-11,Unavl,2026-08-22
Stony Point Apartment Investors L.P.,2631,SONOMA,"Stony Point Apartments, Inc.",12435,2003-12-11,Unavl,2026-08-22
West Oaks Apartments L.P.,2632,SONOMA,"Stony Point Apartments, Inc.",12435,2003-12-11,Unavl,2026-08-22
Strobridge Housing Associates L.P.,2633,ALAMEDA,"Strobridge Housing, Inc.",12450,2003-12-11,Unavl,2026-08-22
Zinfandel Senior Apartments L.P.,2634,SONOMA,Suburban Alternatives Land Trust,15965,2003-12-11,Unavl,2026-08-22
Swans Market Partnership L.P.,2636,ALAMEDA,"Swans Market, Inc.",12562,2003-12-11,Unavl,2026-08-22
Coachella Housing Investors L.P.,2639,RIVERSIDE,"TELACU Homes, Inc.",12632,2003-12-11,Unavl,2026-08-22
Manila Terrace Ltd. L.P.,2644,LOS ANGELES,Temple-Westlake Neighborhood Development Corporation,12685,2003-12-11,Unavl,2026-08-22
Halifax Partners L.P.,2649,LOS ANGELES,Thai Community Development Center,12711,2003-12-11,Unavl,2026-08-22
Tuscany Associates L.P.,2660,YOLO,TVHA Corporation,12984,2003-12-11,Unavl,2026-08-22
Tuscany Associates L.P.,2661,YOLO,TVHA Corporation,12984,2003-12-11,Unavl,2026-08-22
12525 Washington Place L.P.,2677,LOS ANGELES,Venice Community Housing Corporation,13384,2003-12-11,Unavl,2026-08-22
Fourth Avenue L.P.,2678,LOS ANGELES,Venice Community Housing Corporation,13384,2003-12-11,Unavl,2026-08-22
Visitacion Valley Family Housing Assoc. L.P.,2683,SAN FRANCISCO,Visitacion Valley Affordable Housing,13541,2003-12-11,Unavl,2026-08-22
Canyon Rim L.P.,2685,SAN DIEGO,Wakeland Housing and Development Corporation,13638,2003-12-11,Unavl,2026-08-22
Fairfield Turnleaf L.P.,2687,SANTA CLARA,Wakeland Housing and Development Corporation,13638,2003-12-11,Unavl,2026-08-22
The Stratton L.P.,2689,SAN DIEGO,Wakeland Housing and Development Corporation,13638,2003-12-11,Unavl,2026-08-22
Trinity Escondido 1 L.P.,2690,SAN DIEGO,Wakeland Housing and Development Corporation,13638,2003-12-11,Unavl,2026-08-22
Trinity Escondido 1 L.P.,2691,SAN DIEGO,Wakeland Housing and Development Corporation,13638,2003-12-11,Unavl,2026-08-22
Walden Glen L.P.,2693,ORANGE,Wakeland Housing and Development Corporation,13638,2003-12-11,Unavl,2026-08-22
Westchester Park L.P.,2694,ORANGE,Wakeland Housing and Development Corporation,13638,2003-12-11,Unavl,2026-08-22
Westgate Courtyards L.P.,2695,SANTA BARBARA,Wakeland Housing and Development Corporation,13638,2003-12-11,Unavl,2026-08-22
Walnut-Pixley L.P.,2698,ORANGE,"Walnut-Pixley, Inc.",13658,2003-12-11,Unavl,2026-08-22
Walnut-Pixley L.P.,2699,ORANGE,"Walnut-Pixley, Inc.",13658,2003-12-11,Unavl,2026-08-22
Ward Housing L.P.,2700,LOS ANGELES,Ward Economic Development Corporation,13665,2003-12-11,Unavl,2026-08-22
Park Lane Apartments L.P.,2702,LOS ANGELES,West Angeles Community Development Corporation,15692,2003-12-11,Unavl,2026-08-22
Detroit Lexington Ltd. L.P.,2704,LOS ANGELES,West Hollywood Community Housing Corporation,13779,2003-12-11,Unavl,2026-08-22
Detroit Senior L.P.,2705,LOS ANGELES,West Hollywood Community Housing Corporation,13779,2003-12-11,Unavl,2026-08-22
Fountain Avenue L.P.,2706,LOS ANGELES,West Hollywood Community Housing Corporation,13779,2003-12-11,Unavl,2026-08-22
Glen Grove L.P.,2707,LOS ANGELES,West Hollywood Community Housing Corporation,13779,2003-12-11,Unavl,2026-08-22
Harper Avenue Partners L.P.,2708,LOS ANGELES,West Hollywood Community Housing Corporation,13779,2003-12-11,Unavl,2026-08-22
Laurel Norton L.P.,2710,LOS ANGELES,West Hollywood Community Housing Corporation,13779,2003-12-11,Unavl,2026-08-22
Oakland Point L.P.,2712,ALAMEDA,West Oakland Neighborhood Housing Corporation,13788,2003-12-11,Unavl,2026-08-22
Oakland Point L.P.,2713,ALAMEDA,West Oakland Neighborhood Housing Corporation,13788,2003-12-11,Unavl,2026-08-22
Oakland Point L.P.,2714,ALAMEDA,West Oakland Neighborhood Housing Corporation,13788,2003-12-11,Unavl,2026-08-22
Oakland Point L.P.,2715,ALAMEDA,West Oakland Neighborhood Housing Corporation,13788,2003-12-11,Unavl,2026-08-22
Oakland Point L.P.,2716,ALAMEDA,West Oakland Neighborhood Housing Corporation,13788,2003-12-11,Unavl,2026-08-22
Oakland Point L.P.,2717,ALAMEDA,West Oakland Neighborhood Housing Corporation,13788,2003-12-11,Unavl,2026-08-22
Oakland Point L.P.,2718,ALAMEDA,West Oakland Neighborhood Housing Corporation,13788,2003-12-11,Unavl,2026-08-22
Oakland Point L.P.,2719,ALAMEDA,West Oakland Neighborhood Housing Corporation,13788,2003-12-11,Unavl,2026-08-22
Washington Courtyard L.P.,2720,YOLO,West Sacramento Housing Development Corporation,13791,2003-12-11,Unavl,2026-08-22
West Valley Hart L.P.,2723,LOS ANGELES,West Valley Community Development Corporation,13801,2003-12-11,Unavl,2026-08-22
Rosebloom Associates L.P.,2725,YOLO,"WG&RP, Inc.",13888,2003-12-11,Unavl,2026-08-22
Hotel Woodland L.P.,2730,YOLO,WOHA Corporation,13972,2003-12-11,Unavl,2026-08-22
"Willowshade Associates, A California Limited Partnership",2731,YOLO,WOHA Corporation,13972,2022-11-02,22-23,2026-08-22
"Willowshade Associates, A California Limited Partnership",2732,YOLO,WOHA Corporation,13972,2022-11-02,22-23,2026-08-22
Highland Village Partners L.P.,2734,LOS ANGELES,"Women Organizing Resources, Knowledge and Services",13987,2003-12-11,Unavl,2026-08-22
Park Williams Partners L.P.,2735,LOS ANGELES,"Women Organizing Resources, Knowledge and Services",13987,2003-12-11,Unavl,2026-08-22
Roberts Avenue Senior Housing L.P.,2803,SANTA CLARA,Roberts Avenue Inc.,17003,2004-03-03,04-05,2026-08-22
Silverado Creek Partners L.P.,2804,NAPA,Silverado Creek Housing Inc.,17004,2004-03-03,04-05,2026-08-22
"KDF City Towers, L.P.",2805,ALAMEDA,"Affordable Housing Access, Inc.",14663,2004-03-04,03-04,2026-08-22
Northside Senior Housing Associates L.P.,2807,SANTA CLARA,Northside Senior Housing Inc.,17002,2004-03-03,04-05,2026-08-22
SANRAF Associates L.P.,2808,MARIN,"Danville Senior Housing, Inc.",17000,2004-03-03,04-05,2026-08-22
Copper Creek 4% Housing Associates L.P.,2814,SAN DIEGO,Bridge Housing Corporation - Southern California,1567,2004-03-04,03-04,2026-08-22
Copper Creek 9% Housing Associates L.P.,2815,SAN DIEGO,Bridge Housing Corporation - Southern California,1567,2004-08-31,03-04,2026-08-22
White Dove Canyon Housing Associates L.P.,2816,SAN DIEGO,Bridge Housing Corporation - Southern California,1567,2004-08-31,03-04,2026-08-22
Mandela Gateway Associates L.P.,2817,ALAMEDA,"Bridge Housing Ventures, Inc.",10490,2004-03-04,04-05,2026-08-22
Bridge Grayson Creek Associates L.P.,2818,CONTRA COSTA,"Church Street Housing, Inc.",15638,2004-03-04,04-05,2026-08-22
Amcal Portofino Villas Fund L.P.,2821,LOS ANGELES,"Foundation for Affordable Housing II, Inc.",14278,2004-03-04,04-05,2026-08-22
Cambridge Heights L.P.,2822,ORANGE,"Foundation for Affordable Housing II, Inc.",14278,2004-03-04,03-04,2026-08-22
"Oaks of Almaden, The, L.P.",2824,SANTA CLARA,"Foundation for Affordable Housing II, Inc.",14278,2004-03-04,04-05,2026-08-22
Banning Family Housing Partners L.P.,2830,RIVERSIDE,"Foundation for Affordable Housing V, Inc.",15733,2004-03-05,04-05,2026-08-22
Bayanihan Partners L.P.,2832,SAN FRANCISCO,"GP/TODCO-A, Inc.",14762,2004-03-05,03-04,2026-08-22
Montebello Senior Housing L.P.,2834,LOS ANGELES,Las Palmas Foundation,14526,2004-03-05,03-04,2026-08-22
Mercy Housing California XVII L.P.,2835,SAN FRANCISCO,Mercy Housing West,13507,2004-03-05,04-05,2026-08-22
Mercy Housing California XVIII L.P.,2836,SAN FRANCISCO,Mercy Housing West,13507,2004-03-05,04-05,2026-08-22
Mercy Housing California XX L.P.,2837,SAN FRANCISCO,Mercy Housing West,13507,2004-03-05,04-05,2026-08-22
Mercy Housing California XXIV L.P.,2838,SAN FRANCISCO,Mercy Housing West,13507,2004-03-05,04-05,2026-08-22
Canal Housing Associates L.P.,2839,MARIN,"Northpoint Housing, Inc.",9078,2004-03-05,04-05,2026-08-22
Urban Pacific Partners II L.P.,2840,ORANGE,Orange Housing Development Corporation,9359,2004-03-05,04-05,2026-08-22
Cambay West Apartments L.P.,2843,SACRAMENTO,Riverside Charitable Corporation,10533,2004-03-05,04-05,2026-08-22
Terracina Park Meadows L.P.,2844,SACRAMENTO,Riverside Charitable Corporation,10533,2004-03-05,04-05,2026-08-22
Vintage Willow L.P.,2845,SACRAMENTO,Riverside Charitable Corporation,10533,2004-03-05,04-05,2026-08-22
Bush Street Senior Apartments L.P.,2846,SAN DIEGO,Riverside Charitable Corporation,10533,2004-03-05,04-05,2026-08-22
Paseo Simi Senior Apartments L.P.,2847,VENTURA,Riverside Charitable Corporation,10533,2004-03-05,04-05,2026-08-22
Vintage Crest Senior Apartments L.P.,2848,VENTURA,Riverside Charitable Corporation,10533,2004-03-05,04-05,2026-08-22
Villa Savannah Housing Investors L.P.,2855,SANTA CLARA,"Western Community Housing, Inc.",15708,2004-03-18,04-05,2026-08-22
57 Washington Square Apartments L.P.,2869,MADERA,"Western Community Housing, Inc.",15708,2004-03-18,04-05,2026-08-22
Juniper Street Associates L.P.,2875,SAN LUIS OBISPO,Oceanside Gardens Inc.,9208,2004-03-12,03-04,2026-08-22
Avenida Terrace L.P.,2877,LOS ANGELES,"Los Angeles Housing Partnership, Inc.",7568,2004-03-09,00-01,2026-08-22
Sequoia Affordable Housing L.P.,2878,SAN LUIS OBISPO,Oceanside Gardens Inc.,9208,2004-03-10,03-04,2026-08-22
Belridge Street Associates L.P.,2879,SAN LUIS OBISPO,"Oak Forest Apartments, Inc.",9133,2004-03-10,03-04,2026-08-22
Park Plaza West Senior Partners L.P.,2881,LOS ANGELES,"Western Community Housing, Inc.",15708,2004-03-18,01-02,2026-08-22
"160 Euclid Partners, L.P.",2882,LOS ANGELES,Union Station Homeless Services,13054,2004-03-17,01-02,2026-08-22
Community Arms L.P.,2884,LOS ANGELES,Community Bible Community Development Corporation,9088,2004-03-18,03-04,2026-08-22
"160 Euclid Partners, L.P.",2886,LOS ANGELES,Pacific Housing Alliance Corporation,9657,2004-03-17,02-03,2026-08-22
Mercy Housing California XXII L.P.,2888,SAN FRANCISCO,Mercy Housing West,13507,2003-12-31,03-04,2026-08-22
Mercy Housing California XXV L.P.,2891,ORANGE,Mercy Housing West,13507,2004-03-23,04-05,2026-08-22
Sutter Gough L.P.,2892,SAN FRANCISCO,Las Palmas Foundation,14526,2003-12-15,03-04,2026-08-22
River Heights L.P.,2893,Riverside,"Golden Empire Affordable Housing, Inc.",5529,2015-05-22,05-06,2026-08-22
"Villa Campo Senior Villas, L.P.",2899,LOS ANGELES,"TELACU Affordable Housing II, Inc.",16448,2007-11-30,07-08,2026-08-22
Mercy Housing California XV L.P.,2900,SANTA CRUZ,Mercy Housing West,13507,2004-04-19,03-04,2026-08-22
San Felipe Homes L.P.,2901,LOS ANGELES,"Mercy Properties, Inc.",8105,2004-04-14,03-04,2026-08-22
Tamerisk Associates Ltd. L.P.,2902,IMPERIAL,Indio Housing Development Corporation,6452,2004-04-14,03-04,2026-08-22
Cottonwood Creek Associates Ltd. L.P.,2904,IMPERIAL,Indio Housing Development Corporation,6452,2004-04-14,02-03,2026-08-22
575 Vallejo Street Associates L.P.,2905,SONOMA,"575 Vallejo Street, Inc.",31,2004-05-10,03-04,2026-08-22
Los Adobes De Maria II L.P.,2906,SANTA BARBARA,People's Self-Help Housing Corporation,9772,2004-05-04,03-04,2026-08-22
"Lucretia Avenue Partners, L.P.",2907,SANTA CLARA,"Affordable Housing Access, Inc.",14663,2004-05-24,03-04,2026-08-22
"Story Plaza Apartments, L.P.",2915,SANTA CLARA,"Midtown Homes, Inc.",8216,2004-04-19,03-04,2026-08-22
Imperial Highway Apartments L.P.,2916,LOS ANGELES,Deep Green Housing and Community Development,1285,2012-11-30,12-13,2026-08-22
Long Beach Savannah Housing L.P.,2920,LOS ANGELES,"Century Villages at Cabrillo, Inc.",17185,2004-06-29,04-05,2026-08-22
"Cordova Meadows, L.P.",2922,SACRAMENTO,Community Revitalization and Development Corporation,11591,2004-05-24,04-05,2026-08-22
"Fallen Leaves Apartments, L.P.",2929,SANTA CLARA,"Foundation for Affordable Housing V, Inc.",15733,2004-04-22,03-04,2026-08-22
"Agave Associates, L.P.",2930,SACRAMENTO,Hearthstone Housing Foundation,5954,2004-05-24,04-05,2026-08-22
"Bush Garden Investors, L.P.",2932,ALAMEDA,Hearthstone Housing Foundation,5954,2004-05-24,04-05,2026-08-22
Oregon Investors VIII L.P.,2935,NEVADA,Cascade Housing Association,2185,2004-05-24,04-05,2026-08-22
Meda Cypress Ridge L.P.,2940,SONOMA,Burbank Housing Development Corporation,1632,2004-05-24,04-05,2026-08-22
"Wilford Lane Village, L.P.",2941,SONOMA,Burbank Housing Development Corporation,1632,2004-05-24,04-05,2026-08-22
Oak Street Housing L.P.,2942,ALAMEDA,Satellite Affordable Housing Associates,177,2004-05-25,04-05,2026-08-22
Branham Lane Apartment Associates L.P.,2943,SANTA CLARA,"Affordable Housing Access, Inc.",14663,2004-05-24,03-04,2026-08-22
HS San Jose L.P.,2945,SANTA CLARA,Caritas Housing,16362,2004-05-10,04-05,2026-08-22
Northgate Grand View L.P.,2946,ALAMEDA,Resources for Community Development,10466,2004-04-06,03-04,2026-08-22
"Valencia Gardens Housing, L.P.",2947,SAN FRANCISCO,Mission Housing Development Corporation,8282,2004-05-26,04-05,2026-08-22
"Apollo Development Associates, a California Limited Partnership",2948,SAN FRANCISCO,"Apollo Housing, Inc.",14645,2024-05-31,24-25,2026-08-22
"Heacock Cottonwood II, L.P.",2953,RIVERSIDE,Housing Corporation of America,6275,2004-06-15,04-05,2026-08-22
Stanley Avenue Affordable Housing L.P.,2954,ALAMEDA,Resources for Community Development,10466,2004-05-20,02-03,2026-08-22
"Solano Vista II Housing Investors, L.P.",2956,SOLANO,Las Palmas Foundation,14526,2004-06-17,04-05,2026-08-22
Grisham Community Housing L.P.,2957,LOS ANGELES,Abode Communities,7541,2009-08-10,09-10,2026-08-22
Lakeside Apartments L.P.,2983,CONTRA COSTA,Resources for Community Development,10466,2004-06-09,03-04,2026-08-22
Diamond Terrace Apartments L.P.,2984,EL DORADO,Quality Housing Development Corporation,10191,2004-06-09,04-05,2026-08-22
Bella Monte Apartments L.P.,2985,ALAMEDA,Resources for Community Development,10466,2004-06-10,04-05,2026-08-22
"Sun Garden Plaza Associates, L.P.",2987,SACRAMENTO,"Affordable Housing Access, Inc.",14663,2004-06-15,04-05,2026-08-22
"Ukiah Summercreek Associates, L.P.",2989,MENDOCINO,Central Valley Coalition for Affordable Housing,2419,2004-06-17,04-05,2026-08-22
"Citrus Arms Apartments, L.P.",2991,SAN BERNARDINO,"Haven for Affordable Housing, Inc.",5899,2004-06-03,01-02,2026-08-22
Redondo Associates Ltd. L.P.,2992,IMPERIAL,Indio Housing Development Corporation,6452,2004-06-15,03-04,2026-08-22
Fresno Family Housing Partners L.P.,2994,FRESNO,Las Palmas Foundation,14526,2004-06-21,03-04,2026-08-22
"NHPAHP Villa Paloma, L.P.",2997,ORANGE,Central Valley Coalition for Affordable Housing,2419,2005-03-08,05-06,2026-08-22
"Harvard Place Apartments, L.P.",3002,VENTURA,Partners in Housing,17081,2004-06-23,04-05,2026-08-22
"Tyrol Plaza, L.P.",3003,ORANGE,"Anaheim Supportive Housing, Inc.",17274,2013-03-29,13-14,2026-08-22
"Asbury Apartments, L.P.",3005,LOS ANGELES,"Los Angeles Housing Partnership, Inc.",7568,2004-06-28,04-05,2026-08-22
"Catholic Charities 9th & F Street Apartments, L.P.",3006,SAN DIEGO,"Catholic Charities, Diocese of San Diego",2226,2007-10-05,07-08,2026-08-22
"Alegria Partners, L.P.",3007,LOS ANGELES,Esperanza Community Housing Corporation,4318,2008-05-13,02-03,2026-08-22
"MG Stonewood Garden Apartments, L.P.",3008,SAN DIEGO,"Pacific Housing, Inc.",14273,2004-06-29,04-05,2026-08-22
"Arbor Park Community, L.P.",3010,SANTA CLARA,"MP Santa Clara, Inc.",14786,2004-06-29,04-05,2026-08-22
"Brentwood Arbor Ridge, L.P.",3011,CONTRA COSTA,Central Valley Coalition for Affordable Housing,2419,2004-06-30,04-05,2026-08-22
"Witmer/Columbia Place, L.P.",3012,LOS ANGELES,Central Valley Coalition for Affordable Housing,2419,2004-06-30,04-05,2026-08-22
"Dinuba Parkside Village, L.P.",3013,TULARE,Central Valley Coalition for Affordable Housing,2419,2004-06-30,04-05,2026-08-22
"Los Banos Heritage Village, L.P.",3014,MERCED,Central Valley Coalition for Affordable Housing,2419,2004-06-30,04-05,2026-08-22
"Heavenly Vision Senior Housing, L.P.",3015,LOS ANGELES,Heavenly Vision Economic Development Corporation,14607,2004-08-05,01-02,2026-08-22
"Turina Associates, L.P.",3017,MARIN,"Palm Court Senior Homes, Inc.",9539,2004-08-04,04-05,2026-08-22
"Cameron Park Green Valley, L.P.",3018,EL DORADO,Central Valley Coalition for Affordable Housing,2419,2004-08-04,04-05,2026-08-22
"Clovis Coventry Place, L.P.",3019,FRESNO,Central Valley Coalition for Affordable Housing,2419,2004-08-04,03-04,2026-08-22
"Montebello Senior Villas, L.P.",3021,LOS ANGELES,"TELACU Affordable Housing II, Inc.",16448,2004-08-04,04-05,2026-08-22
"AMCAL Casa Figueroa Fund, L.P.",3024,LOS ANGELES,"Foundation for Affordable Housing V, Inc.",15733,2004-08-04,04-05,2026-08-22
"Westminster Housing Partners, L.P.",3030,ORANGE,"Affordable Housing Access, Inc.",14663,2004-08-04,03-04,2026-08-22
"Castaic Senior Communities, L.P.",3031,LOS ANGELES,Santa Clarita Valley Committee On Aging Corporation,15051,2004-08-04,04-05,2026-08-22
"Alegria Partners, L.P.",3032,LOS ANGELES,"Salvation Army Alegria, Inc., The",15701,2008-05-29,02-03,2026-08-22
"Juniper Village, L.P.",3033,SAN DIEGO,CARE Housing Services Corporation,2069,2004-08-16,03-04,2026-08-22
"Maple Tree Village Partners, L.P.",3034,LOS ANGELES,Central Valley Coalition for Affordable Housing,2419,2004-08-12,04-05,2026-08-22
"Watsonville Vista Montana Associates, L.P.",3035,SANTA CRUZ,Central Valley Coalition for Affordable Housing,2419,2004-08-12,04-05,2026-08-22
"Market Square Manor Associates, L.P.",3036,SAN DIEGO,Senior Housing Corporation,17255,2004-08-16,01-02,2026-08-22
"Grandview Nine, L.P.",3037,LOS ANGELES,Pacific Asian Consortium in Employment,9430,2004-08-16,03-04,2026-08-22
"GB Partners, L.P.",3039,ORANGE,"Foundation for Affordable Housing VIII, Inc.",14401,2004-08-16,02-03,2026-08-22
"Ladan Investors II, L.P.",3041,SACRAMENTO,Community Revitalization and Development Corporation,11591,2004-08-17,04-05,2026-08-22
"Oak Court Apartments, L.P.",3042,SANTA CLARA,"PAHC Sheridan Apartments, Inc.",9526,2004-08-17,03-04,2026-08-22
"Curtis Johnson Apartments, L.P.",3045,LOS ANGELES,Deep Green Housing and Community Development,1285,2012-11-30,12-13,2026-08-22
"Santa Cruz Terrace, L.P.",3046,LOS ANGELES,New Economics for Women,8812,2004-08-17,04-05,2026-08-22
"Evans Lane Apartments, L.P.",3049,SANTA CLARA,"Affordable Housing Access, Inc.",14663,2004-08-17,03-04,2026-08-22
"Mercy Housing California XIII, L.P.",3050,ORANGE,Mercy Housing West,13507,2004-08-18,04-05,2026-08-22
"Mercy Housing California XVI, L.P.",3051,VENTURA,Mercy Housing West,13507,2004-08-18,04-05,2026-08-22
"Mercy Housing California XIX, L.P.",3052,LOS ANGELES,Mercy Housing West,13507,2004-08-18,04-05,2026-08-22
"Mirabile Housing, L.P.",3055,SAN DIEGO,"S.V.D.P. Management, Inc.",10699,2009-01-15,08-09,2026-08-22
"Fountainhead Partners, L.P.",3056,ORANGE,Orange Housing Development Corporation,9359,2004-08-18,04-05,2026-08-22
"Broadway Village I Apartments, L.P.",3058,LOS ANGELES,Deep Green Housing and Community Development,1285,2012-11-30,12-13,2026-08-22
"Almaden Family Housing Partners, L.P.",3059,SANTA CLARA,Las Palmas Foundation,14526,2004-08-19,04-05,2026-08-22
"Riverside Housing Partners, L.P.",3060,RIVERSIDE,Southern California Housing Development Corporation of the Inland Empire,14301,2004-08-19,04-05,2026-08-22
"Victorville Housing Partners, L.P.",3061,SAN BERNARDINO,Southern California Housing Development Corporation of the Inland Empire,14301,2004-08-19,04-05,2026-08-22
"Bell Housing Partners, L.P.",3063,LOS ANGELES,"Southern California Housing Development Corporation of Los Angeles, The",17346,2004-08-31,04-05,2026-08-22
"Santa Fe Springs Housing Partners, L.P.",3064,LOS ANGELES,"Southern California Housing Development Corporation of Los Angeles, The",17346,2004-08-31,04-05,2026-08-22
"Havenhurst Limited Partnership, L.P.",3066,LOS ANGELES,West Hollywood Community Housing Corporation,13779,2004-08-31,03-04,2026-08-22
"7632 21st Street, L.P.",3067,ORANGE,Corporation for Better Housing,3474,2004-09-07,03-04,2026-08-22
"Lemon Hill Housing Associates, L.P.",3069,SACRAMENTO,Evergreen Mutual Housing Association,14388,2004-09-07,04-05,2026-08-22
Riviera-San Rafael Associates L.P.,3070,MARIN,"Palm Court Senior Homes, Inc.",9539,2004-09-07,04-05,2026-08-22
"SR Fountains, L.P.",3071,SANTA CLARA,"SR Senior Housing, Inc.",12136,2004-09-07,04-05,2026-08-22
"St. Anton Building, L.P.",3072,SACRAMENTO,"Pacific Housing, Inc.",14273,2004-09-07,04-05,2026-08-22
"Tierra Encantada, L.P.",3075,SANTA CLARA,"Community Housing Developers, Inc.",3193,2004-09-07,04-05,2026-08-22
Auburn Palm Terrace L.P.,3076,PLACER,Central Valley Coalition for Affordable Housing,2419,2004-02-02,01-02,2026-08-22
"Anaheim Revitalization II Partners, L.P.",3077,ORANGE,"Southern California Housing Development Corporation of Los Angeles, The",17346,2004-09-13,04-05,2026-08-22
"RSF Village Partners, L.P.",3078,SAN DIEGO,Assisted Living Foundation of America,16471,2004-09-13,04-05,2026-08-22
"Fortuna Meadows Associates, L.P.",3079,HUMBOLDT,Central Valley Coalition for Affordable Housing,2419,2004-09-13,04-05,2026-08-22
"Winter Creek, L.P.",3080,SONOMA,Burbank Housing Development Corporation,1632,2004-09-13,03-04,2026-08-22
"Carillo Place, L.P.",3081,SONOMA,Burbank Housing Development Corporation,1632,2004-09-13,03-04,2026-08-22
"UNA Associates, L.P.",3082,ALAMEDA,Satellite Affordable Housing Associates,177,2004-09-13,04-05,2026-08-22
"Walnut Grove Partners, L.P.",3083,LAKE,CARE Housing Services Corporation,2069,2004-09-14,04-05,2026-08-22
"Kailani Village Ltd., L.P.",3084,SANTA BARBARA,Santa Barbara Housing Assistance Corporation,11239,2004-09-14,03-04,2026-08-22
"Kailani Village II, L.P.",3085,SANTA BARBARA,Santa Barbara Housing Assistance Corporation,11239,2004-09-14,03-04,2026-08-22
"Fontana Housing Partners, L.P.",3086,SAN BERNARDINO,"Southern California Housing Development Corporation of Orange, The",12047,2004-09-16,04-05,2026-08-22
"Fontana II Housing Partners, L.P.",3087,SAN BERNARDINO,"Southern California Housing Development Corporation of Orange, The",12047,2004-09-16,04-05,2026-08-22
"Fontana III Housing Partners, L.P.",3088,SAN BERNARDINO,"Southern California Housing Development Corporation of Orange, The",12047,2004-09-16,04-05,2026-08-22
"MP Italian Gardens Associates, L.P.",3090,SANTA CLARA,"MP Santa Clara, Inc.",14786,2004-09-22,04-05,2026-08-22
"Fairfield Trestles, L.P.",3091,SANTA CLARA,Wakeland Housing and Development Corporation,13638,2004-09-22,04-05,2026-08-22
"Oregon Investors VII, L.P.",3094,NEVADA,Cascade Housing Association,2185,2004-09-29,04-05,2026-08-22
Las Brisas Community Housing L.P.,3096,LOS ANGELES,Abode Communities,7541,2009-08-10,09-10,2026-08-22
"San Pedro Firm Building, L.P.",3098,LOS ANGELES,LTSC Community Development Corporation,7654,2006-10-10,02-03,2026-08-22
"22 P St., L.P.",3099,KERN,Corporation for Better Housing,3474,2004-10-21,04-05,2026-08-22
"13600 E. Parlier Ave., L.P.",3100,FRESNO,Corporation for Better Housing,3474,2004-10-21,03-04,2026-08-22
"6720 Eleventh Avenue Partners, L.P.",3102,LOS ANGELES,Ausar Economic Development Corporation,3499,2004-10-27,04-05,2026-08-22
"Hyde Park Place, L.P.",3103,LOS ANGELES,Ausar Economic Development Corporation,3499,2004-10-27,04-05,2026-08-22
"Brynview Terrace, L.P.",3104,LOS ANGELES,Ausar Economic Development Corporation,3499,2004-10-27,04-05,2026-08-22
"Watson Terrace, L.P.",3105,LOS ANGELES,Ausar Economic Development Corporation,3499,2004-10-27,04-05,2026-08-22
"Corridor Projects, L.P.",3122,LOS ANGELES,Ausar Economic Development Corporation,3499,2004-10-27,04-05,2026-08-22
"Corridor Projects, L.P.",3123,LOS ANGELES,Ausar Economic Development Corporation,3499,2004-10-27,04-05,2026-08-22
"Corridor Projects, L.P.",3124,LOS ANGELES,Ausar Economic Development Corporation,3499,2004-10-27,04-05,2026-08-22
"YMHA Tremont Green Associates, L.P.",3126,YOLO,Yolo Mutual Housing Association,3709,2004-11-23,04-05,2026-08-22
"Willow Tree Village Partners, L.P.",3129,LOS ANGELES,"Neighborhood Partners, Inc.",8745,2004-11-24,99-00,2026-08-22
"FF Hills, L.P.",3130,CONTRA COSTA,Wakeland Housing and Development Corporation,13638,2004-11-24,04-05,2026-08-22
"Redway Humboldt Associates, L.P.",3131,HUMBOLDT,Central Valley Coalition for Affordable Housing,2419,2004-11-24,04-05,2026-08-22
Griffith Apartments L.P.,3135,LOS ANGELES,Ausar Economic Development Corporation,3499,2004-11-24,04-05,2026-08-22
"Adams West Associates Ltd., L.P.",3137,LOS ANGELES,Ausar Economic Development Corporation,3499,2004-11-24,04-05,2026-08-22
"Chelsey Court Associates, L.P.",3138,LOS ANGELES,Ausar Economic Development Corporation,3499,2004-11-24,04-05,2026-08-22
"Ken-Tal Senior Partners, L.P.",3140,SAN DIEGO,"Southern California Housing Development Corporation of Orange, The",12047,2004-11-24,04-05,2026-08-22
"Decro Long Beach, L.P.",3143,LOS ANGELES,Canopy Communities Corporation,3733,2021-10-27,20-21,2026-08-22
"Decro Long Beach, L.P.",3144,LOS ANGELES,Canopy Communities Corporation,3733,2021-10-27,20-21,2026-08-22
"Decro Long Beach, L.P.",3145,LOS ANGELES,Canopy Communities Corporation,3733,2021-10-27,20-21,2026-08-22
"Decro Long Beach, L.P.",3146,LOS ANGELES,Canopy Communities Corporation,3733,2021-10-04,20-21,2026-08-22
"Decro Long Beach, L.P.",3147,LOS ANGELES,Canopy Communities Corporation,3733,2021-10-04,20-21,2026-08-22
"Decro Long Beach, L.P.",3148,LOS ANGELES,Canopy Communities Corporation,3733,2021-10-27,20-21,2026-08-22
"Decro Long Beach, L.P.",3149,LOS ANGELES,Canopy Communities Corporation,3733,2021-10-27,20-21,2026-08-22
"Decro Long Beach, L.P.",3150,LOS ANGELES,Canopy Communities Corporation,3733,2021-11-01,20-21,2026-08-22
"Decro Long Beach, L.P.",3151,LOS ANGELES,Canopy Communities Corporation,3733,2021-10-27,20-21,2026-08-22
"Decro Long Beach, L.P.",3152,LOS ANGELES,Canopy Communities Corporation,3733,2021-10-27,20-21,2026-08-22
"Decro Long Beach, L.P.",3153,LOS ANGELES,Canopy Communities Corporation,3733,2021-10-27,20-21,2026-08-22
"Decro Long Beach, L.P.",3154,LOS ANGELES,Canopy Communities Corporation,3733,2021-10-27,20-21,2026-08-22
"Carlson Boulevard, L.P.",3155,CONTRA COSTA,Community Housing Development Corporation of North Richmond,3194,2004-11-30,04-05,2026-08-22
"1710 Moorpark Ave., L.P.",3156,SANTA CLARA,Corporation for Better Housing,3474,2004-12-01,04-05,2026-08-22
"1400 Hood St., L.P.",3157,KERN,Corporation for Better Housing,3474,2004-12-01,04-05,2026-08-22
"28500 Pujol St., L.P.",3158,RIVERSIDE,Corporation for Better Housing,3474,2004-12-01,04-05,2026-08-22
9920 Flora Vista L.P.,3159,LOS ANGELES,Corporation for Better Housing,3474,2005-12-27,03-04,2026-08-22
"Murphy Ranch II, L.P.",3160,SANTA CLARA,First Community Housing,4864,2004-12-01,02-03,2026-08-22
"Fairfield Bristol, L.P.",3161,CONTRA COSTA,Wakeland Housing and Development Corporation,13638,2004-12-01,04-05,2026-08-22
"Fairfield Creekview, L.P.",3162,CONTRA COSTA,Wakeland Housing and Development Corporation,13638,2004-12-01,03-04,2026-08-22
"EAH-Gateway Santa Clara, L.P.",3165,SANTA CLARA,"Midtown Homes, Inc.",8216,2004-12-06,04-05,2026-08-22
"Mammoth Lakes Family Associates, L.P.",3166,MONO,Central Valley Coalition for Affordable Housing,2419,2004-12-02,04-05,2026-08-22
"Salvation Army San Francisco Silvercrest, L.P.",3167,SAN FRANCISCO,"Salvation Army San Francisco Silvercrest, Inc., The",17715,2004-12-09,03-04,2026-08-22
"Brawley Gardens, L.P.",3171,IMPERIAL,Pacific Southwest Community Development Corporation,9498,2004-12-01,04-05,2026-08-22
"MP Mission Associates, L.P.",3173,ALAMEDA,"Mid-Peninsula Coastside, Inc.",8170,2004-12-14,04-05,2026-08-22
"Beyer Boulevard Apartments, L.P.",3174,SAN DIEGO,Wakeland Housing and Development Corporation,13638,2004-12-14,04-05,2026-08-22
"Lillian Place, L.P.",3175,SAN DIEGO,Wakeland Housing and Development Corporation,13638,2004-12-14,04-05,2026-08-22
"Olen Jones Senior Apartment Community, L.P.",3176,SAN BERNARDINO,Northtown Housing Development Corporation,9084,2004-12-14,04-05,2026-08-22
"Yreka Family Housing Partners, L.P.",3178,SISKIYOU,Las Palmas Foundation,14526,2004-12-20,04-05,2026-08-22
"El Mirage, L.P.",3180,KERN,"Wasco Affordable Housing, Inc.",17755,2004-12-20,02-03,2026-08-22
"Meta Street Associates, L.P.",3181,VENTURA,Cabrillo Economic Development Corporation,1675,2004-12-20,04-05,2026-08-22
"Alamo & Fairbanks Associates, L.P.",3182,VENTURA,Cabrillo Economic Development Corporation,1675,2004-12-20,04-05,2026-08-22
Adams Senior Gardens L.P.,3184,LOS ANGELES,Fame Housing Corporation,4472,2004-12-31,01-02,2026-08-22
"Eugene Thomas Manor, L.P.",3185,LOS ANGELES,Fame Housing Corporation,4472,2004-12-31,01-02,2026-08-22
"Fame West 25th Street, L.P.",3186,LOS ANGELES,Fame Housing Corporation,4472,2004-12-31,04-05,2026-08-22
"Fairfield Wyndover, L.P.",3187,MARIN,Wakeland Housing and Development Corporation,13638,2004-12-31,04-05,2026-08-22
"Laguna Senior Apartments, L.P.",3190,SACRAMENTO,Riverside Charitable Corporation,10533,2005-01-13,05-06,2026-08-22
"Villas Housing Associates, L.P.",3191,RIVERSIDE,"Mecca Housing, Inc.",7999,2005-01-13,03-04,2026-08-22
"Metro Villas Housing Partners, L.P.",3192,SAN DIEGO,City Heights Community Development Corporation,2908,2005-01-13,04-05,2026-08-22
"Brownstone Hotel, L.P.",3193,LOS ANGELES,Single Room Occupancy Housing Corporation,11749,2005-01-13,04-05,2026-08-22
"Casa Carondelet, L.P.",3194,LOS ANGELES,Deep Green Housing and Community Development,1285,2012-12-21,12-13,2026-08-22
"Victor Clothing Apartments, L.P.",3196,LOS ANGELES,Neighborhood Effort,8744,2005-01-13,02-03,2026-08-22
"Barbizon Hotel-Apartments, L.P.",3197,LOS ANGELES,Neighborhood Effort,8744,2005-01-13,00-01,2026-08-22
"Empress Apartments, L.P.",3198,LOS ANGELES,Neighborhood Effort,8744,2005-01-13,01-02,2026-08-22
"CIC Calavera, L.P.",3201,SAN DIEGO,Pacific Southwest Community Development Corporation,9498,2005-01-24,03-04,2026-08-22
"Santaluz Family Apartments, L.P.",3202,SAN DIEGO,Pacific Southwest Community Development Corporation,9498,2005-01-24,03-04,2026-08-22
"CIC Eastlake, L.P.",3203,SAN DIEGO,Pacific Southwest Community Development Corporation,9498,2005-01-24,03-04,2026-08-22
"148 Date Ave., L.P.",3204,TULARE,Corporation for Better Housing,3474,2005-01-24,04-05,2026-08-22
"Plaza East Associates, L.P.",3208,SAN FRANCISCO,Plaza East Housing Corporation,18026,2005-02-28,00-01,2026-08-22
"Vallejo Family Housing Partners, L.P.",3209,SOLANO,Las Palmas Foundation,14526,2005-03-09,05-06,2026-08-22
"Pico Gramercy, L.P.",3210,LOS ANGELES,Pacific Asian Consortium in Employment,9430,2005-03-09,04-05,2026-08-22
"Suisun City / Breezewood, L.P.",3216,SOLANO,"Foundation for Affordable Housing V, Inc.",15733,2005-03-09,05-06,2026-08-22
"Hacienda de Feliz, L.P.",3221,VENTURA,"Many Mansions, A California Nonprofit Corporation",7784,2005-03-09,04-05,2026-08-22
"La Primavera Apartments, L.P.",3222,LOS ANGELES,A Community of Friends,3218,2005-03-09,04-05,2026-08-22
"Ingram Preservation, L.P.",3223,LOS ANGELES,"Women Organizing Resources, Knowledge and Services",13987,2005-03-11,05-06,2026-08-22
"Ingram Preservation, L.P.",3224,LOS ANGELES,"Women Organizing Resources, Knowledge and Services",13987,2005-03-11,05-06,2026-08-22
"Ingram Preservation, L.P.",3225,LOS ANGELES,"Women Organizing Resources, Knowledge and Services",13987,2005-03-11,05-06,2026-08-22
"Ingram Preservation, L.P.",3226,LOS ANGELES,"Women Organizing Resources, Knowledge and Services",13987,2005-03-11,05-06,2026-08-22
"Ingram Preservation, L.P.",3227,LOS ANGELES,"Women Organizing Resources, Knowledge and Services",13987,2005-03-11,05-06,2026-08-22
"Ingram Preservation, L.P.",3228,LOS ANGELES,"Women Organizing Resources, Knowledge and Services",13987,2005-03-11,05-06,2026-08-22
"Ingram Preservation, L.P.",3229,LOS ANGELES,"Women Organizing Resources, Knowledge and Services",13987,2005-03-11,05-06,2026-08-22
"Court Street Apartments, L.P.",3230,LOS ANGELES,"Women Organizing Resources, Knowledge and Services",13987,2005-03-11,04-05,2026-08-22
"WFA , L.P.",3231,IMPERIAL,Pacific Southwest Community Development Corporation,9498,2005-03-11,04-05,2026-08-22
"Western Riverside Housing Associates, L.P.",3233,RIVERSIDE,Miles Avenue Housing Inc.,8225,2005-03-14,04-05,2026-08-22
"Fillmore Marketplace, L.P.",3234,SAN FRANCISCO,San Francisco Housing Development Corporation,11057,2005-03-11,00-01,2026-08-22
"Sonora Greenwood Village, L.P.",3235,TUOLUMNE,Central Valley Coalition for Affordable Housing,2419,2005-03-11,05-06,2026-08-22
"Holtville Gardens, L.P.",3236,IMPERIAL,Pacific Southwest Community Development Corporation,9498,2005-03-11,04-05,2026-08-22
"IGA, L.P.",3237,IMPERIAL,Pacific Southwest Community Development Corporation,9498,2005-03-11,04-05,2026-08-22
"CIC Countryside , L P.",3238,IMPERIAL,Pacific Southwest Community Development Corporation,9498,2005-03-11,04-05,2026-08-22
"Serena Sunbow, L.P.",3239,SAN DIEGO,Pacific Southwest Community Development Corporation,9498,2005-03-11,00-01,2026-08-22
"Longacres at Seabreeze Farms Dr., L.P.",3241,SAN DIEGO,Pacific Southwest Community Development Corporation,9498,2005-03-11,00-01,2026-08-22
"THA, L.P.",3242,SAN DIEGO,Pacific Southwest Community Development Corporation,9498,2005-03-11,02-03,2026-08-22
"CIC PHR, L.P.",3243,SAN DIEGO,Pacific Southwest Community Development Corporation,9498,2005-03-11,02-03,2026-08-22
"CIC Villas, L.P.",3244,SAN DIEGO,Pacific Southwest Community Development Corporation,9498,2005-03-11,02-03,2026-08-22
"Heber Family, L.P.",3246,IMPERIAL,Pacific Southwest Community Development Corporation,9498,2005-03-11,05-06,2026-08-22
"New Homestead Associates, L.P.",3254,SANTA CLARA,"Mid-Peninsula Coastside, Inc.",8170,2005-04-11,05-06,2026-08-22
"BESA, L.P.",3258,IMPERIAL,Pacific Southwest Community Development Corporation,9498,2005-04-13,05-06,2026-08-22
"1140 Cottonwood Road, L.P.",3260,KERN,Corporation for Better Housing,3474,2005-04-14,05-06,2026-08-22
"1130 Cottonwood Road, L.P.",3261,KERN,Corporation for Better Housing,3474,2005-04-14,05-06,2026-08-22
"Courtland-Arroyo Grande, L.P.",3264,SAN LUIS OBISPO,"Foundation for Affordable Housing II, Inc.",14278,2005-04-18,05-06,2026-08-22
"Ross Gardens, L.P.",3266,FRESNO,Cesar Chavez Foundation,8665,2012-03-28,11-12,2026-08-22
"Maidu Phase III, L.P.",3267,PLACER,"Project Go, Inc.",10107,2005-04-18,05-06,2026-08-22
"Oregon Investor IV, L.P.",3268,AMADOR,Cascade Housing Association,2185,2005-04-18,05-06,2026-08-22
"Schipper Street Investors, L.P.",3269,KERN,Community Revitalization and Development Corporation,11591,2005-04-18,05-06,2026-08-22
"Tides Seniors Apartments, L.P.",3270,LOS ANGELES,"Los Angeles Housing Partnership, Inc.",7568,2005-04-18,03-04,2026-08-22
"Mansi Town Homes, L.P.",3271,LOS ANGELES,Central Valley Coalition for Affordable Housing,2419,2005-04-19,05-06,2026-08-22
"Farmersville Park Creek Associates, L.P.",3273,TULARE,Central Valley Coalition for Affordable Housing,2419,2005-04-19,05-06,2026-08-22
"San Fernando Senior Housing, L.P.",3279,LOS ANGELES,Brookmore Apartment Corporation,1592,2005-04-27,05-06,2026-08-22
"Danstrull, L.P.",3281,LOS ANGELES,Housing Corporation of America,6275,2005-04-28,05-06,2026-08-22
"Urban Renual, L.P.",3282,LOS ANGELES,Housing Corporation of America,6275,2005-04-28,03-04,2026-08-22
"Divine Senior Apartments Assoc., L.P.",3283,SONOMA,Housing Corporation of America,6275,2005-04-28,06-07,2026-08-22
"Northland Village Associates, L.P.",3284,SACRAMENTO,Housing Corporation of America,6275,2005-04-28,06-07,2026-08-22
AMCAL Las Brisas Fund L.P.,3290,LOS ANGELES,Las Palmas Foundation,14526,2005-05-01,05-06,2026-08-22
"Newport Housing Partners, L.P.",3291,ORANGE,Las Palmas Foundation,14526,2005-05-01,05-06,2026-08-22
"MP Tyrella Associates, L.P.",3293,SANTA CLARA,"MP Preservation, Inc.",14582,2005-05-03,04-05,2026-08-22
"Carmel Street Associates, L.P.",3294,SAN LUIS OBISPO,San Luis Obispo Nonprofit Housing Corporation,11181,2005-05-03,04-05,2026-08-22
"Pico New Hampshire United Methodist Housing, L.P.",3297,LOS ANGELES,1010 Development Corporation,16010,2005-05-04,05-06,2026-08-22
"Rancho Niguel Partners, L.P.",3302,ORANGE,Riverside Charitable Corporation,10533,2010-03-17,10-11,2026-08-22
"PG Housing Partners, L.P.",3303,LOS ANGELES,"Century Affordable Development, Inc.",18179,2005-05-05,05-06,2026-08-22
Eden Victoria L.P.,3306,CONTRA COSTA,"Eden Investments, Inc.",4102,2005-05-06,05-06,2026-08-22
8920 Orion Multihousing L.P.,3308,LOS ANGELES,"Neighborhood Partners, Inc.",8745,2004-05-06,99-00,2026-08-22
"Paz Villas Partners, L.P.",3309,LOS ANGELES,"Neighborhood Partners, Inc.",8745,2004-05-06,00-01,2026-08-22
"Market Street Townhomes, L.P.",3312,MONTEREY,"Community Housing Improvement Systems and Planning Association, Inc.",3196,2005-05-09,05-06,2026-08-22
Canyon Creek Townhomes L.P.,3313,MONTEREY,"Community Housing Improvement Systems and Planning Association, Inc.",3196,2005-05-09,05-06,2026-08-22
"Los Abuelitos, L.P.",3314,MONTEREY,"Community Housing Improvement Systems and Planning Association, Inc.",3196,2005-05-09,05-06,2026-08-22
"1100 Cottonwood Rd., L.P.",3315,KERN,Corporation for Better Housing,3474,2005-05-09,05-06,2026-08-22
"1775 Poplar Ave., L.P.",3316,KERN,Corporation for Better Housing,3474,2005-05-09,05-06,2026-08-22
"13500 Tuolumne St., L.P.",3317,FRESNO,Corporation for Better Housing,3474,2005-05-09,05-06,2026-08-22
"West Hotel, L.P.",3318,SAN FRANCISCO,"Turk Street, Inc.",17937,2005-05-17,04-05,2026-08-22
"Ellis Street Associates, L.P.",3319,SAN FRANCISCO,"Ellis Street, Inc.",17920,2005-05-17,03-04,2026-08-22
"Central City Apartments, L.P.",3320,LOS ANGELES,Greater Bethany Economic Development Corporation,17889,2013-12-17,13-14,2026-08-22
"M. L. Shepard Manor, L.P.",3322,LOS ANGELES,Greater Bethany Economic Development Corporation,17889,2005-05-23,03-04,2026-08-22
"Springs Valley, L.P.",3323,SONOMA,Burbank Housing Development Corporation,1632,2005-05-26,05-06,2026-08-22
"Timothy Commons, L.P.",3324,SONOMA,Burbank Housing Development Corporation,1632,2005-05-26,05-06,2026-08-22
"421 Turk Street Associates, L.P.",3326,SAN FRANCISCO,"Asian, Inc.",816,2005-06-01,04-05,2026-08-22
"MP Transit Center Associates, L.P.",3327,SANTA CRUZ,"Mid-Peninsula The Farm, Inc.",8198,2005-06-01,05-06,2026-08-22
"Ashlee Manor Apartments, L.P.",3329,VENTURA,Las Palmas Housing and Development Corporation,17925,2005-06-01,05-06,2026-08-22
"California Avenue Senior Housing, L.P.",3330,KERN,Greater Bethany Economic Development Corporation,17889,2005-06-02,04-05,2026-08-22
"Palmer House, L.P.",3333,LOS ANGELES,Palmer Avenue Retirement Corporation,17812,2005-06-03,04-05,2026-08-22
"Atascadero Senior Housing, L.P.",3334,SAN LUIS OBISPO,San Luis Obispo Nonprofit Housing Corporation,11181,2005-06-03,05-06,2026-08-22
"Johnson DRT Associates, L.P.",3335,SAN LUIS OBISPO,San Luis Obispo Nonprofit Housing Corporation,11181,2005-06-03,04-05,2026-08-22
"Mercy Housing California XXI, L.P.",3337,EL DORADO,Mercy Housing West,13507,2005-06-07,03-04,2026-08-22
"EADS Apartments, L.P.",3339,LOS ANGELES,New Economics for Women,8812,2005-06-07,03-04,2026-08-22
"New Tierra Del Sol, L.P.",3340,LOS ANGELES,New Economics for Women,8812,2005-06-07,04-05,2026-08-22
"South Gate Senior Villas, L.P.",3341,LOS ANGELES,"TELACU Affordable Housing II, Inc.",16448,2005-06-07,04-05,2026-08-22
"HSV Investors, L.P.",3349,KINGS,Community Revitalization and Development Corporation,11591,2005-06-08,05-06,2026-08-22
"Bella Castello Family Apartments, L.P.",3351,SANTA CLARA,"Foundation for Affordable Housing V, Inc.",15733,2005-06-08,05-06,2026-08-22
"Chynoweth Housing Associates, L.P.",3352,SANTA CLARA,"Chynoweth Housing, Inc.",18177,2005-06-08,05-06,2026-08-22
"SPM Housing Associates, L.P.",3353,SAN JOAQUIN,SPM Affordable Housing Corporation,18142,2005-06-08,05-06,2026-08-22
"Swift Real Estate Partners, L.P.",3354,SAN DIEGO,Hearthstone Housing Foundation,5954,2005-06-08,05-06,2026-08-22
"VPM Westchester, L.P.",3356,ORANGE,"Affordable Housing Access, Inc.",14663,2005-06-08,05-06,2026-08-22
"Curran House, L.P.",3357,SAN FRANCISCO,"Ellis Street, Inc.",17920,2005-06-08,04-05,2026-08-22
Canyon Country Communities L.P.,3358,LOS ANGELES,Santa Clarita Valley Committee On Aging Corporation,15051,2005-06-08,04-05,2026-08-22
"HSV Investors, L.P.",3359,KINGS,Community Revitalization and Development Corporation,11591,2005-06-08,05-06,2026-08-22
"Oceanside Gardens, L.P.",3361,SAN LUIS OBISPO,"C-Court, Inc.",1664,2005-06-09,00-01,2026-08-22
"E. P. Investors, L.P.",3363,FRESNO,"Better Opportunities Builders, Inc.",6273,2006-09-15,06-07,2026-08-22
"Fresno Canyon Springs, L.P.",3364,FRESNO,"Better Opportunities Builders, Inc.",6273,2006-09-15,06-07,2026-08-22
"Sanger Seniors, L.P.",3365,FRESNO,"Better Opportunities Builders, Inc.",6273,2006-09-15,06-07,2026-08-22
"Northwood Housing Associates, L.P.",3366,ORANGE,Bridge Housing Corporation - Southern California,1567,2005-06-23,05-06,2026-08-22
"Sunset Villa Associates, L.P.",3367,KERN,"Wasco Affordable Housing, Inc.",17755,2005-06-23,04-05,2026-08-22
"West Angeles Villas, L.P.",3368,LOS ANGELES,West Angeles Community Development Corporation,15692,2005-06-23,02-03,2026-08-22
"Chelsea Gardens Associates, L.P.",3369,SONOMA,"Northpoint Housing, Inc.",9078,2005-06-23,05-06,2026-08-22
"Chestnut Linden Associates, L.P.",3370,ALAMEDA,"Bridge Housing Ventures, Inc.",10490,2005-06-23,05-06,2026-08-22
"Laguna Canyon Housing Associates, L.P.",3372,ORANGE,Bridge Housing Corporation - Southern California,1567,2005-06-23,05-06,2026-08-22
"Villa Los Robles Partners, L.P.",3373,LOS ANGELES,"Robles & Villa, Inc.",18388,2005-06-24,05-06,2026-08-22
"Casa Colina, L.P.",3374,SAN DIEGO,Housing Development Partners of San Diego,10945,2005-06-24,05-06,2026-08-22
"Dalt Hotel, L.P.",3375,SAN FRANCISCO,"Turk Street, Inc.",17937,2005-06-24,02-03,2026-08-22
"JHC-Culver, L.P.",3377,ORANGE,Jamboree Housing Corporation,6694,2005-06-27,05-06,2026-08-22
"LINC Beechwood, L.P.",3380,LOS ANGELES,LINC Housing Corporation,7337,2005-06-30,05-06,2026-08-22
"Los Robles Senior Housing, L.P.",3381,SHASTA,LINC Housing Corporation,7337,2005-06-30,05-06,2026-08-22
"Oakwood Apartments Housing Investors, L.P.",3382,SISKIYOU,LINC Housing Corporation,7337,2005-06-30,05-06,2026-08-22
"Riverview Apartments, L.P.",3383,SAN BERNARDINO,LINC Housing Corporation,7337,2005-06-30,05-06,2026-08-22
"Sunnyside of Merced, L.P.",3384,MERCED,LINC Housing Corporation,7337,2006-07-06,04-05,2026-08-22
"L.A. Colorado Terrace, L.P.",3385,LOS ANGELES,Coalition for Better Living,2976,2005-06-30,04-05,2026-08-22
"CIC Crossings, L.P.",3386,SAN DIEGO,Pacific Southwest Community Development Corporation,9498,2005-06-30,06-07,2026-08-22
"Pisgah Village, L.P.",3387,LOS ANGELES,"Women Organizing Resources, Knowledge and Services",13987,2005-06-30,05-06,2026-08-22
"Riverside Housing Partners, L.P.",3388,RIVERSIDE,Southern California Housing Development Corporation of the Inland Empire,14301,2005-06-30,04-05,2026-08-22
"Napa Magnolia Park, L.P.",3389,NAPA,Napa Valley Community Housing,8590,2005-06-30,05-06,2026-08-22
"Bay Road Housing, L.P.",3391,SAN MATEO,"Sands Drive Housing, Inc.",18081,2005-07-21,05-06,2026-08-22
"Turlock Crane Terrace, L.P.",3392,STANISLAUS,Central Valley Coalition for Affordable Housing,2419,2005-07-21,06-07,2026-08-22
"81 Casa de Rosa Apartments, L.P.",3394,FRESNO,"Opportunity Builders, A Not-For-Profit Development Corporation",9299,2005-08-17,04-05,2026-08-22
"Village at Kings Canyon, The, L.P.",3397,FRESNO,"Opportunity Builders, A Not-For-Profit Development Corporation",9299,2005-08-17,04-05,2026-08-22
"Delta Village Housing Associates, L.P.",3399,SAN DIEGO,Community HousingWorks,15964,2005-08-17,06-07,2026-08-22
"Mendota Lozano Street Investors, L.P.",3400,FRESNO,Central Valley Coalition for Affordable Housing,2419,2005-08-17,05-06,2026-08-22
"Lutheran Gardens, L.P.",3403,LOS ANGELES,Lutheran Gardens Corp.,7690,2005-08-17,06-07,2026-08-22
"CIC Fairbanks, L.P.",3404,SAN DIEGO,Pacific Southwest Community Development Corporation,9498,2005-08-17,06-07,2026-08-22
"AHP-Parkwood, L.P.",3405,ORANGE,AOF/Pacific Affordable Housing Corp.,646,2005-08-17,05-06,2026-08-22
"Colusa Avenue Apartments, L.P.",3408,MADERA,Quality Housing Development Corporation,10191,2005-08-17,05-06,2026-08-22
"Kerman Sunset Apartments, L.P.",3409,FRESNO,Quality Housing Development Corporation,10191,2005-08-17,05-06,2026-08-22
"Lado Del Rio Apartments, L.P.",3410,SAN BENITO,Quality Housing Development Corporation,10191,2005-08-17,05-06,2026-08-22
"Tuolomne Village Apartments, L.P.",3411,FRESNO,LINC Housing Corporation,7337,2005-08-17,04-05,2026-08-22
"Miraflores, L.P.",3412,RIVERSIDE,LINC Housing Corporation,7337,2006-03-20,03-04,2026-08-22
"Oakley Cypress Associates, L.P.",3415,CONTRA COSTA,"Better Opportunities Builders, Inc.",6273,2012-12-31,06-07,2026-08-22
"Pag-asa Housing Partners, L.P.",3417,LOS ANGELES,"Federation of Filipino American Associations, Inc.",18045,2005-08-17,05-06,2026-08-22
"Lake Terrace Associates, L.P.",3418,LAKE,North Coast Energy Services Incorporated,8953,2005-08-17,04-05,2026-08-22
"Arvin II Family Housing Partners, L.P.",3420,KERN,Las Palmas Foundation,14526,2005-08-18,06-07,2026-08-22
"Arvin Family Housing Partners, L.P.",3421,KERN,Las Palmas Foundation,14526,2005-08-18,05-06,2026-08-22
"Mecca Family Housing Associates, L.P.",3422,RIVERSIDE,"Coachella Valley Housing Coalition, The",2970,2005-08-26,02-03,2026-08-22
"Pine Place Apartments, L.P.",3425,LOS ANGELES,"Foundation for Quality Housing Opportunities, Inc.",5139,2005-08-26,05-06,2026-08-22
"Caliente Creek Partners, L.P.",3427,KERN,"SHE-CEF 1, Inc.",16201,2005-09-19,05-06,2026-08-22
"Housing Alliance, L.P.",3428,ALAMEDA,Resources for Community Development,10466,2005-09-19,05-06,2026-08-22
"Laurel Garden Partners, L.P.",3429,SOLANO,Resources for Community Development,10466,2005-09-19,04-05,2026-08-22
"Ritz Hotel, L.P.",3430,SAN FRANCISCO,"Eddy Street, Inc.",17918,2005-09-19,00-01,2026-08-22
"Villa Cesar Chavez Associates, L.P.",3431,VENTURA,Cabrillo Economic Development Corporation,1675,2005-09-19,05-06,2026-08-22
"Breakers at Bayport, L.P.",3433,ALAMEDA,Resources for Community Development,10466,2006-10-26,05-06,2026-08-22
"Salvation Army Westwood Village, L.P.",3440,LOS ANGELES,"Salvation Army Westwood Village, Inc., The",18457,2005-09-26,01-02,2026-08-22
"Gateways Housing, L.P.",3441,LOS ANGELES,A Community of Friends,3218,2005-09-27,05-06,2026-08-22
Fremont Oaks Gardens Limited Partnership,3442,ALAMEDA,Deaf Senior Retirement Corporation,18585,2022-08-02,20-21,2026-08-22
"West Covina Senior Villas, L.P.",3445,LOS ANGELES,"TELACU Affordable Housing II, Inc.",16448,2005-10-14,06-07,2026-08-22
"Orland Housing Associates, L.P.",3450,GLENN,Kathy Court Housing Corporation,18396,2005-10-24,05-06,2026-08-22
Grisham Community Housing L.P.,3453,LOS ANGELES,Abode Communities,7541,2009-08-10,09-10,2026-08-22
"Casitas Del Sol Partners, L.P.",3454,MERCED,"SHE-CEF 1, Inc.",16201,2005-10-26,05-06,2026-08-22
"Cottonwood Creek Family Housing Partners, L.P.",3455,MADERA,"SHE-CEF 1, Inc.",16201,2005-10-26,05-06,2026-08-22
"Potrero Partners, L.P.",3456,LOS ANGELES,Gateway Community Housing Corporation,15808,2005-11-07,04-05,2026-08-22
"Hotel Stockton Investors, L.P.",3457,SAN JOAQUIN,Community Revitalization and Development Corporation,11591,2005-11-07,05-06,2026-08-22
"Figjam, L.P.",3458,LOS ANGELES,Housing Corporation of America,6275,2005-11-08,06-07,2026-08-22
"Renaissance Senior Housing Partners, L.P.",3464,SAN DIEGO,North Park Interfaith Housing Corporation,17678,2005-11-17,05-06,2026-08-22
YMHA Moore Village Associates,3466,YOLO,Yolo Mutual Housing Association,3709,2005-11-17,05-06,2026-08-22
"Foothill Family Housing, L.P.",3467,ALAMEDA,"Oakland Housing Initiatives, Inc.",18635,2005-11-17,06-07,2026-08-22
"Skyline Village, L.P.",3468,LOS ANGELES,Housing Corporation of America,6275,2005-12-06,05-06,2026-08-22
"Vista Hermosa, L.P.",3469,VENTURA,Cabrillo Economic Development Corporation,1675,2005-12-06,05-06,2026-08-22
"Kenmore Apartments, L.P.",3471,LOS ANGELES,Hollywood Community Housing Corporation,6112,2005-12-13,05-06,2026-08-22
"Views at 270, L.P.",3472,LOS ANGELES,Hollywood Community Housing Corporation,6112,2005-12-13,04-05,2026-08-22
"Innes Heights, L.P.",3473,LOS ANGELES,Hollywood Community Housing Corporation,6112,2005-12-13,03-04,2026-08-22
"Palomar Apartments, L.P.",3474,LOS ANGELES,Hollywood Community Housing Corporation,6112,2005-12-13,05-06,2026-08-22
"Harold Way Apartments, L.P.",3475,LOS ANGELES,Hollywood Community Housing Corporation,6112,2005-12-13,03-04,2026-08-22
"Hale-Morris-Lewis Manor, L.P.",3476,LOS ANGELES,Southern California Cogic Economic Development Corporation,18080,2006-10-05,01-02,2026-08-22
"Los Girasoles, L.P.",3482,LOS ANGELES,East LA Community Corporation,4031,2008-05-08,03-04,2026-08-22
"CDR Investors, L.P.",3483,SOLANO,Community Revitalization and Development Corporation,11591,2005-12-16,05-06,2026-08-22
"Silverado Family Apartments, L.P.",3484,SACRAMENTO,Riverside Charitable Corporation,10533,2005-12-16,06-07,2026-08-22
"Fillmore Parkview Seniors, L.P.",3485,VENTURA,Central Valley Coalition for Affordable Housing,2419,2005-12-16,06-07,2026-08-22
"622 E. Main Street, L.P.",3493,VENTURA,Corporation for Better Housing,3474,2005-12-27,06-07,2026-08-22
Jamboree West Gateway L.P.,3496,LOS ANGELES,JHC West Gateway LLC,18658,2005-01-17,05-06,2026-08-22
"UC Housing Partners, L.P.",3497,SAN DIEGO,"Southern California Housing Development Corporation of Orange, The",12047,2006-02-06,05-06,2026-08-22
"Vista Terraza Housing Partners, L.P.",3498,SAN DIEGO,"Southern California Housing Development Corporation of Orange, The",12047,2006-03-28,05-06,2026-08-22
"ML Lincoln Apartments, L.P.",3500,RIVERSIDE,Central Valley Coalition for Affordable Housing,2419,2006-02-07,06-07,2026-08-22
"Fairfield Belmont, L.P.",3501,CONTRA COSTA,Wakeland Housing and Development Corporation,13638,2006-02-07,06-07,2026-08-22
"Union Square II Fairfield, L.P.",3502,SOLANO,LINC Housing Corporation,7337,2006-02-07,05-06,2026-08-22
"Arcadia Heritage Park, L.P.",3503,LOS ANGELES,Riverside Charitable Corporation,10533,2006-02-08,06-07,2026-08-22
"Cathedral City Heritage Park, L.P.",3504,RIVERSIDE,Riverside Charitable Corporation,10533,2006-02-08,06-07,2026-08-22
"Glendale Heritage Park, L.P.",3506,LOS ANGELES,Riverside Charitable Corporation,10533,2006-02-08,06-07,2026-08-22
Hilltop Group L.P.,3507,CONTRA COSTA,Riverside Charitable Corporation,10533,2006-02-08,06-07,2026-08-22
Monrovia Heritage Park L.P.,3508,LOS ANGELES,Riverside Charitable Corporation,10533,2006-02-08,06-07,2026-08-22
Panorama Heritage Park L.P.,3509,LOS ANGELES,Riverside Charitable Corporation,10533,2006-02-08,06-07,2026-08-22
"Tustin Heritage Park, L.P.",3510,ORANGE,Riverside Charitable Corporation,10533,2006-02-08,06-07,2026-08-22
"Cutler Family Housing Partners, L.P.",3511,TULARE,Las Palmas Foundation,14526,2006-02-08,06-07,2026-08-22
"Yreka Senior Housing Partners, L.P.",3512,SISKIYOU,Las Palmas Foundation,14526,2006-02-08,06-07,2026-08-22
"Gateway I Housing Investors, L.P.",3513,SAN DIEGO,Las Palmas Foundation,14526,2006-02-08,06-07,2026-08-22
"El Paseo Housing Investors, L.P.",3517,CONTRA COSTA,Las Palmas Foundation,14526,2006-02-10,06-07,2026-08-22
CBG University Gardens L.P.,3521,LOS ANGELES,Central Valley Coalition for Affordable Housing,2419,2006-02-28,06-07,2026-08-22
Citrus Grove Senior Apartments L.P.,3522,FRESNO,LINC Housing Corporation,7337,2006-02-28,05-06,2026-08-22
"Coachella Casas III Associates, L.P.",3523,RIVERSIDE,"Coachella Casas III, Inc.",18747,2006-03-10,05-06,2026-08-22
"Corcoran Station, L.P.",3524,KINGS,Kings County Management and Development Corporation,17851,2006-03-28,04-05,2026-08-22
"Lorena Terrace, L.P.",3526,LOS ANGELES,East LA Community Corporation,4031,2006-03-30,06-07,2026-08-22
"Canyon Creek, L.P.",3532,SAN LUIS OBISPO,People's Self-Help Housing Corporation,9772,2006-03-31,05-06,2026-08-22
"Magnolia on Lake Parenters, L.P.",3534,LOS ANGELES,Central Valley Coalition for Affordable Housing,2419,2006-04-10,06-07,2026-08-22
"Vineyard Creek, L.P.",3535,SONOMA,"Casa Major, Inc.",15204,2006-04-10,06-07,2026-08-22
"Placerville Deer View Park, L.P.",3538,EL DORADO,Central Valley Coalition for Affordable Housing,2419,2006-04-10,06-07,2026-08-22
"Tracy Place Associates, L.P.",3539,SAN JOAQUIN,Community Revitalization and Development Corporation,11591,2006-04-10,06-07,2026-08-22
"Fort Bragg Duncan Place, L.P.",3540,MENDOCINO,Central Valley Coalition for Affordable Housing,2419,2006-04-10,06-07,2026-08-22
"Josephine Lum Lodge, L.P.",3543,ALAMEDA,"California Preservation, Inc",6354,2006-04-10,06-07,2026-08-22
Goshen Village Partners L.P.,3545,TULARE,"SHE-CEF 1, Inc.",16201,2006-04-21,06-07,2026-08-22
"Olive Grove Apartments, L.P.",3548,SONOMA,Burbank Housing Development Corporation,1632,2006-04-26,06-07,2026-08-22
"Hart Village, L.P.",3551,LOS ANGELES,Abode Communities,7541,2009-09-30,10-11,2026-08-22
"Villa Victoria Assocites, L.P.",3552,VENTURA,Cabrillo Economic Development Corporation,1675,2006-05-22,06-07,2026-08-22
VPM Sher Lane,3553,ORANGE,"Affordable Housing Access, Inc.",14663,2006-05-22,06-07,2026-08-22
"Emerald Terrace Housing Partners, L.P.",3555,LOS ANGELES,"Century Affordable Development, Inc.",18179,2006-05-22,06-07,2026-08-22
"Western/Carlton II, L.P.",3566,LOS ANGELES,Hollywood Community Housing Corporation,6112,2006-06-05,03-04,2026-08-22
L.P.E. LP,3567,LOS ANGELES,LTSC Community Development Corporation,7654,2009-05-19,09-10,2026-08-22
"Angelina Associates, L.P.",3568,LOS ANGELES,LTSC Community Development Corporation,7654,2006-06-05,99-00,2026-08-22
"Far East Building, L.P.",3569,LOS ANGELES,LTSC Community Development Corporation,7654,2009-05-19,09-10,2026-08-22
"CL Investors, L.P.",3571,KERN,Community Revitalization and Development Corporation,11591,2006-06-08,06-07,2026-08-22
Northpoint Park Apartments,3572,SACRAMENTO,Community Revitalization and Development Corporation,11591,2006-06-08,06-07,2026-08-22
"3200 Lakewood, L.P.",3573,LOS ANGELES,AOF/Pacific Affordable Housing Corp.,646,2006-06-08,06-07,2026-08-22
"1024 Royal Oaks, L.P.",3574,LOS ANGELES,AOF/Pacific Affordable Housing Corp.,646,2006-06-08,06-07,2026-08-22
"St. Anne's Transitional Housing and Childcare Center, L.P.",3575,LOS ANGELES,St. Anne's Family Services,12152,2023-09-12,22-23,2026-08-22
"Larkfield Oaks, L.P.",3576,SONOMA,Burbank Housing Development Corporation,1632,2006-06-08,06-07,2026-08-22
"Arbors Rohnert Park Apartments, L.P.",3577,SONOMA,Burbank Housing Development Corporation,1632,2006-06-08,06-07,2026-08-22
"Area F1 Housing Associates, L.P.",3578,SAN DIEGO,"Bridge SC, LLC",19097,2006-06-08,06-07,2026-08-22
"Jennings Avenue Associates, L.P.",3579,SONOMA,"Bridge Tower, LLC",19098,2006-06-08,06-07,2026-08-22
"Grand Oaks Associates, L.P.",3580,SONOMA,"Bridge Tower, LLC",19098,2006-06-08,06-07,2026-08-22
"Irvington Development Group, L.P.",3581,ALAMEDA,"Bridge Tower, LLC",19098,2006-06-08,06-07,2026-08-22
"Briarwood Housing Partners, L.P.",3585,SAN BERNARDINO,"Pacific Housing, Inc.",14273,2006-06-26,06-07,2026-08-22
"Lincoln Terrace, L.P.",3591,PLACER,Greek Orthodox Housing Corporation,5735,2006-06-26,06-07,2026-08-22
"Cimmarron/Cambridge, L.P.",3592,EL DORADO,Greek Orthodox Housing Corporation,5735,2006-06-26,06-07,2026-08-22
"Monte Vista Community, L.P.",3594,SONOMA,Burbank Housing Development Corporation,1632,2006-06-26,07-08,2026-08-22
"Lindsay Family Housing Partners, L.P.",3596,TULARE,Las Palmas Foundation,14526,2006-06-26,06-07,2026-08-22
"Willowbrook Place, L.P.",3597,LOS ANGELES,A Community of Friends,3218,2006-06-26,06-07,2026-08-22
"Hoover & Wilson I, L.P.",3598,ORANGE,Orange Housing Development Corporation,9359,2006-06-26,07-08,2026-08-22
"Tulare Family Housing Partners, L.P.",3599,TULARE,Las Palmas Foundation,14526,2006-06-26,06-07,2026-08-22
"1315 Meadow, L.P.",3601,LOS ANGELES,AOF/Pacific Affordable Housing Corp.,646,2006-06-26,06-07,2026-08-22
"Sunny View Investors, L.P.",3603,KERN,Central Valley Coalition for Affordable Housing,2419,2006-06-26,06-07,2026-08-22
"Eastmont Senior Community, L.P.",3605,ALAMEDA,Central Valley Coalition for Affordable Housing,2419,2006-06-26,07-08,2026-08-22
"Community Road Housing Associates, L.P.",3606,SAN DIEGO,Community HousingWorks,15964,2006-09-25,07-08,2026-08-22
"Bell Gardens Housing Partners, L.P.",3607,LOS ANGELES,"Southern California Housing Development Corporation of Los Angeles, The",17346,2006-06-26,05-06,2026-08-22
"Colonia Corona, L.P.",3613,LOS ANGELES,Hermandad Los Angeles Economic and Community Development Corporation,16437,2006-07-06,05-06,2026-08-22
"Las Brisas Community Housing II, L.P.",3614,LOS ANGELES,Abode Community Housing,3806,2009-08-06,10-11,2026-08-22
"1110 Cottonwood Road, L.P.",3615,KERN,Corporation for Better Housing,3474,2006-07-17,06-07,2026-08-22
"Sunset Myra, L.P.",3618,LOS ANGELES,Sunset Myra LLC,19112,2022-06-02,21-22,2026-08-22
"Anaheim Revitalization lll Partners, L.P.",3624,ORANGE,"Southern California Housing Development Corporation of Los Angeles, The",17346,2006-08-31,06-07,2026-08-22
"El Carrillo, L.P.",3625,SANTA BARBARA,Santa Barbara Housing Assistance Corporation,11239,2006-08-31,06-07,2026-08-22
"Aurora 12th, L.P.",3626,LOS ANGELES,Santa Barbara Housing Assistance Corporation,11239,2008-01-29,05-06,2026-08-22
"Courson Senior Partners, L.P.",3629,LOS ANGELES,"Southern California Housing Development Corporation of Los Angeles, The",17346,2006-08-31,06-07,2026-08-22
"22645 Grand Terrace Road, L.P.",3630,SAN BERNARDINO,Corporation for Better Housing,3474,2006-08-31,06-07,2026-08-22
"Sunny View of Merced, L.P.",3631,MERCED,"Western Community Housing, Inc.",15708,2006-08-31,06-07,2026-08-22
"Hastings at Antelope, L.P.",3632,SACRAMENTO,JHC-Hastings Park LLC,18611,2006-09-07,06-07,2026-08-22
"Hacienda Senior Partners, L.P.",3633,LOS ANGELES,Gateway Community Housing Corporation,15808,2007-02-21,05-06,2026-08-22
"Western/Carlton Apartments, L.P.",3636,LOS ANGELES,Hollywood Community Housing Corporation,6112,2006-09-18,06-07,2026-08-22
"Montague Parkway Associates, L.P.",3638,SANTA CLARA,Alcohol and Drug Awareness Program,295,2006-09-18,06-07,2026-08-22
"Chico Commons, L.P.",3639,BUTTE,Banyard Management,19133,2006-09-18,06-07,2026-08-22
"Mariposa Reale, L.P.",3641,SANTA BARBARA,Oceanside Gardens Inc.,9208,2006-09-18,06-07,2026-08-22
"One Moreno Valley 240, L.P.",3648,RIVERSIDE,"Housing Alternatives, Inc.",6272,2006-09-18,06-07,2026-08-22
Willow Creek Family Apartments L.P.,3654,HUMBOLDT,Central Valley Coalition for Affordable Housing,2419,2006-09-27,07-08,2026-08-22
Sutter Creek Sutter Hill Place L.P.,3655,AMADOR,Central Valley Coalition for Affordable Housing,2419,2006-09-27,07-08,2026-08-22
"1200 Park Avenue, L.P.",3656,BUTTE,Butte County Affordable Housing Development Corporation,1658,2006-10-05,05-06,2026-08-22
"Phoenix Park II, L.P.",3660,SACRAMENTO,Norwood Avenue Housing Corporation,9099,2006-10-10,05-06,2026-08-22
"Ross & Durant, L.P.",3661,ORANGE,Orange Housing Development Corporation,9359,2006-10-10,07-08,2026-08-22
"Ross & Durant, L.P.",3662,ORANGE,Orange Housing Development Corporation,9359,2006-10-10,07-08,2026-08-22
"HB Housing Partners, L.P.",3665,SAN BERNARDINO,Southern California Housing Development Corporation of the Inland Empire,14301,2006-10-23,06-07,2026-08-22
"Hacienda Sunset Affordable Housing Associates, L.P.",3666,RIVERSIDE,"Coachella Valley Housing Coalition, The",2970,2006-10-23,05-06,2026-08-22
"University Park Associates, L.P.",3668,LOS ANGELES,"Family Renewal Development Center, Inc.",4521,2006-10-26,06-07,2026-08-22
"Centro Partners, L.P.",3669,SANTA CRUZ,South of Market Mercy Housing,11997,2006-10-26,03-04,2026-08-22
"Riverside/Leibrandt Partners, L.P.",3670,SANTA CRUZ,South of Market Mercy Housing,11997,2006-10-26,03-04,2026-08-22
Avalon - El Segundo Properties L.P.,3674,LOS ANGELES,"Parents of Watts Working with Youth's and Adults, Inc., The",9610,2009-06-25,09-10,2026-08-22
"B S Broadway Village II, L.P.",3675,LOS ANGELES,Deep Green Housing and Community Development,1285,2012-11-30,12-13,2026-08-22
"Lincoln Court Associates, L.P.",3676,ALAMEDA,Self-Help for the Elderly,11454,2007-03-05,05-06,2026-08-22
"Cinnabar Commons II, L.P.",3679,SANTA CLARA,"Bridge Tower, LLC",19098,2006-12-12,07-08,2026-08-22
"Temple Villas, L.P.",3681,LOS ANGELES,"Women Organizing Resources, Knowledge and Services",13987,2007-08-09,05-06,2026-08-22
Westview Sacramento L.P.,3683,SACRAMENTO,"Pacific Housing, Inc.",14273,2006-12-13,07-08,2026-08-22
"Wysong Village Apartments, L.P.",3684,LOS ANGELES,"National Church Residences of Wysong Apartments, CA",19375,2007-01-23,07-08,2026-08-22
"Clara Park Village Apartments, L.P.",3685,LOS ANGELES,"National Church Residences of Clara Park Commons, CA",19374,2007-01-23,07-08,2026-08-22
"Cypress Sunrise Village Apartments, L.P.",3686,ORANGE,"National Church Residences of Cypress Sunrise Apartment, CA",19373,2007-01-23,07-08,2026-08-22
"Linden Housing, L.P.",3687,SHASTA,Queen Ann Housing Corporation,19420,2007-02-13,06-07,2026-08-22
"Point Reyes Affordable Homes, L.P.",3689,MARIN,Point Reyes Affordable Apartments L.L.C.,19433,2008-06-09,06-07,2026-08-22
"Gish Apartments, L.P.",3690,SANTA CLARA,"Gish Apartments, LLC",19459,2009-02-24,06-07,2026-08-22
"Nuevo Pico Union Partnership, L.P.",3691,LOS ANGELES,Abode Communities,7541,2009-08-10,09-10,2026-08-22
Sunrise Villa Partners L.P.,3695,KERN,"Almond Court, Inc.",364,2010-09-30,07-08,2026-08-22
"Las Flores Village Partners, L.P.",3696,SAN DIEGO,Assisted Living Foundation of America,16471,2007-03-02,05-06,2026-08-22
"CIC La Costa, L.P.",3697,SAN DIEGO,Pacific Southwest Community Development Corporation,9498,2007-05-21,07-08,2026-08-22
"NP Eleanor Associates, L.P.",3698,YOLO,"Delta Senior Housing Communities, Inc.",19157,2020-10-20,20-21,2026-08-22
"Belmont Meadows of Delano, L.P.",3699,KERN,LINC Housing Corporation,7337,2008-01-22,06-07,2026-08-22
"University Avenue Senior Housing, L.P.",3704,ALAMEDA,"University Avenue Senior Housing, LLC",19105,2007-03-02,06-07,2026-08-22
"LINC-Pepperwood Housing Investors, L.P.",3705,SAN BERNARDINO,LINC Housing Corporation,7337,2007-03-02,07-08,2026-08-22
"HPD Desert Hot Springs, L.P.",3706,RIVERSIDE,Hearthstone Housing Foundation,5954,2007-03-22,07-08,2026-08-22
Ceatrice Polite L.P.,3708,SAN FRANCISCO,"GP/TODCO-B, INC.",19482,2007-08-20,07-08,2026-08-22
"Verbena Housing Associates, L.P.",3709,RIVERSIDE,"Coachella Valley Housing Coalition, The",2970,2008-01-07,05-06,2026-08-22
"Woodland Terrace, L.P.",3711,LOS ANGELES,A Community of Friends,3218,2007-05-31,07-08,2026-08-22
"Camino De Las Flores, L.P.",3712,LOS ANGELES,East LA Community Corporation,4031,2008-05-28,04-05,2026-08-22
"San Jose Artist Housing, L.P.",3716,SANTA CLARA,AOF/Pacific Affordable Housing Corp.,646,2007-03-05,06-07,2026-08-22
"HPD Villa Del Este, L.P.",3717,IMPERIAL,Hearthstone Housing Foundation,5954,2007-06-11,07-08,2026-08-22
"MP Vineyard Crossings, L.P.",3718,NAPA,"MP Santa Clara, Inc.",14786,2007-05-31,07-08,2026-08-22
"Plummer Village Preservation, L.P.",3720,LOS ANGELES,Hearthstone Housing Foundation,5954,2008-05-27,06-07,2026-08-22
"HPD Riverside, L.P.",3723,RIVERSIDE,National Housing Corporation,19377,2007-08-03,07-08,2026-08-22
"Cesar Chavez Gardens, L.P.",3724,LOS ANGELES,Chinatown Service Center,2639,2008-10-07,03-04,2026-08-22
"Encore Hall Senior Housing, L.P.",3725,LOS ANGELES,Gleh Los Angeles Corporation,19611,2007-11-15,06-07,2026-08-22
"Murphy Commons, L.P.",3726,BUTTE,Ellison ll Housing Corporation,19587,2007-09-13,06-07,2026-08-22
"Rodeo Village, L.P.",3727,SAN BERNARDINO,"Housing & Community Synergy, Inc.",19568,2007-06-04,07-08,2026-08-22
1424 Broadway Apartments Limited Partnership,3728,LOS ANGELES,Community Corporation of Santa Monica,3145,2022-11-08,22-23,2026-08-22
Pacific Court Limited Partnership,3729,LOS ANGELES,Community Corporation of Santa Monica,3145,2022-11-08,22-23,2026-08-22
"26th & Santa Monica Family Housing, LP",3730,LOS ANGELES,Community Corporation of Santa Monica,3145,2007-04-19,05-06,2026-08-22
"Victorville/Desert Springs, LP",3736,SAN BERNARDINO,"Housing Alternatives, Inc.",6272,2007-09-13,06-07,2026-08-22
"Orange Grove Gardens, LP",3737,LOS ANGELES,Abode Community Housing,3806,2009-08-06,10-11,2026-08-22
"Amistad Plaza Partners, LP",3738,LOS ANGELES,"Baldwin RHF Housing, Inc.",18678,2008-10-28,03-04,2026-08-22
"WP Kearney Palms Senior Apartments, LP",3739,FRESNO,"Better Opportunities Builders, Inc.",6273,2007-03-30,06-07,2026-08-22
"New Dana Strand Partners l, LP",3740,LOS ANGELES,Abode Communities,7541,2009-09-30,10-11,2026-08-22
"MP Milpitas Affordable Housing Associates, LP",3741,SANTA CLARA,MP Milpitas Affordable Housing LLC,19533,2007-03-30,07-08,2026-08-22
"Los Arcos Partners, L.P.",3742,SAN DIEGO,"Los Arcos RHF Housing, Inc.",18679,2009-02-11,03-04,2026-08-22
"Riverside Housing Partners, L.P.",3744,RIVERSIDE,Southern California Housing Development Corporation of the Inland Empire,14301,2007-06-14,07-08,2026-08-22
"Hojas De Plata, L.P.",3745,LOS ANGELES,"Los Angeles Housing Partnership, Inc.",7568,2007-11-30,07-08,2026-08-22
"Curry Temple Senior Apartments, L.P.",3746,LOS ANGELES,Harambee Economic and Community Development Corporation,18831,2007-03-23,03-04,2026-08-22
"Coronado Senior Housing Partners, L.P.",3747,SAN DIEGO,Coronado Interfaith Housing Corporation,19620,2007-07-27,07-08,2026-08-22
Trinity Avenue Apartments Limited Partnership,3750,CONTRA COSTA,Trinity Avenue Apartments LLC,18872,2022-04-06,21-22,2026-08-22
"CC Seabreeze, LP",3751,DEL NORTE,"CC Seabreeze, LLC",19550,2008-03-04,07-08,2026-08-22
"CC Seabreeze, LP",3752,DEL NORTE,"CC Seabreeze, LLC",19550,2008-03-04,07-08,2026-08-22
San Clemente Housing Partners LP,3754,MARIN,EAH Bay Area Community LLC,19026,2008-05-28,06-07,2026-08-22
"Brentwood Senior Commons, LP",3755,CONTRA COSTA,"Brentwood Senior Housing, LLC",19127,2007-03-30,06-07,2026-08-22
"JW Apartments, LP",3757,LOS ANGELES,1010 Development Corporation,16010,2008-03-04,05-06,2026-08-22
Chesley Avenue LP,3758,CONTRA COSTA,Chelsey Avenue LLC,19212,2007-03-30,06-07,2026-08-22
"Eden Baywood Apartments, LP",3760,ALAMEDA,Eden Baywood Apartments LLC,19163,2007-03-30,06-07,2026-08-22
"Sara Conner Court, LP",3761,ALAMEDA,"Sara Conner Court, LLC",19129,2007-03-30,06-07,2026-08-22
F & Poso Street Investors L.P.,3766,KERN,"Project Go, Inc.",10107,2007-06-18,07-08,2026-08-22
"Opportunity Center Associates, L.P.",3769,SANTA CLARA,Opportunity Center HDC Inc.,18246,2007-07-27,05-06,2026-08-22
"Alabama Court, L.P.",3770,LOS ANGELES,L.A. Family Housing Corporation,7561,2007-03-30,05-06,2026-08-22
"HPD Desert Hot Springs, L.P.",3771,RIVERSIDE,Hearthstone Housing Foundation,5954,2008-03-17,07-08,2026-08-22
"Del Sol Apartments, L.P.",3774,SAN DIEGO,"Wakeland Del Sol, LLC",19072,2007-06-07,07-08,2026-08-22
"13436 Victory Partners, L.P.",3777,LOS ANGELES,L.A. Family Housing Corporation,7561,2007-05-15,03-04,2026-08-22
"Martin Luther Tower, L.P.",3778,SAN FRANCISCO,"Martin Luther Tower, Inc.",7915,2008-05-27,06-07,2026-08-22
"Laurel Crest, L.P.",3779,LOS ANGELES,JHC - Laurel Crest LLC,18638,2007-05-31,07-08,2026-08-22
Villa Vasconcellos L.P.,3780,CONTRA COSTA,Resources for Community Development,10466,2008-07-03,07-08,2026-08-22
"Mercy Housing California XXXVI, L.P.",3782,ALAMEDA,Mercy Housing West,13507,2007-07-27,07-08,2026-08-22
Dublin Senior L.P.,3784,ALAMEDA,Dublin Senior LLC,19755,2008-07-01,07-08,2026-08-22
"Hamilton Continuum Partners ll, L.P.",3786,MARIN,"Hamilton Affordable Homes, Inc.",18139,2007-05-31,05-06,2026-08-22
"Vista Sunrise Apartments, L.P.",3787,RIVERSIDE,"Vista Sunrise, Inc.",19527,2007-11-21,07-08,2026-08-22
"Mercy Housing California XII, L.P.",3789,CONTRA COSTA,Mercy Housing West,13507,2008-03-05,06-07,2026-08-22
"1340 Hudson Avenue, L.P.",3790,SAN FRANCISCO,"Robinson Affordable Housing, Inc.",16367,2007-07-20,06-07,2026-08-22
"TRG - Copeland Creek, L.P.",3791,SONOMA,"Rainbow - Copeland Creek, LLC",19717,2008-02-06,07-08,2026-08-22
"Saklan Avenue, L.P.",3793,ALAMEDA,Saklan Avenue LLC,19780,2008-02-06,07-08,2026-08-22
"Antioch Eden Rivertown, L.P.",3794,CONTRA COSTA,Antioch Eden Rivertown LLC,19781,2008-02-05,07-08,2026-08-22
"Orland Apartments, L.P.",3796,GLENN,"JHC-Orlands, LLC",19393,2007-07-19,07-08,2026-08-22
"Ashford Heights, L.P.",3797,SACRAMENTO,JHC-Ashford Heights LLC,19531,2007-07-19,07-08,2026-08-22
"Tahoe Valley Townhomes Associates, L.P.",3799,EL DORADO,San Juan Housing Corporation,19791,2007-07-27,07-08,2026-08-22
"Kennedy Estates Housing Associates, L.P.",3800,SACRAMENTO,San Juan Housing Corporation,19791,2007-07-27,07-08,2026-08-22
"Bruhn Orchards Housing Associates, L.P.",3801,YOLO,Bruhn Orchards LLC,19794,2008-05-06,07-08,2026-08-22
"Acacia Meadows, L.P.",3802,SACRAMENTO,"Auberry Park Housing, Inc.",946,2008-01-29,05-06,2026-08-22
"Casitas Del Valle Housing Associates, L.P.",3804,RIVERSIDE,"Coachella Valley Housing Coalition, The",2970,2007-06-13,06-07,2026-08-22
"Mimmim Town Homes, L.P.",3811,LOS ANGELES,Central Valley Coalition for Affordable Housing,2419,2007-06-13,07-08,2026-08-22
"Parkmoor Avenue Associates, L.P.",3812,SANTA CLARA,Central Valley Coalition for Affordable Housing,2419,2007-06-21,07-08,2026-08-22
"Forest Manor Associates, L.P.",3813,SANTA CLARA,Central Valley Coalition for Affordable Housing,2419,2007-07-27,07-08,2026-08-22
"Blossom Hill Associates, L.P.",3814,SANTA CLARA,Central Valley Coalition for Affordable Housing,2419,2007-08-09,07-08,2026-08-22
"Plaza City Apartments, L.P.",3815,SAN DIEGO,Central Valley Coalition for Affordable Housing,2419,2007-08-01,07-08,2026-08-22
"Westside Village Apartments, L.P.",3816,STANISLAUS,Central Valley Coalition for Affordable Housing,2419,2007-07-20,07-08,2026-08-22
"Ashwood Village Apartments, L.P.",3817,STANISLAUS,Central Valley Coalition for Affordable Housing,2419,2007-07-20,07-08,2026-08-22
"FS Meridian Apartments, L.P.",3819,SACRAMENTO,Central Valley Coalition for Affordable Housing,2419,2007-06-13,07-08,2026-08-22
"Mammoth Lakes Family Associates ll, L.P.",3821,MONO,Central Valley Coalition for Affordable Housing,2419,2007-08-03,07-08,2026-08-22
"Evergreen-Brooklyn Village Partners, L.P.",3822,LOS ANGELES,Central Valley Coalition for Affordable Housing,2419,2007-06-19,07-08,2026-08-22
"Porterville Pacific Associates, L.P.",3823,TULARE,Central Valley Coalition for Affordable Housing,2419,2007-07-27,07-08,2026-08-22
"Truckee Pacific Associates, L.P.",3824,NEVADA,Central Valley Coalition for Affordable Housing,2419,2007-06-13,07-08,2026-08-22
"Anderson Pacific Associates, L.P.",3825,SHASTA,Central Valley Coalition for Affordable Housing,2419,2007-06-18,07-08,2026-08-22
"Bishop Pacific Associates, L.P.",3826,INYO,Central Valley Coalition for Affordable Housing,2419,2007-06-13,07-08,2026-08-22
"Arcata Humboldt Associates ll, L.P.",3827,HUMBOLDT,Central Valley Coalition for Affordable Housing,2419,2007-06-13,07-08,2026-08-22
"Fortuna Family Associates, L.P.",3829,HUMBOLDT,Central Valley Coalition for Affordable Housing,2419,2007-06-13,07-08,2026-08-22
"Natomas Field Senior Apartments, L.P.",3831,SACRAMENTO,Riverside Charitable Corporation,10533,2007-06-13,07-08,2026-08-22
"West College Apartments, L.P.",3832,SONOMA,Riverside Charitable Corporation,10533,2007-07-23,07-08,2026-08-22
"Springlake Family Apartments, L.P.",3833,YOLO,Riverside Charitable Corporation,10533,2007-06-13,07-08,2026-08-22
"Royal Palms Highland Associates, L.P.",3834,SAN BERNARDINO,Better Housing Foundation,19760,2009-06-16,07-08,2026-08-22
"El Paseo Apartments, L.P.",3835,SANTA CLARA,"El Paseo Apartments, Inc.",19768,2007-10-12,08-09,2026-08-22
"Betty Anne Gardens, L.P.",3836,SANTA CLARA,"Betty Anne Gardens, Inc.",19769,2007-09-27,08-09,2026-08-22
"Pinewood Court Apartments, L.P.",3838,COLUSA,Mercy Housing West,13507,2007-07-19,07-08,2026-08-22
"Hotel Essex, L.P.",3839,SAN FRANCISCO,Mercy Housing West,13507,2007-07-19,07-08,2026-08-22
"2901 Center St., L.P.",3840,KERN,Corporation for Better Housing,3474,2007-05-31,07-08,2026-08-22
"Kentfield Associates, L.P.",3841,SAN JOAQUIN,"Bridge Tower, LLC",19098,2007-06-19,07-08,2026-08-22
"Woodbury Partners, L.P.",3842,ORANGE,"Bridge SC, LLC",19097,2007-05-31,07-08,2026-08-22
"St. John Village, LP",3843,KERN,St. John Manor Housing Corporation,12230,2008-05-06,08-09,2026-08-22
"Easter Hill Development, L.P.",3849,CONTRA COSTA,RHA Housing Corporation,19301,2009-09-24,05-06,2026-08-22
"Heber Family ll, L.P.",3850,IMPERIAL,Pacific Southwest Community Development Corporation,9498,2007-05-31,07-08,2026-08-22
"Calexico ll, L.P.",3851,IMPERIAL,Pacific Southwest Community Development Corporation,9498,2007-07-19,07-08,2026-08-22
"Oceanside Housing Partners, L.P.",3852,SAN DIEGO,"Southern California Housing Development Corporation of Orange, The",12047,2007-08-30,06-07,2026-08-22
"KDF Corona, L.P.",3853,RIVERSIDE,"Affordable Housing Access, Inc.",14663,2007-07-27,07-08,2026-08-22
"KDF Fontaine SJC, L.P.",3854,SANTA CLARA,"Affordable Housing Access, Inc.",14663,2007-07-27,07-08,2026-08-22
"Fairgrounds Luxury Family Apartments, L.P.",3857,SANTA CLARA,"Pinmore HDC, Inc.",9849,2007-10-19,07-08,2026-08-22
"26th Avenue Housing Associates, L.P.",3858,ALAMEDA,Oak Park Management LLC,19180,2008-05-06,06-07,2026-08-22
"Chapel Lane, L.P.",3860,VENTURA,"Homecomings, Inc.",19846,2008-08-04,08-09,2026-08-22
"Banneker Homes Partners, L.P.",3861,SAN FRANCISCO,"Banneker Homes, LLC",19777,2008-11-04,07-08,2026-08-22
"Aliso Village ll Housing Partners, L.P.",3865,LOS ANGELES,"La Cienega Lomod, Inc.",7067,2008-09-29,03-04,2026-08-22
"Guadalupe Associates, L.P.",3867,SANTA CLARA,Guadalupe Inc.,5773,2007-08-02,07-08,2026-08-22
"Camino De Las Flores, L.P.",3868,LOS ANGELES,A Community of Friends,3218,2007-11-16,08-09,2026-08-22
"Santos Plaza, L.P.",3869,LOS ANGELES,A Community of Friends,3218,2008-09-12,05-06,2026-08-22
"Jackson Aisle Apartments, L.P.",3870,ORANGE,A Community of Friends,3218,2007-09-18,07-08,2026-08-22
"AMCAL Villa Escondido Fund, L.P.",3877,FRESNO,"Foundation for Affordable Housing V, Inc.",15733,2007-05-15,07-08,2026-08-22
"KW/HFC Paramount, L.P.",3878,LOS ANGELES,"Foundation for Affordable Housing V, Inc.",15733,2007-08-09,07-08,2026-08-22
"DeAnza Gardens, L.P.",3879,CONTRA COSTA,DeAnza Housing Corporation,17188,2008-01-10,07-08,2026-08-22
"AMCAL Maywood Villas Fund, L.P.",3880,LOS ANGELES,"Foundation for Affordable Housing II, Inc.",14278,2007-07-27,07-08,2026-08-22
"Ontario Housing Investors ll, L.P.",3881,SAN BERNARDINO,"Foundation for Affordable Housing II, Inc.",14278,2008-07-02,06-07,2026-08-22
"Park Stanton Place, L.P.",3882,ORANGE,"Foundation for Affordable Housing II, Inc.",14278,2007-08-30,07-08,2026-08-22
"Vanowen Whitsett Affordable Housing Partners, L.P.",3885,LOS ANGELES,"Foundation for Affordable Housing II, Inc.",14278,2007-08-03,07-08,2026-08-22
"Ain't That A Peach, L.P.",3893,LOS ANGELES,Housing Corporation of America,6275,2007-09-13,07-08,2026-08-22
"1230 Cole Avenue, L.P.",3895,LOS ANGELES,Housing Corporation of America,6275,2007-07-27,07-08,2026-08-22
"Downtown Renual, L.P.",3896,LOS ANGELES,Housing Corporation of America,6275,2007-09-13,07-08,2026-08-22
"Opus at Echo, L.P.",3897,LOS ANGELES,Housing Corporation of America,6275,2008-06-23,07-08,2026-08-22
"Chino Housing Investors, L.P.",3898,SAN BERNARDINO,LINC Housing Corporation,7337,2008-05-01,03-04,2026-08-22
"Mission Bay Affordable Housing, L.P.",3909,SAN FRANCISCO,"480 Valencia, Inc.",25,2008-05-27,03-04,2026-08-22
Parlier Affordable Housing L.P.,3912,FRESNO,Cesar Chavez Foundation,8665,2012-03-28,11-12,2026-08-22
"Palm Village Partners, L.P.",3913,LOS ANGELES,"Parents of Watts Working with Youth's and Adults, Inc., The",9610,2008-12-19,03-04,2026-08-22
"Rio Vista Associates, L.P.",3914,SANTA BARBARA,People's Self-Help Housing Corporation,9772,2007-08-03,07-08,2026-08-22
"Villas At Higuera, L.P.",3915,SAN LUIS OBISPO,People's Self-Help Housing Corporation,9772,2007-08-30,07-08,2026-08-22
"Casas Las Granadas, L.P.",3916,SANTA BARBARA,People's Self-Help Housing Corporation,9772,2007-06-19,07-08,2026-08-22
"Valencia Sacramento, L.P.",3920,SACRAMENTO,"Pacific Housing, Inc.",14273,2007-10-26,07-08,2026-08-22
"Vineyard Sacramento, L.P.",3921,SACRAMENTO,"Pacific Housing, Inc.",14273,2007-05-31,07-08,2026-08-22
"Saratoga Vacaville, L.P.",3927,SOLANO,"Pacific Housing, Inc.",14273,2007-05-31,07-08,2026-08-22
Saratoga II L.P.,3928,SOLANO,"Pacific Housing, Inc.",14273,2009-02-09,07-08,2026-08-22
"Rio Vista Village, L.P.",3930,LOS ANGELES,Retirement Housing Foundation,10476,2008-06-09,04-05,2026-08-22
"Vista Del Monte Housing, L.P.",3931,SAN FRANCISCO,"Vista Del Monte Affordable Housing, Inc.",15542,2009-11-17,05-06,2026-08-22
"KDF Post Street, L.P.",3945,SAN FRANCISCO,"Asian, Inc.",816,2009-02-11,07-08,2026-08-22
"Mercy Housing California XXVlll, L.P.",3946,ORANGE,Mercy Housing West,13507,2007-09-10,07-08,2026-08-22
"Montclair Family Housing Partners, L.P.",3948,SAN BERNARDINO,Southern California Housing Development Corporation of the Inland Empire,14301,2008-01-23,07-08,2026-08-22
"Solutions Family Center, L.P.",3950,SAN DIEGO,"Solutions for Change, Inc.",19891,2007-11-30,07-08,2026-08-22
"Salvation Army Turk Street, L.P., The",3951,SAN FRANCISCO,"Salvation Army Turk Street, Inc., The",19892,2008-07-10,07-08,2026-08-22
"Coronita Partners, L.P.",3953,LOS ANGELES,"Western Community Housing, Inc.",15708,2007-10-31,07-08,2026-08-22
"Union Point Apartments, L.P.",3954,LOS ANGELES,"Western Community Housing, Inc.",15708,2007-10-31,07-08,2026-08-22
"Laurel Woods Affordable Housing, L.P.",3958,SAN BERNARDINO,AOF/Golden State Community Development Corp.,19897,2009-06-25,10-11,2026-08-22
"Creekside Housing Partners, L.P.",3959,ALAMEDA,Lion Creek III LLC,19738,2008-03-05,07-08,2026-08-22
"Evergreen Circle Investors, a California Limited Partnership",3961,YOLO,Community Revitalization and Development Corporation,11591,2022-08-29,22-23,2026-08-22
"Haven at Tapo Street, L.P.",3964,VENTURA,"Western Community Housing, Inc.",15708,2007-08-30,07-08,2026-08-22
"Rolling Hills Partners, L.P.",3967,STANISLAUS,"SHE-CEF 1, Inc.",16201,2007-11-02,07-08,2026-08-22
"Villa Del Rey Partners, L.P.",3968,FRESNO,"SHE-CEF 1, Inc.",16201,2007-08-30,08-09,2026-08-22
"Mercy Housing California XXXll, L.P.",3969,SACRAMENTO,Mercy Housing West,13507,2007-10-23,07-08,2026-08-22
"Rincon De Los Esteros Associates, L.P.",3970,SANTA CLARA,"Rincon De Los Esteros, Inc.",19782,2008-03-13,07-08,2026-08-22
"Parkview Apartments Associates, L.P.",3971,SANTA CLARA,"Rincon De Los Esteros, Inc.",19782,2008-03-13,07-08,2026-08-22
"King Road Associates, L.P.",3972,SANTA CLARA,"Rincon De Los Esteros, Inc.",19782,2008-03-13,07-08,2026-08-22
"4445 Third Street Associates, L.P.",3980,SAN FRANCISCO,Mission Housing Development Corporation,8282,2008-06-26,07-08,2026-08-22
"579 Vallejo Street Associates, L.P.",3985,SONOMA,"575 Vallejo Street, Inc.",31,2007-10-25,03-04,2026-08-22
"Alabama Manor Housing Associates, L.P.",3986,SAN DIEGO,Community HousingWorks,15964,2007-08-03,08-09,2026-08-22
"Arroyo Housing Associates, L.P.",3987,RIVERSIDE,"Coachella Valley Housing Coalition, The",2970,2008-01-07,07-08,2026-08-22
"Harmony Gardens, L.P.",3988,LOS ANGELES,L.A. Family Housing Corporation,7561,2007-10-23,03-04,2026-08-22
"Anderson Shasta Community Partners, L.P.",3989,SHASTA,"AHDF-Anderson Court G/P, LLC",19958,2008-04-09,07-08,2026-08-22
"Anderson Shasta Community Partners, L.P.",3990,SHASTA,"AHDF-Anderson Court G/P, LLC",19958,2008-04-09,07-08,2026-08-22
"Anderson Shasta Community Partners, L.P.",3991,SHASTA,"AHDF-Anderson Court G/P, LLC",19958,2008-04-09,07-08,2026-08-22
"Esseff Village Associates, L.P.",3993,VENTURA,"Esseff Village, LLC",19960,2008-12-04,05-06,2026-08-22
"Weed Family Housing Partners, L.P.",3994,SISKIYOU,Las Palmas Foundation,14526,2007-10-05,08-09,2026-08-22
"EQR-Bachenheimer Berkeley, L.P.",4000,ALAMEDA,"Hearthstone/EQR JV, LLC",19982,2008-07-02,08-09,2026-08-22
"MIL Aspen Associates, L.P.",4008,SANTA CLARA,"Western Community Housing, Inc.",15708,2007-09-10,08-09,2026-08-22
"Arrow Plaza KBS, L.P.",4010,LOS ANGELES,Housing Corporation of America,6275,2007-10-03,08-09,2026-08-22
"Inglewood Meadows KBS, L.P.",4011,LOS ANGELES,Housing Corporation of America,6275,2007-10-03,08-09,2026-08-22
"Cherrylee Gardens KBS, L.P.",4012,LOS ANGELES,Housing Corporation of America,6275,2007-11-30,08-09,2026-08-22
"Leffingwell Manor KBS, L.P.",4013,LOS ANGELES,Housing Corporation of America,6275,2007-10-03,08-09,2026-08-22
"Regent Plaza KBS, L.P.",4014,LOS ANGELES,Housing Corporation of America,6275,2007-10-03,08-09,2026-08-22
"Las Ventanas Village Partners, L.P.",4015,SAN DIEGO,Assisted Living Foundation of America,16471,2007-11-20,07-08,2026-08-22
"MHA Garden Street Apartments, L.P.",4017,SANTA BARBARA,"Building Hope, LLC",19997,2008-06-06,07-08,2026-08-22
"Walnut Place Townhomes, L.P.",4020,MONTEREY,"Community Housing Improvement Systems and Planning Association, Inc.",3196,2007-09-10,06-07,2026-08-22
"Sherwood Village, L.P.",4021,MONTEREY,"Community Housing Improvement Systems and Planning Association, Inc.",3196,2008-06-09,07-08,2026-08-22
"West Lincoln Housing Partners, L.P.",4022,ORANGE,"Western Community Housing, Inc.",15708,2007-10-31,07-08,2026-08-22
"Camarillo Courtyards Investors, L.P.",4023,VENTURA,Central Valley Coalition for Affordable Housing,2419,2007-10-02,08-09,2026-08-22
"Susanville Citrus Manor, L.P.",4024,LASSEN,Central Valley Coalition for Affordable Housing,2419,2007-11-21,08-09,2026-08-22
1166 Howard Street Associates L.P.,4027,SAN FRANCISCO,Howard Street Development Corporation,20010,2008-06-11,06-07,2026-08-22
"La Amistad Elk Grove Investors, a California Limited Partnership",4029,SACRAMENTO,Community Revitalization and Development Corporation,11591,2022-08-29,22-23,2026-08-22
"New Dana Strand Townhomes, L.P.",4032,LOS ANGELES,Mercy Housing West,13507,2008-03-11,08-09,2026-08-22
"Mercy Housing California XXIX, L.P.",4039,SACRAMENTO,Mercy Housing West,13507,2007-09-20,08-09,2026-08-22
"12129 El Dorado Avenue, L.P.",4041,LOS ANGELES,"Western Community Housing, Inc.",15708,2007-10-31,07-08,2026-08-22
"Oceanside Senior Housing Partners, L.P.",4042,SAN DIEGO,"Southern California Housing Development Corporation of Orange, The",12047,2007-10-05,08-09,2026-08-22
"South of Romneya Housing Partners, L.P.",4043,ORANGE,Orange Housing Development Corporation,9359,2007-10-05,08-09,2026-08-22
"Winslow Village Partners, L.P.",4044,SAN JOAQUIN,Service First of Northern California,19565,2007-09-12,05-06,2026-08-22
"KDF Hesperia ll, L.P.",4045,SAN BERNARDINO,AOF/Pacific Affordable Housing Corp.,646,2007-10-05,07-08,2026-08-22
"Breckenridge Village, L.P.",4047,SACRAMENTO,JHC-Breckenridge LLC,20048,2008-02-13,08-09,2026-08-22
"Perris Isle, L.P.",4048,RIVERSIDE,Central Valley Coalition for Affordable Housing,2419,2007-10-05,08-09,2026-08-22
"KDF Hesperia, L.P.",4049,SAN BERNARDINO,AOF/Pacific Affordable Housing Corp.,646,2007-10-05,07-08,2026-08-22
"Dolores - Frances Affordable Housing, L.P.",4052,LOS ANGELES,"Dolores-Frances Affordable Housing, Inc.",18700,2007-10-30,05-06,2026-08-22
"Dolores - Frances Affordable Housing, L.P.",4053,LOS ANGELES,"Dolores-Frances Affordable Housing, Inc.",18700,2007-10-30,05-06,2026-08-22
"Dolores - Frances Affordable Housing, L.P.",4054,LOS ANGELES,"Dolores-Frances Affordable Housing, Inc.",18700,2007-10-30,05-06,2026-08-22
"Dolores - Frances Affordable Housing, L.P.",4055,LOS ANGELES,"Dolores-Frances Affordable Housing, Inc.",18700,2007-10-30,05-06,2026-08-22
"Dolores - Frances Affordable Housing, L.P.",4056,LOS ANGELES,"Dolores-Frances Affordable Housing, Inc.",18700,2007-10-30,05-06,2026-08-22
"Dolores - Frances Affordable Housing, L.P.",4057,LOS ANGELES,"Dolores-Frances Affordable Housing, Inc.",18700,2007-10-30,05-06,2026-08-22
"Dolores - Frances Affordable Housing, L.P.",4058,LOS ANGELES,"Dolores-Frances Affordable Housing, Inc.",18700,2007-10-30,05-06,2026-08-22
"Dolores - Frances Affordable Housing, L.P.",4059,LOS ANGELES,"Dolores-Frances Affordable Housing, Inc.",18700,2007-10-30,05-06,2026-08-22
"Dolores - Frances Affordable Housing, L.P.",4060,LOS ANGELES,"Dolores-Frances Affordable Housing, Inc.",18700,2007-10-30,05-06,2026-08-22
"Dolores - Frances Affordable Housing, L.P.",4061,LOS ANGELES,"Dolores-Frances Affordable Housing, Inc.",18700,2007-10-30,05-06,2026-08-22
"Dolores - Frances Affordable Housing, L.P.",4062,LOS ANGELES,"Dolores-Frances Affordable Housing, Inc.",18700,2007-10-30,05-06,2026-08-22
"Dolores - Frances Affordable Housing, L.P.",4063,LOS ANGELES,"Dolores-Frances Affordable Housing, Inc.",18700,2007-10-30,05-06,2026-08-22
"Dolores - Frances Affordable Housing, L.P.",4064,LOS ANGELES,"Dolores-Frances Affordable Housing, Inc.",18700,2007-10-30,05-06,2026-08-22
"Dolores - Frances Affordable Housing, L.P.",4065,LOS ANGELES,"Dolores-Frances Affordable Housing, Inc.",18700,2007-10-30,05-06,2026-08-22
"Dolores - Frances Affordable Housing, L.P.",4066,LOS ANGELES,"Dolores-Frances Affordable Housing, Inc.",18700,2007-10-30,05-06,2026-08-22
"Dolores - Frances Affordable Housing, L.P.",4067,LOS ANGELES,"Dolores-Frances Affordable Housing, Inc.",18700,2007-10-30,05-06,2026-08-22
"Dolores - Frances Affordable Housing, L.P.",4068,LOS ANGELES,"Dolores-Frances Affordable Housing, Inc.",18700,2007-10-30,05-06,2026-08-22
"Dolores - Frances Affordable Housing, L.P.",4069,LOS ANGELES,"Dolores-Frances Affordable Housing, Inc.",18700,2007-10-30,05-06,2026-08-22
"Dolores - Frances Affordable Housing, L.P.",4070,LOS ANGELES,"Dolores-Frances Affordable Housing, Inc.",18700,2008-03-05,05-06,2026-08-22
"LA Property Group, L.P.",4072,LOS ANGELES,"National Homes Trust XII, Inc.",20077,2008-02-13,08-09,2026-08-22
"LA Property Group, L.P.",4073,LOS ANGELES,"National Homes Trust XII, Inc.",20077,2008-02-13,08-09,2026-08-22
"LA Property Group, L.P.",4074,LOS ANGELES,"National Homes Trust XII, Inc.",20077,2008-02-13,08-09,2026-08-22
"LA Property Group, L.P.",4075,LOS ANGELES,"National Homes Trust XII, Inc.",20077,2008-02-13,08-09,2026-08-22
"LA Property Group, L.P.",4076,LOS ANGELES,"National Homes Trust XII, Inc.",20077,2008-02-13,08-09,2026-08-22
"LA Property Group, L.P.",4077,LOS ANGELES,"National Homes Trust XII, Inc.",20077,2008-02-13,08-09,2026-08-22
"LA Property Group, L.P.",4078,LOS ANGELES,"National Homes Trust XII, Inc.",20077,2008-02-13,08-09,2026-08-22
"LA Property Group, L.P.",4079,LOS ANGELES,"National Homes Trust XII, Inc.",20077,2008-02-13,08-09,2026-08-22
"14649 Saticoy Partners, L.P.",4080,LOS ANGELES,L.A. Family Housing Corporation,7561,2008-03-25,06-07,2026-08-22
"Mercy Housing California XXXIII, L.P.",4081,ALAMEDA,Mercy Housing West,13507,2008-02-20,07-08,2026-08-22
"C C Seagull Villa, L.P.",4082,DEL NORTE,"CC Seagull Villa, LLC",19669,2008-03-04,07-08,2026-08-22
"59 Carol LN., L.P.",4086,CONTRA COSTA,Corporation for Better Housing,3474,2007-11-15,08-09,2026-08-22
"Ops Villas, L.P.",4087,FRESNO,Central Valley Coalition for Affordable Housing,2419,2007-12-03,08-09,2026-08-22
Rippling River Affordable Housing Limited Partnership,4089,MONTEREY,"Rippling River Affordable Housing, LLC",20111,2022-09-26,22-23,2026-08-22
"650 Eddy, L.P.",4090,SAN FRANCISCO,CHP Eddy LLC,20128,2008-09-02,08-09,2026-08-22
"Mariposa Place Apartments , L.P.",4091,LOS ANGELES,Hollywood Community Housing Corporation,6112,2008-05-23,07-08,2026-08-22
"Shadows TC Investors, L.P.",4092,VENTURA,Area Housing Authority of the County of Ventura,17986,2007-12-20,08-09,2026-08-22
"54 Carol Ln., L.P.",4094,CONTRA COSTA,Corporation for Better Housing,3474,2007-12-03,08-09,2026-08-22
"Woodlake Pacific Associates, L.P.",4095,TULARE,Kaweah Management Company,6907,2008-03-05,07-08,2026-08-22
"Alder Pacific Associates, L.P.",4096,NEVADA,Central Valley Coalition for Affordable Housing,2419,2008-03-05,08-09,2026-08-22
"Corning Pacific Associates, L.P.",4097,TEHAMA,Central Valley Coalition for Affordable Housing,2419,2008-07-31,08-09,2026-08-22
"EQR-La Terrazza at Colma Station, L.P.",4098,SAN MATEO,"Hearthstone/EQR JV, LLC",19982,2021-11-02,21-22,2026-08-22
"Asbury Place, L.P.",4099,SACRAMENTO,JHC-Asbury LLC,20025,2008-03-07,08-09,2026-08-22
"Casa Grande Senior Apartments, L.P.",4100,SONOMA,PEP Housing,9790,2008-03-21,08-09,2026-08-22
"Anaheim Revitalization lV Partners, L.P.",4102,ORANGE,"Southern California Housing Development Corporation of Los Angeles, The",17346,2008-09-30,08-09,2026-08-22
"16th and Market, L.P.",4103,SAN DIEGO,"S.V.D.P. Management, Inc.",10699,2008-12-23,08-09,2026-08-22
"Benito FLC, L.P.",4104,MONTEREY,Monterey County Housing Authority Development Corporation,20112,2008-06-24,07-08,2026-08-22
"JHC-Granite, L.P.",4105,ORANGE,"JHC-Granite, LLC",20154,2008-02-13,08-09,2026-08-22
"Berkeley Place, L.P.",4106,LOS ANGELES,Community Corporation of Santa Monica,3145,2008-03-25,07-08,2026-08-22
"Villa Santa Guadalupe Partners, L.P.",4109,TULARE,Villa Santa Guadalupe Corporation,17570,2017-04-18,16-17,2026-08-22
"Union Court, L.P.",4114,SAN JOAQUIN,"Eden Investments, Inc.",4102,2008-06-04,04-05,2026-08-22
"3804 Wisconsin Street Partners, L.P.",4115,LOS ANGELES,Community Resource and Talent Development,17381,2009-05-21,00-01,2026-08-22
"3790 Wisconsin Street Partners, L.P.",4116,LOS ANGELES,Community Resource and Talent Development,17381,2009-04-08,02-03,2026-08-22
"3839 Wisconsin Street Partners, L.P.",4117,LOS ANGELES,Community Resource and Talent Development,17381,2009-05-21,00-01,2026-08-22
"Casa Velasco Associates, L.P.",4118,ALAMEDA,"Casitas of Hayward, Inc.",18287,2009-03-04,07-08,2026-08-22
"Kennedy Court Partners, L.P.",4123,SOLANO,Solano Affordable Housing Foundation,11880,2008-04-23,05-06,2026-08-22
"Rosslyn Lofts Housing Partners, LP, The",4125,LOS ANGELES,"Pacific Housing, Inc.",14273,2009-02-09,08-09,2026-08-22
"Mercy Housing California XXVll, L.P.",4126,SACRAMENTO,Mercy Housing West,13507,2008-03-04,06-07,2026-08-22
"Oxford Plaza, L.P.",4127,ALAMEDA,Resources for Community Development,10466,2008-07-15,08-09,2026-08-22
"Dublin Transit Site A2, L.P.",4128,ALAMEDA,Dublin & DeMarcus LLC,19756,2008-06-09,06-07,2026-08-22
HPD Cedarwood LP,4129,SHASTA,Hearthstone Housing Foundation,5954,2008-05-06,08-09,2026-08-22
"HPD Alturas, L.P.",4130,MODOC,Hearthstone Housing Foundation,5954,2008-05-12,08-09,2026-08-22
"Sichel 1805, L.P.",4132,LOS ANGELES,"Western Community Housing, Inc.",15708,2007-12-19,08-09,2026-08-22
"Clinton 2114, L.P.",4133,LOS ANGELES,"Western Community Housing, Inc.",15708,2007-12-27,08-09,2026-08-22
"Studio 15 Housing Partners, L.P.",4134,SAN DIEGO,Housing Development Partners of San Diego,10945,2010-06-22,09-10,2026-08-22
"Decro Orion Apartments, L.P.",4135,LOS ANGELES,"Decro Orion, L.L.C.",20239,2009-02-25,07-08,2026-08-22
"DECRO Osborne Apartments, L.P.",4136,LOS ANGELES,"DECRO Osborne, L.L.C.",20238,2008-08-26,06-07,2026-08-22
"El Greco Properties, L.P.",4137,LOS ANGELES,Affordable Living for the Aging,399,2012-04-19,12-13,2026-08-22
"NP Cesar Associates, L.P.",4138,YOLO,New Hope Community Development Corporation,14915,2008-03-26,07-08,2026-08-22
"Steadfast Villa Nueva, L.P.",4141,SAN DIEGO,"Casa Familiar, Inc.",2164,2008-07-09,08-09,2026-08-22
"Oak Ridge Apartments Associates, L.P.",4142,SONOMA,Burbank Housing Development Corporation,1632,2008-08-01,08-09,2026-08-22
"Eastside Village, L.P.",4143,LOS ANGELES,"Mothers-In-Action, Inc.",18154,2008-03-04,03-04,2026-08-22
"Stonegate Housing Investors, L.P.",4145,SANTA CLARA,Community Home Builders and Associates,3183,2008-08-06,07-08,2026-08-22
"Fox Courts, L.P.",4148,ALAMEDA,Fox Courts LLC,20234,2008-07-07,08-09,2026-08-22
Roosevelt Street Townhomes II L.P.,4149,MONTEREY,"Community Housing Improvement Systems and Planning Association, Inc.",3196,2008-01-31,05-06,2026-08-22
"New Terminal Hotel, L.P.",4150,LOS ANGELES,Single Room Occupancy Housing Corporation,11749,2009-07-14,06-07,2026-08-22
"Clark Terrace Apartments, L.P.",4152,LOS ANGELES,"Haven for Affordable Housing, Inc.",5899,2013-05-23,01-02,2026-08-22
"Villa RHF Partners, L.P.",4153,LOS ANGELES,Pilgrim Tower North,20268,2008-10-28,07-08,2026-08-22
"La Entrada Housing Investors, L.P.",4154,SAN DIEGO,Las Palmas Foundation,14526,2008-04-02,06-07,2026-08-22
"Pixley Apartment Investors, L.P.",4155,TULARE,Central Valley Coalition for Affordable Housing,2419,2008-03-25,08-09,2026-08-22
"PBV Partners, L.P.",4156,FRESNO,Central Valley Coalition for Affordable Housing,2419,2008-04-03,08-09,2026-08-22
"Sierra Sunrise Senior Apartments ll, L.P.",4157,SACRAMENTO,Riverside Charitable Corporation,10533,2008-03-04,08-09,2026-08-22
"4651 Huntington, L.P.",4158,LOS ANGELES,New Economics for Women,8812,2008-08-18,07-08,2026-08-22
"Los Vecinos, L.P.",4159,SAN DIEGO,"Wakeland Los Vecinos, LLC",20297,2008-02-12,08-09,2026-08-22
"Westminster Plaza ll, L.P.",4160,LOS ANGELES,"Housing & Community Synergy, Inc.",19568,2008-05-07,08-09,2026-08-22
"Siena Roseville, L.P.",4161,PLACER,"Pacific Housing, Inc.",14273,2008-09-04,08-09,2026-08-22
"Yankee Hotel, L.P.",4165,LOS ANGELES,Single Room Occupancy Housing Corporation,11749,2009-03-25,05-06,2026-08-22
Diamond Aisle LP,4166,ORANGE,"JHC-Diamond Aisle, LLC",19613,2008-06-09,07-08,2026-08-22
"1010 Central Avenue Villa, L.P.",4167,LOS ANGELES,"1010 CAV, LLC",20333,2008-06-30,08-09,2026-08-22
"1264 W. Rosamond Blvd., L.P.",4168,KERN,Corporation for Better Housing,3474,2008-06-05,08-09,2026-08-22
"Ward Road Apartments, L.P.",4169,MERCED,Corporation for Better Housing,3474,2009-10-23,08-09,2026-08-22
"850 Descanso Pl., L.P.",4170,KERN,Corporation for Better Housing,3474,2008-04-30,08-09,2026-08-22
"525 Orange Avenue, L.P.",4172,SAN DIEGO,Coronado Interfaith Housing Corporation,19620,2008-08-12,08-09,2026-08-22
San Remo Hesperia LP,4174,SAN BERNARDINO,Housing Corporation of America,6275,2008-07-07,08-09,2026-08-22
San Jacinto Santa Fe LP,4175,RIVERSIDE,Housing Corporation of America,6275,2008-07-07,08-09,2026-08-22
"Wilshire & Minnie, L.P.",4176,ORANGE,Orange Housing Development Corporation,9359,2008-03-10,08-09,2026-08-22
Rittenhouse LP,4177,LOS ANGELES,Housing Corporation of America,6275,2008-07-07,08-09,2026-08-22
"How Bout Them Apples, L.P.",4178,LOS ANGELES,Housing Corporation of America,6275,2008-07-09,08-09,2026-08-22
"Catalina Avalon Limited, L.P.",4179,LOS ANGELES,Housing Corporation of America,6275,2008-07-11,08-09,2026-08-22
"CIC Natomas, L.P.",4180,SACRAMENTO,Pacific Southwest Community Development Corporation,9498,2008-03-25,08-09,2026-08-22
"Seasons Apartments, L.P.",4181,SACRAMENTO,"Hearthstone/PWC JV, LLC",20311,2008-05-12,08-09,2026-08-22
"San Jose Family Housing Partners, L.P.",4182,SANTA CLARA,Las Palmas Foundation,14526,2009-03-16,09-10,2026-08-22
"Hidden Creek Apartment Investors, L.P.",4183,DEL NORTE,Community Revitalization and Development Corporation,11591,2008-04-15,08-09,2026-08-22
"Divi Divi Tree, L.P.",4184,RIVERSIDE,Youth For Christ Ministries,14207,2008-04-17,08-09,2026-08-22
"El Centro Loretto, L.P.",4189,LOS ANGELES,Search to Involve Pilipino Americans,11415,2009-06-23,04-05,2026-08-22
"Hollyview, L.P.",4198,LOS ANGELES,"Hollyview RHF Housing, Inc.",18677,2008-10-28,04-05,2026-08-22
"MP Parkhurst Associates, L.P.",4199,SANTA CRUZ,"Mid-Peninsula The Farm, Inc.",8198,2018-11-09,06-07,2026-08-22
"Klimm Apartments, L.P.",4202,SAN FRANCISCO,TNDC-GP LLC,18564,2008-07-02,06-07,2026-08-22
Heritage Park Apartments Roseville LP,4204,PLACER,"Pacific Housing, Inc.",14273,2008-07-11,09-10,2026-08-22
"Desert Senior Associates, L.P.",4206,LOS ANGELES,"Foundation for Affordable Housing II, Inc.",14278,2008-03-25,07-08,2026-08-22
"Avalon Family Apartments, L.P.",4207,KINGS,"Foundation for Affordable Housing V, Inc.",15733,2008-04-24,07-08,2026-08-22
"5553 Vineyard Family Associates, L.P.",4208,YUBA,"Foundation for Affordable Housing V, Inc.",15733,2008-03-25,08-09,2026-08-22
"Orchard Gabilan Associates, L.P.",4209,MONTEREY,"Foundation for Affordable Housing V, Inc.",15733,2008-04-22,08-09,2026-08-22
"Cider Village Associates, L.P.",4210,SAN LUIS OBISPO,"Foundation for Affordable Housing V, Inc.",15733,2008-04-24,07-08,2026-08-22
"Broadway Village Investors, L.P.",4211,ORANGE,"Foundation for Affordable Housing V, Inc.",15733,2008-03-11,07-08,2026-08-22
"CIC Glen Ridge, L.P.",4212,SAN DIEGO,Pacific Southwest Community Development Corporation,9498,2008-07-09,08-09,2026-08-22
"CIC Landings, L.P.",4213,SAN DIEGO,Pacific Southwest Community Development Corporation,9498,2008-03-11,08-09,2026-08-22
"Calipatria Family Apts., L.P.",4214,IMPERIAL,Pacific Southwest Community Development Corporation,9498,2008-07-09,08-09,2026-08-22
Lachen Tara LP,4218,SAN LUIS OBISPO,People's Self-Help Housing Corporation,9772,2009-03-11,08-09,2026-08-22
"Merced Community Partners, L.P.",4222,MERCED,Quality Housing Development Corporation,10191,2008-05-15,08-09,2026-08-22
"Merced Community Partners, L.P.",4223,MERCED,Quality Housing Development Corporation,10191,2008-05-15,08-09,2026-08-22
Monarch Pointe LP,4224,ORANGE,"JHC-Monarch Pointe, LLC",19614,2008-05-16,08-09,2026-08-22
Star - Ukiah Terrace LP,4225,MENDOCINO,"AHDF-Ukiah Terrace G/P, LLC",20337,2008-09-02,08-09,2026-08-22
Star - Highlands of Oroville LP,4226,BUTTE,"AHDF-Highlands of Oroville G/P, LLC",20338,2008-09-10,08-09,2026-08-22
"Carson Ridge ll Apartments, L.P.",4227,EL DORADO,Quality Housing Development Corporation,10191,2008-08-08,08-09,2026-08-22
"14th Street Associates, L.P.",4228,ALAMEDA,"Bridge Tower, LLC",19098,2008-05-29,08-09,2026-08-22
"Cottonwood Creek Housing Associates, L.P.",4230,SOLANO,"Bridge Tower, LLC",19098,2008-05-29,08-09,2026-08-22
"Mercy Housing California XXVl, L.P.",4232,SACRAMENTO,Mercy Housing West,13507,2008-10-28,08-09,2026-08-22
"Casa Nicolina, L.P.",4235,ORANGE,"La Habra 22 MGP, LLC",20349,2008-06-10,08-09,2026-08-22
"Cherry Creek San Jose, L.P.",4236,SANTA CLARA,"Cherry Creek San Jose MGP, LLC",20351,2008-08-20,08-09,2026-08-22
"Windsor Concord, L.P.",4237,CONTRA COSTA,"Windsor Concord MGP, LLC",20352,2008-08-19,08-09,2026-08-22
Tannery Artists Lofts LP,4238,SANTA CRUZ,Tannery Artists Lofts LLC,20353,2009-02-10,08-09,2026-08-22
"Varenna Care Center, L.P.",4244,SONOMA,"Casa Major, Inc.",15204,2008-05-20,08-09,2026-08-22
"Chancellor Partners Holdings, L.P., The",4245,LOS ANGELES,Community Housing Assistance Program Inc.,3192,2008-06-05,08-09,2026-08-22
"Villa Columba Mercy Riverside, L.P.",4247,TEHAMA,Mercy Housing California Senior Properties,20374,2008-05-09,08-09,2026-08-22
"Junipero Serra, L.P.",4248,SAN FRANCISCO,Mercy Housing California Senior Properties,20374,2008-05-09,08-09,2026-08-22
"Mercy Housing California XIV, L.P.",4250,SAN FRANCISCO,Mercy Housing West,13507,2008-08-18,07-08,2026-08-22
"Heritage Park Apartments, L.P.",4251,RIVERSIDE,"Western Community Housing, Inc.",15708,2008-05-20,08-09,2026-08-22
"Villa Columba Mercy Riverside, L.P.",4252,TEHAMA,Mercy Housing California Senior Properties,20374,2008-05-09,08-09,2026-08-22
"St. Andrew Senior Community, L.P.",4253,SAN MATEO,Mercy Housing California Senior Properties,20374,2008-05-09,08-09,2026-08-22
"Monsignor Lyne, L.P.",4255,SAN FRANCISCO,Mercy Housing California Senior Properties,20374,2008-05-09,08-09,2026-08-22
"275 10th Street Associates, L.P.",4258,SAN FRANCISCO,"275 10th Street, LLC",20376,2008-12-03,07-08,2026-08-22
"Western/Fullerton Avenue, L.P.",4261,ORANGE,"Western Developments For Affordable Housing, Inc.",13827,2009-06-01,08-09,2026-08-22
"Family Commons at Cabrillo, L.P., The",4262,LOS ANGELES,"Century Villages at Cabrillo, Inc.",17185,2008-08-01,07-08,2026-08-22
"AETW Group, L.P.",4264,TULARE,AHCDC Tulare 4 LLC,20393,2008-06-25,08-09,2026-08-22
"AETW Group, L.P.",4265,TULARE,AHCDC Tulare 4 LLC,20393,2008-06-25,08-09,2026-08-22
"AETW Group, L.P.",4266,TULARE,AHCDC Tulare 4 LLC,20393,2008-06-25,08-09,2026-08-22
"AETW Group, L.P.",4267,TULARE,AHCDC Tulare 4 LLC,20393,2008-06-25,07-08,2026-08-22
"Arlanza Rose, L.P.",4268,RIVERSIDE,Riverside Housing Development Corporation,10544,2008-10-15,07-08,2026-08-22
"Hotel Essex, L.P.",4270,SAN FRANCISCO,CHP Essex LLC,20254,2008-08-08,08-09,2026-08-22
"Central Village Apartments, L.P.",4273,LOS ANGELES,Deep Green Housing and Community Development,1285,2012-11-30,12-13,2026-08-22
"Cantabria Senior Apartments, L.P.",4274,LOS ANGELES,"Western Community Housing, Inc.",15708,2008-04-29,08-09,2026-08-22
"750 Grande Associates, L.P.",4278,SAN LUIS OBISPO,Central Valley Coalition for Affordable Housing,2419,2008-06-03,08-09,2026-08-22
"MCFA Partners, L.P.",4279,RIVERSIDE,Central Valley Coalition for Affordable Housing,2419,2008-06-03,07-08,2026-08-22
"Eden-Sycamore, L.P.",4280,CONTRA COSTA,Eden-Sycamore LLC,20396,2008-07-03,08-09,2026-08-22
Grand/C LP,4281,ALAMEDA,Grand/C LLC,20395,2008-06-27,08-09,2026-08-22
"Estabrook Senior Housing, L.P.",4282,ALAMEDA,"Eden Development, Inc.",20397,2009-02-10,08-09,2026-08-22
"J.E. Wall Victoria Manor Preservation, L.P.",4283,RIVERSIDE,J.E. Wall Victoria Manor Corporation,6681,2008-08-21,08-09,2026-08-22
"Vida Nueva Partners, L.P.",4284,SONOMA,Burbank Housing Development Corporation,1632,2008-07-11,08-09,2026-08-22
"Southcrest Associates, L.P.",4288,SACRAMENTO,AHCDC Southcrest LLC,20415,2008-07-23,08-09,2026-08-22
"Colgan Meadows, L.P.",4291,SONOMA,Burbank Housing Development Corporation,1632,2008-07-11,08-09,2026-08-22
"Anaheim Family Housing Partners, L.P.",4292,ORANGE,Las Palmas Foundation,14526,2008-05-21,08-09,2026-08-22
"Lindsay II Family Housing Partners, L.P.",4293,TULARE,Las Palmas Foundation,14526,2008-08-18,08-09,2026-08-22
"Corcoran Family Housing Partners, L.P.",4294,KINGS,Las Palmas Foundation,14526,2008-08-06,08-09,2026-08-22
"AMCAL Serena Fund, L.P.",4296,LOS ANGELES,"Women Organizing Resources, Knowledge and Services",13987,2008-08-08,08-09,2026-08-22
"Broadway Family Apartments, L.P.",4299,SAN FRANCISCO,Broadway Family Apartments LLC,20416,2009-03-03,07-08,2026-08-22
"Parkview Terrace Partners, L.P.",4300,SAN FRANCISCO,"Parkview Terrace, LLC",20417,2009-02-27,07-08,2026-08-22
"Chico Pacific Associates, L.P.",4302,BUTTE,Central Valley Coalition for Affordable Housing,2419,2008-06-03,07-08,2026-08-22
"Huron Pacific Associates, L.P.",4303,FRESNO,Central Valley Coalition for Affordable Housing,2419,2008-06-25,08-09,2026-08-22
"Oroville Pacific Associates, L.P.",4304,BUTTE,Central Valley Coalition for Affordable Housing,2419,2008-06-03,08-09,2026-08-22
"Redwood Villa Senior Housing Partners, L.P.",4307,SAN DIEGO,"Redwood Villa Interfaith Housing, Inc.",10410,2008-05-30,08-09,2026-08-22
"Tahiti, L.P., The",4308,LOS ANGELES,Community Corporation of Santa Monica,3145,2008-10-22,07-08,2026-08-22
"CCHNC Flower Park Plaza, L.P.",4310,ORANGE,"CCHNC Flower Park Plaza, LLC",18981,2008-04-15,06-07,2026-08-22
"CAHA College Manor, L.P.",4317,PLACER,Central Valley Coalition for Affordable Housing,2419,2008-07-11,08-09,2026-08-22
"Hayward Pacific Associates, L.P.",4318,ALAMEDA,Central Valley Coalition for Affordable Housing,2419,2008-06-03,08-09,2026-08-22
"Townsend & Raitt, L.P.",4319,ORANGE,Orange Housing Development Corporation,9359,2008-05-30,09-10,2026-08-22
"W-Fountains Diamond-Bar, L.P.",4320,LOS ANGELES,AOF/Pacific Affordable Housing Corp.,646,2008-06-02,00-01,2026-08-22
"Asturias Senior Apartments, L.P.",4322,LOS ANGELES,"Western Community Housing, Inc.",15708,2008-05-30,08-09,2026-08-22
1212 West L.P.,4323,LOS ANGELES,"Long Beach Affordable Housing Coalition, Inc.",7479,2008-05-30,07-08,2026-08-22
"Central Avenue Seniors, L.P.",4324,KERN,"Wasco Affordable Housing, Inc.",17755,2008-08-07,08-09,2026-08-22
"Van Nuys Preservation, L.P.",4328,LOS ANGELES,"Foundation for Affordable Housing II, Inc.",14278,2008-05-30,09-10,2026-08-22
"Crescent Park EAH, L.P.",4329,CONTRA COSTA,"Crescent Park EAH, LLC",20567,2008-07-09,08-09,2026-08-22
Seven Directions Housing Limited Partnership,4330,ALAMEDA,Seven Directions Management LLC,20594,2025-11-20,22-23,2026-08-22
"1450 Locust Partners, L.P.",4333,LOS ANGELES,Las Palmas Housing and Development Corporation,17925,2008-08-26,08-09,2026-08-22
"Eden Rivertown, L.P.",4335,CONTRA COSTA,"Eden Investments, Inc.",4102,2008-06-04,04-05,2026-08-22
HPD Rio Linda L.P.,4337,SACRAMENTO,National Housing Corporation,19377,2008-09-16,09-10,2026-08-22
"Oak Knoll Housing Associates, L.P.",4338,SAN DIEGO,"Fallbrook Renaissance, LLC",20561,2008-07-15,09-10,2026-08-22
"Farmersville Gateway Associates, L.P.",4340,TULARE,Central Valley Coalition for Affordable Housing,2419,2008-07-15,09-10,2026-08-22
"Elm Avenue Apartments, L.P.",4342,LOS ANGELES,"Holos, Inc.",19561,2025-04-29,25-26,2026-08-22
"Polk Senior Housing Associates, L.P.",4353,SAN FRANCISCO,Polk Senior Housing LLC,20683,2008-11-04,07-08,2026-08-22
"AR Preservation, L.P.",4355,SAN FRANCISCO,Alexander GP LLC,20696,2009-02-25,08-09,2026-08-22
"AM Preservation, L.P.",4356,SAN FRANCISCO,Antonia GP LLC,20697,2009-02-25,08-09,2026-08-22
"Orchard Crossing Apartments, LP",4357,SOLANO,"Orchard Crossing, Inc.",20700,2009-03-25,08-09,2026-08-22
"MM Preservation, L.P.",4358,SAN FRANCISCO,Maria GP LLC,20701,2009-02-25,08-09,2026-08-22
"Mesa RHF Partners, L.P.",4362,LOS ANGELES,Harbor Tower,5860,2013-07-02,10-11,2026-08-22
"MORES Yosemite Manor, L.P.",4364,MADERA,"MORES Yosemite, LLC",20621,2008-12-02,09-10,2026-08-22
"Red Bluff Vista Ridge Associates, L.P.",4365,TEHAMA,"Resources for Rural Community Development, Inc.",10469,2009-01-14,09-10,2026-08-22
"Townsend & Raitt, L.P.",4366,ORANGE,Orange Housing Development Corporation,9359,2008-09-08,09-10,2026-08-22
"Ted Zenich Gardens, L.P.",4370,SANTA BARBARA,Surf Development Company,15513,2008-12-30,08-09,2026-08-22
"Leaps and Bounds, L.P.",4371,LOS ANGELES,Mental Health America of Los Angeles,8064,2008-11-04,08-09,2026-08-22
"Brawley Housing Investors, L.P.",4372,IMPERIAL,Las Palmas Foundation,14526,2008-09-02,09-10,2026-08-22
"Brea Imperial Park, L.P.",4375,ORANGE,"Brea Imperial Park MGP, LLC",20733,2008-10-15,08-09,2026-08-22
"Charter Court SJC, L.P.",4376,SANTA CLARA,"Charter Court SJC MGP, LLC",20735,2008-11-04,09-10,2026-08-22
"3030 Concord Partners, L.P.",4377,LOS ANGELES,Affordable Housing Solutions,19625,2008-11-24,07-08,2026-08-22
"3030 Concord Partners, L.P.",4378,LOS ANGELES,Affordable Housing Solutions,19625,2008-11-24,07-08,2026-08-22
"3030 Concord Partners, L.P.",4379,LOS ANGELES,Affordable Housing Solutions,19625,2008-11-24,07-08,2026-08-22
"3030 Concord Partners, L.P.",4380,LOS ANGELES,Affordable Housing Solutions,19625,2008-11-24,07-08,2026-08-22
"3030 Concord Partners, L.P.",4381,LOS ANGELES,Affordable Housing Solutions,19625,2008-11-24,07-08,2026-08-22
"3030 Concord Partners, L.P.",4382,LOS ANGELES,Affordable Housing Solutions,19625,2008-11-24,07-08,2026-08-22
"3030 Concord Partners, L.P.",4383,LOS ANGELES,Affordable Housing Solutions,19625,2008-11-24,07-08,2026-08-22
"3030 Concord Partners, L.P.",4384,LOS ANGELES,Affordable Housing Solutions,19625,2008-11-24,07-08,2026-08-22
"3030 Concord Partners, L.P.",4385,LOS ANGELES,Affordable Housing Solutions,19625,2008-11-24,07-08,2026-08-22
"Leeward Partners, L.P.",4393,LOS ANGELES,Affordable Housing Solutions,19625,2008-12-02,06-07,2026-08-22
"Leeward Partners, L.P.",4394,LOS ANGELES,Affordable Housing Solutions,19625,2008-12-02,06-07,2026-08-22
"Leeward Partners, L.P.",4395,LOS ANGELES,Affordable Housing Solutions,19625,2008-12-02,06-07,2026-08-22
"Leeward Partners, L.P.",4396,LOS ANGELES,Affordable Housing Solutions,19625,2008-12-02,06-07,2026-08-22
"Leeward Partners, L.P.",4397,LOS ANGELES,Affordable Housing Solutions,19625,2008-12-02,06-07,2026-08-22
"Leeward Partners, L.P.",4398,LOS ANGELES,Affordable Housing Solutions,19625,2008-12-02,06-07,2026-08-22
"Leeward Partners, L.P.",4399,LOS ANGELES,Affordable Housing Solutions,19625,2008-12-02,06-07,2026-08-22
"Leeward Partners, L.P.",4400,LOS ANGELES,Affordable Housing Solutions,19625,2008-12-02,06-07,2026-08-22
"Leeward Partners, L.P.",4401,LOS ANGELES,Affordable Housing Solutions,19625,2008-12-02,06-07,2026-08-22
"Leeward Partners, L.P.",4402,LOS ANGELES,Affordable Housing Solutions,19625,2008-12-02,06-07,2026-08-22
"Leeward Partners, L.P.",4403,LOS ANGELES,Affordable Housing Solutions,19625,2008-12-02,06-07,2026-08-22
"Leeward Partners, L.P.",4404,LOS ANGELES,Affordable Housing Solutions,19625,2008-12-02,06-07,2026-08-22
"Leeward Partners, L.P.",4405,LOS ANGELES,Affordable Housing Solutions,19625,2008-12-02,06-07,2026-08-22
"Leeward Partners, L.P.",4406,LOS ANGELES,Affordable Housing Solutions,19625,2008-12-02,06-07,2026-08-22
"Leeward Partners, L.P.",4407,LOS ANGELES,Affordable Housing Solutions,19625,2008-12-02,06-07,2026-08-22
"Leeward Partners, L.P.",4408,LOS ANGELES,Affordable Housing Solutions,19625,2008-12-02,06-07,2026-08-22
"Lexington Partners, L.P.",4409,LOS ANGELES,Affordable Housing Solutions,19625,2008-11-26,06-07,2026-08-22
"Lexington Partners, L.P.",4410,LOS ANGELES,Affordable Housing Solutions,19625,2008-11-26,06-07,2026-08-22
"Lexington Partners, L.P.",4411,LOS ANGELES,Affordable Housing Solutions,19625,2008-11-26,06-07,2026-08-22
"Lexington Partners, L.P.",4412,LOS ANGELES,Affordable Housing Solutions,19625,2008-11-26,06-07,2026-08-22
"Lexington Partners, L.P.",4413,LOS ANGELES,Affordable Housing Solutions,19625,2008-11-26,06-07,2026-08-22
"Lexington Partners, L.P.",4414,LOS ANGELES,Affordable Housing Solutions,19625,2008-12-19,06-07,2026-08-22
"Lexington Partners, L.P.",4415,LOS ANGELES,Affordable Housing Solutions,19625,2008-11-26,06-07,2026-08-22
"Lexington Partners, L.P.",4416,LOS ANGELES,Affordable Housing Solutions,19625,2008-11-26,06-07,2026-08-22
"Lexington Partners, L.P.",4417,LOS ANGELES,Affordable Housing Solutions,19625,2008-11-26,06-07,2026-08-22
"Lexington Partners, L.P.",4418,LOS ANGELES,Affordable Housing Solutions,19625,2008-11-26,06-07,2026-08-22
"Lexington Partners, L.P.",4419,LOS ANGELES,Affordable Housing Solutions,19625,2008-11-26,06-07,2026-08-22
"Lexington Partners, L.P.",4420,LOS ANGELES,Affordable Housing Solutions,19625,2008-11-26,06-07,2026-08-22
"Lexington Partners, L.P.",4421,LOS ANGELES,Affordable Housing Solutions,19625,2008-11-26,06-07,2026-08-22
"Lexington Partners, L.P.",4422,LOS ANGELES,Affordable Housing Solutions,19625,2008-12-02,06-07,2026-08-22
"Lexington Partners, L.P.",4423,LOS ANGELES,Affordable Housing Solutions,19625,2008-12-02,06-07,2026-08-22
"Windward Partners, L.P.",4424,LOS ANGELES,Affordable Housing Solutions,19625,2008-11-25,07-08,2026-08-22
"Windward Partners, L.P.",4425,LOS ANGELES,Affordable Housing Solutions,19625,2008-11-25,07-08,2026-08-22
"Windward Partners, L.P.",4426,LOS ANGELES,Affordable Housing Solutions,19625,2008-11-25,07-08,2026-08-22
"Windward Partners, L.P.",4427,LOS ANGELES,Affordable Housing Solutions,19625,2008-11-25,07-08,2026-08-22
"Windward Partners, L.P.",4428,LOS ANGELES,Affordable Housing Solutions,19625,2008-11-25,07-08,2026-08-22
"Windward Partners, L.P.",4429,LOS ANGELES,Affordable Housing Solutions,19625,2008-11-25,07-08,2026-08-22
"Windward Partners, L.P.",4430,LOS ANGELES,Affordable Housing Solutions,19625,2008-11-26,07-08,2026-08-22
"Windward Partners, L.P.",4431,LOS ANGELES,Affordable Housing Solutions,19625,2008-11-26,07-08,2026-08-22
"Windward Partners, L.P.",4432,LOS ANGELES,Affordable Housing Solutions,19625,2008-11-26,07-08,2026-08-22
"Windward Partners, L.P.",4433,LOS ANGELES,Affordable Housing Solutions,19625,2008-11-26,07-08,2026-08-22
"Windward Partners, L.P.",4434,LOS ANGELES,Affordable Housing Solutions,19625,2008-11-26,07-08,2026-08-22
"Windward Partners, L.P.",4435,LOS ANGELES,Affordable Housing Solutions,19625,2008-11-26,07-08,2026-08-22
"Windward Partners, L.P.",4436,LOS ANGELES,Affordable Housing Solutions,19625,2008-11-26,07-08,2026-08-22
"Windward Partners, L.P.",4437,LOS ANGELES,Affordable Housing Solutions,19625,2008-11-26,07-08,2026-08-22
"Windward Partners, L.P.",4438,LOS ANGELES,Affordable Housing Solutions,19625,2008-11-26,07-08,2026-08-22
"Windward Partners, L.P.",4439,LOS ANGELES,Affordable Housing Solutions,19625,2008-11-26,07-08,2026-08-22
"Windward Partners, L.P.",4440,LOS ANGELES,Affordable Housing Solutions,19625,2008-11-26,07-08,2026-08-22
"Windward Partners, L.P.",4441,LOS ANGELES,Affordable Housing Solutions,19625,2008-11-26,07-08,2026-08-22
"Windward Partners, L.P.",4442,LOS ANGELES,Affordable Housing Solutions,19625,2008-11-26,07-08,2026-08-22
"Windward Partners, L.P.",4443,LOS ANGELES,Affordable Housing Solutions,19625,2008-11-26,07-08,2026-08-22
"Camarillo 13, LP",4447,VENTURA,Santa Barbara Housing Assistance Corporation,11239,2008-09-11,08-09,2026-08-22
Star - Woodlake Manor LP,4448,TULARE,"WHA-Woodlake Manor G/P, LLC",20749,2009-02-23,09-10,2026-08-22
"Almaden 1930, LP",4449,SANTA CLARA,"Almaden 1930 MGP, LLC",20771,2008-09-11,08-09,2026-08-22
Montego Elk Grove L.P.,4450,SACRAMENTO,"Pacific Housing, Inc.",14273,2008-09-12,09-10,2026-08-22
"Windsor Concord, L.P.",4451,CONTRA COSTA,"Windsor Concord MGP, LLC",20352,2008-08-19,08-09,2026-08-22
"Harbour Community, L.P.",4452,LOS ANGELES,"Neighborhood Partners, Inc.",8745,2008-12-02,04-05,2026-08-22
Hamilton San Diego Apartments LP,4454,SAN DIEGO,"Casa Major, Inc.",15204,2009-03-06,08-09,2026-08-22
"Madera Lakewood Terrace, L.P.",4456,MADERA,Central Valley Coalition for Affordable Housing,2419,2009-01-23,09-10,2026-08-22
"Lincoln Golden Village, L.P.",4457,PLACER,Central Valley Coalition for Affordable Housing,2419,2008-11-18,09-10,2026-08-22
Grand View RHF Partners L.P.,4461,LOS ANGELES,MacArthur Park Towers,20784,2009-03-06,08-09,2026-08-22
"La Vista Preservation, L.P.",4462,CONTRA COSTA,"La Vista Preservation MGP, LLC",20785,2008-09-30,08-09,2026-08-22
"JLG Senior Housing, L.P.",4463,ALAMEDA,JLG Senior Housing LLC,20791,2008-12-02,09-10,2026-08-22
"Mason Street Housing Associates, L.P.",4464,SAN FRANCISCO,"Mason Street Housing, LLC",20801,2009-01-13,08-09,2026-08-22
"Benito Street Affordable Housing, L.P.",4465,MONTEREY,Monterey County Housing Authority Development Corporation,20112,2008-11-25,08-09,2026-08-22
"Monterey Affordable Housing, L.P.",4466,MONTEREY,Housing Authority Limited Liability Company,20113,2009-02-10,08-09,2026-08-22
"Fanoe Vista, L.P.",4467,MONTEREY,Monterey County Housing Authority Development Corporation,20112,2009-05-26,09-10,2026-08-22
"Main Street Housing, L.P.",4468,LOS ANGELES,Deep Green Housing and Community Development,1285,2012-12-21,12-13,2026-08-22
"MP New Communities Associates, L.P.",4469,SANTA CRUZ,"Mid-Peninsula Scotts Valley, Inc.",8194,2008-11-06,07-08,2026-08-22
"Townsend & Raitt, L.P.",4470,ORANGE,Orange Housing Development Corporation,9359,2008-09-15,09-10,2026-08-22
"GMB Partners, LP",4471,SAN DIEGO,Bella Affordable Housing Foundation,20820,2009-06-23,09-10,2026-08-22
"Whitmore Oaks Investors, L.P.",4472,STANISLAUS,Community Revitalization and Development Corporation,11591,2008-12-03,09-10,2026-08-22
"La Quinta Housing Associates, L.P.",4473,RIVERSIDE,"Coachella Valley Housing Coalition, The",2970,2009-11-04,08-09,2026-08-22
"Adams 935, L.P.",4474,LOS ANGELES,"Western Community Housing, Inc.",15708,2008-11-06,09-10,2026-08-22
"Swansea Park Senior Apartments, L.P.",4475,LOS ANGELES,Deep Green Housing and Community Development,1285,2012-12-21,12-13,2026-08-22
"DHI Tracy Garden Associates, LP",4483,SAN JOAQUIN,"Community Resident Services, Inc.",20833,2008-11-04,08-09,2026-08-22
"Pacific Court Apartments, LP",4484,ORANGE,"OHDC Delaware, LLC",20750,2008-11-07,09-10,2026-08-22
Norden Sacramento L.P.,4488,SACRAMENTO,"Pacific Housing, Inc.",14273,2008-12-08,09-10,2026-08-22
"Corsair Sacramento, L.P.",4489,SACRAMENTO,"Pacific Housing, Inc.",14273,2008-12-08,09-10,2026-08-22
"Westpark Seniors, L.P.",4491,PLACER,Riverside Charitable Corporation,10533,2008-11-12,09-10,2026-08-22
"Valle Del Sol Associates, L.P.",4493,SAN JOAQUIN,"Visionary Home Builders of California, Inc.",820,2009-04-07,05-06,2026-08-22
"Sacramento Whispering Pines Associates, L.P.",4495,SACRAMENTO,"Visionary Home Builders of California, Inc.",820,2009-04-07,01-02,2026-08-22
"Diamond Cove II Associates, L.P.",4497,SAN JOAQUIN,"Visionary Home Builders of California, Inc.",820,2009-04-07,05-06,2026-08-22
"HG Real Estate Partners, L.P.",4501,SAN DIEGO,Hearthstone Housing Foundation,5954,2008-12-19,09-10,2026-08-22
"52 Carol Ln., L.P.",4502,CONTRA COSTA,Corporation for Better Housing,3474,2009-03-10,08-09,2026-08-22
"7200 Di Giorgio Rd., L.P.",4503,KERN,Corporation for Better Housing,3474,2009-03-10,09-10,2026-08-22
"10777 Poplar St., L.P.",4504,SAN BERNARDINO,Corporation for Better Housing,3474,2009-03-10,09-10,2026-08-22
"LINC-Terracina Apartments Housing Investors, L.P.",4505,RIVERSIDE,LINC Housing Corporation,7337,2008-12-19,09-10,2026-08-22
"7530 Santa Monica, L.P.",4506,LOS ANGELES,West Hollywood Community Housing Corporation,13779,2008-12-19,09-10,2026-08-22
"AMCAL Brookfield Place Fund, L.P.",4507,ALAMEDA,"Foundation for Affordable Housing V, Inc.",15733,2009-02-10,09-10,2026-08-22
"TSHA Associates, L.P.",4508,SAN LUIS OBISPO,"Foundation for Affordable Housing V, Inc.",15733,2008-12-19,08-09,2026-08-22
"Olivehurst Housing Investors, L.P.",4509,YUBA,"Foundation for Affordable Housing V, Inc.",15733,2009-02-10,09-10,2026-08-22
"Ten Fifty B Street Housing Partners, L.P.",4511,SAN DIEGO,"Foundation for Affordable Housing V, Inc.",15733,2009-07-13,09-10,2026-08-22
"Ten Fifty B Street, L.P.",4512,SAN DIEGO,"Foundation for Affordable Housing V, Inc.",15733,2008-12-19,09-10,2026-08-22
Southpointe Villa Limited Partnership,4513,SAN BERNARDINO,"Southpointe Villa RHF Housing, Inc.",19342,2008-11-04,06-07,2026-08-22
"Palisades Investors, L.P.",4517,NAPA,Palisades Calistoga Investors LLC,20886,2008-12-19,09-10,2026-08-22
"Country Club Apartments, L.P.",4518,SAN DIEGO,"Wakeland Country Club Apartments, LLC",20949,2009-04-15,09-10,2026-08-22
"Pascual Reyes Apartments, L.P.",4519,LOS ANGELES,Pico-Union Housing Corporation,9824,2009-01-26,07-08,2026-08-22
"Copperstone I Family Apartments, L.P.",4520,SACRAMENTO,Riverside Charitable Corporation,10533,2008-12-24,09-10,2026-08-22
"700 W. Sierra Ave., L.P.",4521,TULARE,Corporation for Better Housing,3474,2008-12-24,08-09,2026-08-22
"Turnagain Renaissance Housing Associates, L.P.",4522,SAN DIEGO,"Fallbrook Renaissance, LLC",20561,2008-12-24,09-10,2026-08-22
"Beachwind Court, L.P.",4523,SAN DIEGO,Pacific Southwest Community Development Corporation,9498,2008-12-11,09-10,2026-08-22
"HPD Rio Colorado, L.P.",4525,RIVERSIDE,National Housing Corporation,19377,2009-01-22,09-10,2026-08-22
"Mercy Housing California XXXVIII, L.P.",4526,CONTRA COSTA,Mercy Housing Calwest,101,2009-01-08,09-10,2026-08-22
"Mercy Housing California XXXIV, L.P.",4527,SAN FRANCISCO,Mercy Housing West,13507,2009-01-07,09-10,2026-08-22
"Dublin Ranch Senior Apartments, L.P.",4528,CONTRA COSTA,"Pacific Housing, Inc.",14273,2009-06-19,09-10,2026-08-22
"SLP Senior Apartments, L.P.",4534,SACRAMENTO,Riverside Charitable Corporation,10533,2009-02-17,09-10,2026-08-22
"Terracina Elk Grove, L.P.",4535,SACRAMENTO,Riverside Charitable Corporation,10533,2009-02-17,09-10,2026-08-22
"Carquinez Associates, L.P.",4536,CONTRA COSTA,"Bridge Tower, LLC",19098,2009-01-16,09-10,2026-08-22
"Alexandria House Apartments, LP",4542,LOS ANGELES,"Alexandria House Apartments, LLC",20153,2009-03-20,09-10,2026-08-22
"Dawson Avenue Senior Apartments, L.P.",4543,SAN DIEGO,Housing Development Partners of San Diego,10945,2009-06-01,09-10,2026-08-22
"Della Tiara, L.P.",4544,STANISLAUS,Community Revitalization and Development Corporation,11591,2009-03-03,09-10,2026-08-22
"Baldwin Villa Plaza, L.P.",4545,LOS ANGELES,"Haven for Affordable Housing, Inc.",5899,2009-06-02,04-05,2026-08-22
"Vista Dunes Housing Partners, L.P.",4547,RIVERSIDE,"Vista Dunes GP, LLC",21002,2011-04-12,11-12,2026-08-22
"Palmdale Senior Housing Partners, L.P.",4548,LOS ANGELES,"Southern California Housing Development Corporation of Los Angeles, The",17346,2009-05-22,08-09,2026-08-22
"EAH Larkspur Creekside Associates II, L.P.",4549,MARIN,EAH - Creekside,3978,2010-06-22,07-08,2026-08-22
"Drake Manor KBS, L.P.",4551,LOS ANGELES,Housing Corporation of America,6275,2009-03-04,08-09,2026-08-22
"Casa Lucerna KBS, L.P.",4552,LOS ANGELES,Housing Corporation of America,6275,2009-03-03,08-09,2026-08-22
"Parkside Terrace, L.P.",4554,SAN DIEGO,"Wakeland Parkside, LLC",21034,2009-04-15,09-10,2026-08-22
9th and Grand Limited Partners L.P.,4556,LOS ANGELES,Deep Green Housing and Community Development,1285,2012-03-06,08-09,2026-08-22
"Morgan Place, L.P.",4560,LOS ANGELES,Abode Communities,7541,2009-08-10,09-10,2026-08-22
San Remo Hesperia II LP,4562,SAN BERNARDINO,Housing Corporation of America,6275,2009-05-21,09-10,2026-08-22
"Montebello Downtown Plaza, L.P.",4563,LOS ANGELES,"TELACU Affordable Housing II, Inc.",16448,2009-06-02,09-10,2026-08-22
"Hollywood Bungalow Courts, L.P.",4564,LOS ANGELES,Hollywood Community Housing Corporation,6112,2009-05-01,09-10,2026-08-22
"Hollywood Bungalow Courts, L.P.",4565,LOS ANGELES,Hollywood Community Housing Corporation,6112,2009-05-01,09-10,2026-08-22
Star-Clearlake Commons LP,4566,LAKE,"WHA-Clearlake Commons G/P, LLC",20913,2009-02-19,09-10,2026-08-22
"Mercy Housing California XXXI, L.P.",4567,MARIN,Mercy Housing West,13507,2009-05-27,08-09,2026-08-22
"Bay Avenue Senior Housing, L.P.",4571,SANTA CRUZ,"Bay Avenue Senior Housing, LLC",21053,2009-02-06,09-10,2026-08-22
"Curtner Studios, L.P.",4572,SANTA CLARA,"Curtner Studios, LLC",21054,2009-02-11,08-09,2026-08-22
"Tyrol Plaza, L.P.",4574,ORANGE,A Community of Friends,3218,2009-01-26,04-05,2026-08-22
"Armstrong Place Associates, L.P.",4577,SAN FRANCISCO,"Site K, Inc.",11800,2009-02-20,09-10,2026-08-22
"Palomar VOA Affordable Housing, L.P.",4579,SAN DIEGO,"Palomar VOA Affordable Housing, Inc.",21109,2009-12-02,09-10,2026-08-22
"North Downtown Renual, L.P.",4580,LOS ANGELES,Housing Corporation of America,6275,2009-02-24,09-10,2026-08-22
"Bakersfield Pacific Associates II, L.P.",4582,KERN,Central Valley Coalition for Affordable Housing,2419,2009-05-22,09-10,2026-08-22
"My Town Homes, L.P.",4583,LOS ANGELES,Central Valley Coalition for Affordable Housing,2419,2009-03-11,09-10,2026-08-22
"Gardens on Garfield, L.P.",4584,LOS ANGELES,Housing Corporation of America,6275,2009-05-01,09-10,2026-08-22
Star-Valley Commons LP,4586,NEVADA,"WHA-Valley Commons G/P, L.L.C.",21110,2009-02-19,09-10,2026-08-22
"Briker, LP",4587,LOS ANGELES,Central Valley Coalition for Affordable Housing,2419,2010-07-07,09-10,2026-08-22
"Lemoore Pacific Associates, L.P.",4589,KINGS,Central Valley Coalition for Affordable Housing,2419,2009-04-23,09-10,2026-08-22
"Bonnie Brae Village Partners, L.P.",4590,LOS ANGELES,Assisted Living Foundation of America,16471,2009-02-26,09-10,2026-08-22
"Villas De Amistad Investors, L.P.",4600,SAN JOAQUIN,Community Revitalization and Development Corporation,11591,2009-02-27,09-10,2026-08-22
"Humboldt 2007 Community Partners, L.P.",4604,HUMBOLDT,Community Revitalization and Development Corporation,11591,2009-04-01,00-01,2026-08-22
"Syep Associates, L.P.",4605,SAN DIEGO,Las Palmas Foundation,14526,2009-02-17,09-10,2026-08-22
"Parkview Isla Vista, L.P.",4607,SANTA BARBARA,Surf Development Company,15513,2009-05-26,09-10,2026-08-22
"Tulare II Family Housing Partners, L.P.",4608,TULARE,Las Palmas Foundation,14526,2009-02-18,09-10,2026-08-22
"Farmersville Gateway Associates II, L.P.",4609,TULARE,Central Valley Coalition for Affordable Housing,2419,2009-06-02,09-10,2026-08-22
"Springhill Gardens Associates, L.P.",4610,NEVADA,Central Valley Coalition for Affordable Housing,2419,2009-02-27,09-10,2026-08-22
"McCoy Plaza, L.P.",4611,LOS ANGELES,WLCAC McCoy LLC,21170,2009-05-29,09-10,2026-08-22
"LIH Oakland Apartments, L.P.",4612,ALAMEDA,"Casa Major, Inc.",15204,2009-04-01,09-10,2026-08-22
"Mercy Housing California XLII, L.P.",4613,SACRAMENTO,Mercy Housing Calwest,101,2009-05-26,09-10,2026-08-22
"MP South City, L.P.",4615,SAN MATEO,"Mid-Peninsula Greenridge, Inc.",8177,2009-11-03,09-10,2026-08-22
"AMCAL Regency Fund, L.P.",4616,LOS ANGELES,"Women Organizing Resources, Knowledge and Services",13987,2009-05-26,09-10,2026-08-22
"Eagle Rock Senior Housing Partners, L.P.",4617,LOS ANGELES,"Southern California Housing Development Corporation of Los Angeles, The",17346,2009-07-29,09-10,2026-08-22
"Kelvin Court, L.P.",4618,ORANGE,"Pacific Housing, Inc.",14273,2010-12-28,11-12,2026-08-22
"Grow a Pear, L.P.",4619,LOS ANGELES,Housing Corporation of America,6275,2009-02-26,09-10,2026-08-22
"Van Nuys Preservation MT, L.P.",4621,LOS ANGELES,"Foundation for Affordable Housing II, Inc.",14278,2009-05-13,09-10,2026-08-22
"Imani Fe, LP",4622,LOS ANGELES,Grant Housing and Economic Development Corporation,19514,2011-06-03,08-09,2026-08-22
"Paseo Del Rio Associates, L.P.",4623,VENTURA,"CEDC Paseo Del Rio, LLC",21191,2010-06-08,08-09,2026-08-22
"Paseo Santa Clara Associates, L.P.",4624,VENTURA,"CEDC Paseo Santa Clara, LLC",21192,2010-06-08,08-09,2026-08-22
"Lyndon Hotel, L.P.",4625,LOS ANGELES,Single Room Occupancy Housing Corporation,11749,2009-04-15,09-10,2026-08-22
"Renato Apartments, L.P.",4626,LOS ANGELES,Single Room Occupancy Housing Corporation,11749,2011-05-09,09-10,2026-08-22
"Gateways Apartments, L.P.",4627,LOS ANGELES,Single Room Occupancy Housing Corporation,11749,2014-03-18,13-14,2026-08-22
"James M. Wood Apartments, L.P.",4628,LOS ANGELES,Single Room Occupancy Housing Corporation,11749,2009-05-05,09-10,2026-08-22
Tynan Affordable Housing LP,4629,MONTEREY,"Tynan Village, Inc.",21210,2009-06-03,08-09,2026-08-22
"Fairway Family Community, L.P.",4630,ALAMEDA,"Pacific Housing, Inc.",14273,2009-06-23,09-10,2026-08-22
"Villa Springs Apartments, L.P.",4632,ALAMEDA,Villa Springs LLC,21244,2009-06-03,09-10,2026-08-22
"Beaumont CA Leased Housing Associates I, L.P.",4633,RIVERSIDE,Central Valley Coalition for Affordable Housing,2419,2009-05-05,10-11,2026-08-22
"Coachella Leased Housing Associates I, L.P.",4634,RIVERSIDE,Central Valley Coalition for Affordable Housing,2419,2009-05-05,10-11,2026-08-22
"Rancho Workforce Housing, L.P.",4635,SAN BERNARDINO,Southern California Housing Development Corporation of the Inland Empire,14301,2009-06-04,09-10,2026-08-22
"DHI Broadway Associates, L.P.",4638,SACRAMENTO,"Community Resident Services, Inc.",20833,2009-06-04,09-10,2026-08-22
"DHI Casa De Angelo Associates, L.P.",4639,SACRAMENTO,"Community Resident Services, Inc.",20833,2009-12-29,09-10,2026-08-22
"Rowan Court Partners, L.P.",4642,SONOMA,Rowan Court LLC,21257,2009-06-15,09-10,2026-08-22
"Bronson Court Apartments, L.P.",4643,LOS ANGELES,"Los Angeles Housing Partnership, Inc.",7568,2009-06-03,07-08,2026-08-22
"Casa Dominguez, L.P.",4644,LOS ANGELES,Abode Communities,7541,2009-09-14,08-09,2026-08-22
"YEC Limited, L.P.",4645,FRESNO,"Silvercrest, Inc.",11739,2009-07-21,09-10,2026-08-22
"JHC-Woodbury, L.P.",4646,ORANGE,JHC-Woodbury LLC,20495,2009-08-13,09-10,2026-08-22
"Acacia Villa Apartments, L.P.",4647,ORANGE,"Haven for Affordable Housing, Inc.",5899,2013-02-14,11-12,2026-08-22
"Del Amo Gardens, L.P.",4648,LOS ANGELES,"Haven for Affordable Housing, Inc.",5899,2009-07-30,09-10,2026-08-22
Olive Tree Terrace,4649,LOS ANGELES,"Haven for Affordable Housing, Inc.",5899,2009-07-30,09-10,2026-08-22
Tustin Gardens,4651,ORANGE,"Haven for Affordable Housing, Inc.",5899,2009-07-30,09-10,2026-08-22
"Valencia Villa Apartments, L.P.",4652,LOS ANGELES,"Haven for Affordable Housing, Inc.",5899,2009-07-30,09-10,2026-08-22
"West Sacramento Pacific Associates, L.P.",4654,YOLO,Riverside Charitable Corporation,10533,2009-05-05,10-11,2026-08-22
"Belovida Santa Clara, L.P.",4657,SANTA CLARA,Charities Belovida LLC,20610,2009-06-15,09-10,2026-08-22
"Hill RHF Housing Partners, L.P.",4658,LOS ANGELES,"Hill RHF Housing, LLC",21317,2009-12-01,09-10,2026-08-22
"Olive RHF Housing Partners, L.P.",4659,LOS ANGELES,"Olive RHF Housing, LLC",21318,2009-12-01,09-10,2026-08-22
"Casa Feliz, L.P.",4660,SANTA CLARA,"Casa Feliz Studios, LLC",21308,2009-12-15,08-09,2026-08-22
"Tassafaronga Partners, L.P.",4661,ALAMEDA,Tassafaronga Housing Corporation,21326,2009-11-04,09-10,2026-08-22
"1260 North Harper Avenue, L.P.",4662,LOS ANGELES,West Hollywood Community Housing Corporation,13779,2009-06-16,09-10,2026-08-22
"San Pablo Senior Associates II, L.P.",4666,CONTRA COSTA,EAH - San Pablo,3977,2009-06-04,09-10,2026-08-22
"Columbus Preservation, L.P.",4669,LOS ANGELES,JHC-Columbus LLC,21233,2009-11-04,09-10,2026-08-22
"MP San Mateo Transit Associates, L.P.",4671,SAN MATEO,"MP Mezes, Inc.",8521,2009-11-17,08-09,2026-08-22
"44 McAllister Associates, L.P.",4672,SAN FRANCISCO,44 McAllister GP LLC,21355,2009-09-30,09-10,2026-08-22
"Andalucia Senior Apartments, L.P.",4673,LOS ANGELES,"Western Community Housing, Inc.",15708,2009-09-15,09-10,2026-08-22
"MP San Mateo Transit Associates, L.P.",4677,SAN MATEO,"MP Mezes, Inc.",8521,2009-11-17,08-09,2026-08-22
"Miramar Village Partners, LP",4678,LOS ANGELES,Assisted Living Foundation of America,16471,2009-07-10,09-10,2026-08-22
Healdsburg Family LP,4679,SONOMA,Healdsburg Family LLC,21433,2010-02-18,10-11,2026-08-22
"Academy Hall, L.P.",4680,LOS ANGELES,12010 South Vermont LLC,21434,2009-09-09,10-11,2026-08-22
"Fontana IV Housing Partners, L.P.",4681,SAN BERNARDINO,"Southern California Housing Development Corporation of Orange, The",12047,2009-12-01,10-11,2026-08-22
"Vista Lee Rosa Company, L.P.",4683,LOS ANGELES,"Haven for Affordable Housing, Inc.",5899,2010-04-07,08-09,2026-08-22
"Florida Street Housing Associates, L.P.",4684,SAN DIEGO,Another Nurturing Neighborhood LLC,21256,2009-09-14,10-11,2026-08-22
"Paseo Housing Associates, L.P.",4685,RIVERSIDE,"Coachella Valley Housing Coalition, The",2970,2010-03-03,09-10,2026-08-22
Terra Bella Development Company,4688,LOS ANGELES,"Haven for Affordable Housing, Inc.",5899,2013-02-11,08-09,2026-08-22
"Arendt House, L.P.",4690,SAN FRANCISCO,CHP Arendt LLC,21446,2010-10-07,09-10,2026-08-22
"Mission Gardens Affordable, L.P.",4691,SANTA CRUZ,Las Palmas Housing and Development Corporation,17925,2009-09-14,10-11,2026-08-22
"Santa Monica Housing Investors, L.P.",4693,LOS ANGELES,LINC Housing Corporation,7337,2009-09-29,08-09,2026-08-22
"Integrity Housing, L.P.",4694,ORANGE,"Anaheim Supportive Housing, Inc.",17274,2013-03-29,13-14,2026-08-22
"El Centro Senior Villas II, L.P.",4697,IMPERIAL,LINC Housing Corporation,7337,2009-09-29,09-10,2026-08-22
"Diamond Terrace Investors, L.P.",4698,CONTRA COSTA,Community Revitalization and Development Corporation,11591,2009-11-03,10-11,2026-08-22
"Ridge Investors, L.P., The",4699,KERN,Community Revitalization and Development Corporation,11591,2009-10-27,10-11,2026-08-22
"Seasons Senior Apartments, II, L.P.",4700,ORANGE,LINC Housing Corporation,7337,2010-01-28,09-10,2026-08-22
"Wakeland Village Green Apartments, L.P.",4702,SAN DIEGO,"Wakeland Village Green Apartments, LLC",21490,2010-01-20,10-11,2026-08-22
"Chinaberry, L.P.",4703,SAN DIEGO,"OHDC El Dorado, LLC",21491,2009-10-05,10-11,2026-08-22
"Chinaberry, L.P.",4704,SAN DIEGO,"OHDC El Dorado, LLC",21491,2009-10-05,10-11,2026-08-22
"Villa Montecito Associates, L.P.",4705,SAN JOAQUIN,Villa Montecito Apartments LLC,21493,2009-10-14,07-08,2026-08-22
"Marquis Place Apartments Associates, L.P.",4706,SAN JOAQUIN,Marquis Place Apartments LLC,21494,2010-03-03,08-09,2026-08-22
"Wysteria Development, L.P.",4707,SAN JOAQUIN,Wysteria Housing Company LLC,21495,2009-10-14,08-09,2026-08-22
"Villa Monterey Development, L.P.",4708,SAN JOAQUIN,Villa Monterey Housing Company LLC,21496,2009-10-14,09-10,2026-08-22
"Long Beach & Burnett, L.P.",4709,LOS ANGELES,"Western Community Housing, Inc.",15708,2009-09-22,10-11,2026-08-22
"Meera Town Homes, L.P.",4711,LOS ANGELES,Central Valley Coalition for Affordable Housing,2419,2009-12-23,09-10,2026-08-22
"Sherman Way Community Housing, L.P.",4712,LOS ANGELES,Abode Communities,7541,2009-09-29,09-10,2026-08-22
"Lacy & Raitt, L.P.",4713,ORANGE,"OHDC L&R, LLC",21502,2009-11-17,10-11,2026-08-22
"Lacy & Raitt, L.P.",4714,ORANGE,"OHDC L&R, LLC",21502,2009-11-17,10-11,2026-08-22
"Marymead Affordable Housing, L.P.",4715,YUBA,Marymead Affordable Housing LLC,21497,2009-10-14,08-09,2026-08-22
"3137 El Cajon Boulevard, L.P.",4716,SAN DIEGO,"S.V.D.P. Management, Inc.",10699,2009-09-22,09-10,2026-08-22
"Tree House Apartments, L.P.",4717,SANTA CLARA,PAHC California Park Corporation,9525,2009-10-29,10-11,2026-08-22
Fairgrounds Senior Housing. L.P.,4718,SANTA CLARA,"Pinmore HDC, Inc.",9849,2010-01-12,09-10,2026-08-22
"Lincoln Anaheim II Housing Partners, L.P.",4719,ORANGE,"Lincoln/Anaheim II Housing Partners MGP, LLC",21513,2010-02-03,10-11,2026-08-22
"Lincoln Anaheim I Housing Partners, L.P.",4720,ORANGE,"Lincoln/Anaheim I Housing Partners MGP, LLC",21514,2010-01-20,10-11,2026-08-22
"Larchmont Arms Associates, L.P.",4727,SACRAMENTO,"Affordable Housing Access, Inc.",14663,2009-10-13,10-11,2026-08-22
"Kohler Housing Associates, L.P.",4728,SACRAMENTO,"Affordable Housing Access, Inc.",14663,2009-11-06,10-11,2026-08-22
"Larchmont Housing Associates, L.P.",4729,SACRAMENTO,"Affordable Housing Access, Inc.",14663,2010-01-12,10-11,2026-08-22
"Sundale Arms Associates, L.P.",4730,ALAMEDA,"Affordable Housing Access, Inc.",14663,2010-01-05,10-11,2026-08-22
"Friendship Estates, L.P.",4739,SOLANO,"Affordable Housing Access, Inc.",14663,2009-12-23,10-11,2026-08-22
"7250 Di Giorgio Rd., L.P.",4741,KERN,Corporation for Better Housing,3474,2010-02-05,09-10,2026-08-22
"Tassafaronga Partners II, L.P.",4742,ALAMEDA,Tassafaronga Housing Corporation,21326,2010-03-11,10-11,2026-08-22
"Silver Sage CIC, L.P",4744,SAN DIEGO,Pacific Southwest Community Development Corporation,9498,2010-02-08,10-11,2026-08-22
"Jackson Cornerstone, L.P.",4749,AMADOR,Community Revitalization and Development Corporation,11591,2009-12-21,10-11,2026-08-22
"Lincoln Plaza, L.P.",4750,KINGS,"SHE-CEF 1, Inc.",16201,2010-08-18,09-10,2026-08-22
"Biola Village Partners, L.P.",4751,FRESNO,"SHE-CEF 1, Inc.",16201,2010-08-18,09-10,2026-08-22
"Bijou Woods Associates, L.P.",4753,EL DORADO,"Affordable Housing Access, Inc.",14663,2010-07-29,11-12,2026-08-22
"GV Eastridge Associates, L.P.",4757,NEVADA,"Affordable Housing Access, Inc.",14663,2010-03-25,10-11,2026-08-22
"Riverbank Pacific Associates, L.P.",4760,STANISLAUS,Central Valley Coalition for Affordable Housing,2419,2009-11-03,10-11,2026-08-22
"Kern Senior Housing, L.P.",4761,KERN,Community Revitalization and Development Corporation,11591,2009-11-12,10-11,2026-08-22
"Washington Plaza Partners, L.P.",4762,TULARE,"SHE-CEF 1, Inc.",16201,2010-09-30,10-11,2026-08-22
"Sand Creek Partners, L.P.",4763,TULARE,"SHE-CEF 1, Inc.",16201,2010-09-30,10-11,2026-08-22
"Rayen Apartments, L.P.",4767,LOS ANGELES,A Community of Friends,3218,2010-12-24,07-08,2026-08-22
"Easter Hill Phase II, L.P.",4774,CONTRA COSTA,RHA Housing Corporation,19301,2013-06-13,05-06,2026-08-22
"North Park Apartments II, L.P.",4775,TULARE,Central Valley Coalition for Affordable Housing,2419,2010-01-28,10-11,2026-08-22
"Rosewood Gardens Apartments, L.P.",4776,LOS ANGELES,"Los Angeles Housing Partnership, Inc.",7568,2010-05-13,09-10,2026-08-22
"Seven Maples, L.P.",4777,LOS ANGELES,"Los Angeles Housing Partnership, Inc.",7568,2010-04-21,09-10,2026-08-22
"Huntington Beach Senior Housing, L.P.",4784,ORANGE,Las Palmas Housing and Development Corporation,17925,2010-03-25,10-11,2026-08-22
"Lindsay Pacific Associates, L.P.",4785,TULARE,Kaweah Management Company,6907,2010-02-19,09-10,2026-08-22
"Camellia Pl., L.P.",4786,KERN,Corporation for Better Housing,3474,2010-03-04,10-11,2026-08-22
"Farmersville Pacific Associates, L.P.",4788,TULARE,Kaweah Management Company,6907,2010-02-26,10-11,2026-08-22
"Pacific Park Executive Plaza, L.P.",4789,STANISLAUS,AOF/Pacific Affordable Housing Corp.,646,2010-05-21,10-11,2026-08-22
5169 Hollywood Boulevard LP,4790,LOS ANGELES,"Foundation for Affordable Housing V, Inc.",15733,2010-05-21,10-11,2026-08-22
"Ridgeway Marin, L.P.",4791,MARIN,"Pacific Housing, Inc.",14273,2010-03-03,10-11,2026-08-22
"Shafter Housing Development, L.P.",4792,KERN,Cesar Chavez Foundation,8665,2012-03-28,11-12,2026-08-22
"Communidad Housing Development, L.P.",4793,KERN,Cesar Chavez Foundation,8665,2012-03-28,11-12,2026-08-22
"Olive Street Preservation, L.P.",4794,LOS ANGELES,"Olive Street Preservation MGP, LLC",21742,2010-01-15,10-11,2026-08-22
"2300 Van Ness Associates, L.P.",4795,SAN FRANCISCO,"2300 Van Ness, Inc.",21747,2012-01-03,00-01,2026-08-22
"Minna Street Associates, L.P.",4796,SAN FRANCISCO,"Minna Street, Inc.",21749,2011-11-21,95-96,2026-08-22
"Autumn Terrace Development Partners, L.P.",4798,SAN DIEGO,Cascade Housing Association,2185,2011-08-25,09-10,2026-08-22
"Covina Gardens, KBS, L.P.",4801,LOS ANGELES,Housing Corporation of America,6275,2010-01-20,10-11,2026-08-22
"Vintage Oaks Senior Apartments, L.P.",4802,SACRAMENTO,"RCC Vintage Oaks, LLC",21658,2010-06-10,10-11,2026-08-22
"Carson City Center Senior Housing, L.P.",4803,LOS ANGELES,Housing Corporation of America,6275,2010-02-22,10-11,2026-08-22
"Fanita 48, L.P.",4807,SAN DIEGO,Pacific Southwest Community Development Corporation,9498,2010-03-11,10-11,2026-08-22
"Canyon Creek Seniors, L.P.",4810,LOS ANGELES,Housing Corporation of America,6275,2010-04-01,10-11,2026-08-22
"AMCAL Andalucia Fund, L.P.",4811,LOS ANGELES,L.A. Lucas MGP LLC,21796,2010-06-09,10-11,2026-08-22
"Winfield Hill Associates, L.P.",4812,SANTA CLARA,"Winfield Hill, LLC",21797,2010-06-09,10-11,2026-08-22
"Mission Village Senior Apartments, L.P.",4813,RIVERSIDE,Southern California Housing Development Corporation of the Inland Empire,14301,2010-03-12,09-10,2026-08-22
"Salinas Pacific Associates, L.P.",4814,MONTEREY,Central Valley Coalition for Affordable Housing,2419,2010-05-28,10-11,2026-08-22
"UHC Elk Brown, L.P.",4815,SACRAMENTO,Central Valley Coalition for Affordable Housing,2419,2010-06-02,10-11,2026-08-22
"UHC Santa Rosa, L.P.",4816,SONOMA,Central Valley Coalition for Affordable Housing,2419,2010-06-02,10-11,2026-08-22
"UHC Elk Grove, L.P.",4817,SACRAMENTO,Central Valley Coalition for Affordable Housing,2419,2010-06-02,10-11,2026-08-22
"UHC Madera, L.P.",4818,MADERA,Central Valley Coalition for Affordable Housing,2419,2010-06-02,10-11,2026-08-22
"Downtown Galt Place Associates, L.P.",4820,SACRAMENTO,Community Revitalization and Development Corporation,11591,2011-01-04,10-11,2026-08-22
"Mecca Avenue 66 Community Partners, L.P.",4821,RIVERSIDE,Community Revitalization and Development Corporation,11591,2011-02-09,10-11,2026-08-22
"Mecca Avenue 66 Community Partners, L.P.",4822,RIVERSIDE,Community Revitalization and Development Corporation,11591,2011-02-09,10-11,2026-08-22
"Crescent City Apartments, L.P.",4823,DEL NORTE,Community Revitalization and Development Corporation,11591,2011-02-09,10-11,2026-08-22
"Golden Age Garden Housing Partners, L.P.",4824,SAN DIEGO,"Pacific Housing, Inc.",14273,2010-03-24,10-11,2026-08-22
"UHC Indio, L.P.",4825,RIVERSIDE,"WCH Affordable I, LLC",21845,2010-08-19,10-11,2026-08-22
"Lean Mean Fighting Machine, L.P.",4827,LOS ANGELES,Housing Corporation of America,6275,2011-05-27,11-12,2026-08-22
"South River Road Associates, L.P.",4828,SAN LUIS OBISPO,San Luis Obispo Nonprofit Housing Corporation,11181,2010-08-19,11-12,2026-08-22
"Seventh and Coronado Apartments, L.P.",4829,LOS ANGELES,"Los Angeles Housing Partnership, Inc.",7568,2010-09-02,11-12,2026-08-22
"Mills Family Housing Partners, L.P.",4830,SAN BERNARDINO,Southern California Housing Development Corporation of the Inland Empire,14301,2010-04-14,09-10,2026-08-22
"Escondido Senior Housing Partners, L.P.",4833,SAN DIEGO,"Southern California Housing Development Corporation of Orange, The",12047,2010-04-15,07-08,2026-08-22
"Peralta Seniors, L.P.",4834,ALAMEDA,"Eden Development, Inc.",20397,2010-04-15,10-11,2026-08-22
"Mercy Housing California XXXV, L.P.",4835,SACRAMENTO,Mercy Housing West,13507,2010-04-15,10-11,2026-08-22
"Durant - 1410, L.P.",4836,ORANGE,"OHDC Properties I, LLC",21852,2010-06-02,10-11,2026-08-22
"Evergreen Villas, L.P.",4837,ORANGE,"OHDC Properties I, LLC",21852,2010-05-14,10-11,2026-08-22
"Verbena San Ysidro, L.P.",4838,SAN DIEGO,Southern California Housing Collaborative,21783,2010-03-23,11-12,2026-08-22
"Regency Court Seniors, L.P.",4839,MONTEREY,Central Valley Coalition for Affordable Housing,2419,2010-06-22,10-11,2026-08-22
"Varenna Sacramento, L.P.",4840,SACRAMENTO,"Pacific Housing, Inc.",14273,2010-03-22,10-11,2026-08-22
"MV Rancho Dorado II, L.P.",4845,RIVERSIDE,Housing Corporation of America,6275,2010-04-15,10-11,2026-08-22
"Rosa Parks Villas, L.P.",4846,LOS ANGELES,Ward Economic Development Corporation,13665,2011-03-04,09-10,2026-08-22
"DHI Yuba Gardens Associates, L.P.",4851,YUBA,"Community Resident Services, Inc.",20833,2011-07-12,10-11,2026-08-22
"DHI Unity Estates Associates, L.P.",4853,FRESNO,"Community Resident Services, Inc.",20833,2011-07-12,10-11,2026-08-22
"DHI Rosswood Manor Associates, L.P.",4854,SACRAMENTO,"Community Resident Services, Inc.",20833,2011-07-12,10-11,2026-08-22
"DHI Willow Tree Associates, L.P.",4856,SACRAMENTO,"Community Resident Services, Inc.",20833,2011-07-12,10-11,2026-08-22
"DHI College View Associates, L.P.",4857,YUBA,"Community Resident Services, Inc.",20833,2010-04-15,10-11,2026-08-22
"DHI Park Hill Associates, L.P.",4858,ALAMEDA,"Community Resident Services, Inc.",20833,2011-07-12,10-11,2026-08-22
"DHI Tracy Village Associates, L.P.",4859,SAN JOAQUIN,"Community Resident Services, Inc.",20833,2011-07-12,10-11,2026-08-22
"Bryte Avenue Associates, L.P.",4860,YOLO,"Community Resident Services, Inc.",20833,2011-07-12,10-11,2026-08-22
"FM Florin Meadows Associates, L.P.",4861,SACRAMENTO,"Community Resident Services, Inc.",20833,2011-07-13,10-11,2026-08-22
"Seniors on Broadway, L.P.",4867,SAN DIEGO,"Metropolitan Area Advisory Committee on Anti-Poverty of San Diego Co., Inc.",8139,2010-04-20,06-07,2026-08-22
"El Patio, L.P.",4868,VENTURA,People's Self-Help Housing Corporation,9772,2010-11-16,10-11,2026-08-22
"West Hills Housing, L.P.",4869,FRESNO,Pico-Union Housing Corporation,9824,2010-07-02,10-11,2026-08-22
"Citrus Grove, L.P.",4871,ORANGE,"OHDC N. Lemon, LLC",21712,2010-05-05,10-11,2026-08-22
"East Rancho Verde Housing Partners, L.P.",4872,SAN BERNARDINO,Southern California Housing Development Corporation of the Inland Empire,14301,2010-06-23,09-10,2026-08-22
"EAH Rohlffs Concordia Manor, L.P.",4874,NAPA,EAH Bay Area Community LLC,19026,2010-12-09,10-11,2026-08-22
"Promenade, The",4875,LOS ANGELES,"Haven for Affordable Housing, Inc.",5899,2013-02-11,10-11,2026-08-22
"Kings Crossing, L.P.",4876,SANTA CLARA,Charities Kings Crossing LLC,20611,2010-09-30,10-11,2026-08-22
"Park View Terrace, L.P.",4879,LOS ANGELES,"Haven for Affordable Housing, Inc.",5899,2013-02-11,10-11,2026-08-22
Nantes Manor,4880,LOS ANGELES,"Haven for Affordable Housing, Inc.",5899,2013-02-11,10-11,2026-08-22
"Flores Gardens, L.P.",4881,SAN MATEO,"Haven for Affordable Housing, Inc.",5899,2013-02-11,10-11,2026-08-22
"SOHO Associates, L.P.",4883,VENTURA,SOHO Housing LLC,21952,2010-08-18,11-12,2026-08-22
"AMCAL Santa Fe Fund, L.P.",4885,KERN,Las Palmas Foundation,14526,2010-09-08,10-11,2026-08-22
"AMCAL Montecito Fund, L.P.",4887,LOS ANGELES,Las Palmas Foundation,14526,2010-12-24,11-12,2026-08-22
"AMCAL Mirandela Fund, L.P.",4888,LOS ANGELES,Las Palmas Foundation,14526,2011-04-27,10-11,2026-08-22
"Valley Vista Senior Housing, L.P.",4889,CONTRA COSTA,HumanGood Affordable Housing,2100,2019-04-25,19-20,2026-08-22
"Rancho Lindo Partners, L.P.",4890,KERN,"SHE-CEF 1, Inc.",16201,2010-06-08,11-12,2026-08-22
"Courtyard at Harvard Associates, L.P.",4891,VENTURA,Harvard Associates LLC,21984,2012-08-03,08-09,2026-08-22
"MP Hillsdale Townhouses, L.P.",4892,SANTA CLARA,"Mid-Peninsula Tyrella Corporation, Inc.",8199,2010-09-02,09-10,2026-08-22
"820 Burlington, L.P.",4893,LOS ANGELES,"Women Organizing Resources, Knowledge and Services",13987,2010-08-04,10-11,2026-08-22
"AMCAL Royale Fund, L.P.",4894,ORANGE,"Foundation for Affordable Housing V, Inc.",15733,2010-06-03,11-12,2026-08-22
"La Gloria, L.P.",4895,MONTEREY,"CHISPA La Gloria GP, LLC",21930,2010-06-04,11-12,2026-08-22
"Vineyard Green Townhomes, L.P.",4896,MONTEREY,"CHISPA Vineyard GP, LLC",21656,2010-06-04,10-11,2026-08-22
Main St. Plaza/ 4th St. L.P.,4898,LOS ANGELES,"Foundation for Affordable Housing II, Inc.",14278,2010-06-14,10-11,2026-08-22
"Plaza Patria Court. LTD., L.P.",4899,ORANGE,"Foundation for Affordable Housing V, Inc.",15733,2010-06-14,10-11,2026-08-22
"EAH Rohlffs Concordia Manor, L.P.",4900,NAPA,EAH Bay Area Community LLC,19026,2010-12-09,10-11,2026-08-22
"Hacienda Senior Villas, L.P.",4901,LOS ANGELES,"Foundation for Affordable Housing II, Inc.",14278,2010-06-14,10-11,2026-08-22
"Arroyo Grande Villas, L.P.",4903,NAPA,Napa Valley Community Housing,8590,2010-07-26,10-11,2026-08-22
"Montclair Senior Housing Partners, L.P.",4904,SAN BERNARDINO,San Antonio Gateway Housing Corporation,21819,2010-08-04,09-10,2026-08-22
"WNRA Chino 250, L.P.",4905,SAN BERNARDINO,"Hearthstone/WNRA JV, LLC",22042,2010-09-01,10-11,2026-08-22
"HPD Placerville, L.P.",4906,EL DORADO,National Housing Corporation,19377,2010-08-17,11-12,2026-08-22
"HPD Shannon Bay, L.P.",4907,PLACER,National Housing Corporation,19377,2010-08-17,11-12,2026-08-22
"AMCAL Mosaic Fund, L.P.",4908,LOS ANGELES,"Foundation for Affordable Housing V, Inc.",15733,2010-08-04,10-11,2026-08-22
"Regency Towers Senior Housing, L.P.",4909,LOS ANGELES,Housing Corporation of America,6275,2010-07-28,11-12,2026-08-22
"Nihonmachi Terrace, L.P.",4910,SAN FRANCISCO,"Japanese American Religious Federation Housing, Inc.",6711,2010-09-08,10-11,2026-08-22
"St. Josephs Senior, L.P.",4912,ALAMEDA,"Bridge Tower, LLC",19098,2010-06-29,11-12,2026-08-22
"Palm Springs View Apartments, Ltd., L.P.",4913,RIVERSIDE,"Foundation for Affordable Housing V, Inc.",15733,2010-10-20,11-12,2026-08-22
"AMCAL Summer Hill Fund, L.P.",4914,FRESNO,"Foundation for Affordable Housing V, Inc.",15733,2010-08-19,11-12,2026-08-22
"Courtyards in Long Beach Housing, L.P., The",4915,LOS ANGELES,"Holos, Inc.",19561,2011-01-27,11-12,2026-08-22
"1047 Rosamond Blvd., L.P.",4917,KERN,Corporation for Better Housing,3474,2010-06-30,08-09,2026-08-22
"10799 Poplar St., L.P.",4918,SAN BERNARDINO,Corporation for Better Housing,3474,2010-06-30,10-11,2026-08-22
"71 Carol Ln., L.P.",4919,CONTRA COSTA,Corporation for Better Housing,3474,2010-06-30,11-12,2026-08-22
"Ward Road Apartments II, L.P.",4920,MERCED,Corporation for Better Housing,3474,2010-06-30,10-11,2026-08-22
"Tahoe Senior Housing II, L.P.",4921,EL DORADO,HumanGood Affordable Housing,2100,2019-06-04,19-20,2026-08-22
"Norwood Housing Associates, L.P.",4922,SACRAMENTO,"Mutual Housing Corporation, Inc.",8555,2010-09-08,11-12,2026-08-22
"LINC-Arbor Village Apartments Housing Investors, L.P.",4923,SAN DIEGO,"LINC-Arbor Village Apartments, LLC",21929,2010-06-30,11-12,2026-08-22
"Senior Manor Fairfield, L.P.",4925,SOLANO,Solano Affordable Housing Foundation,11880,2010-08-18,10-11,2026-08-22
"20th & 18th Avenue Associates, L.P.",4926,KERN,Central Valley Coalition for Affordable Housing,2419,2010-07-23,09-10,2026-08-22
"Chico Parkside Terrace, L.P.",4927,BUTTE,Central Valley Coalition for Affordable Housing,2419,2010-07-22,10-11,2026-08-22
"Grove Park, L.P.",4929,ORANGE,JHC - Grove Park LLC,21713,2010-08-20,11-12,2026-08-22
"Ceres Way, L.P.",4930,ORANGE,JHC-Ceres Way LLC,22124,2010-07-28,11-12,2026-08-22
"Brookwood Terrace Family Apartments, L.P.",4931,SANTA CLARA,"Eden Brookwood, LLC",22136,2010-11-05,10-11,2026-08-22
"Ione Jose's Place, L.P.",4939,AMADOR,Central Valley Coalition for Affordable Housing,2419,2010-07-28,11-12,2026-08-22
Fairway Apartments,4943,SAN MATEO,"Haven for Affordable Housing, Inc.",5899,2013-02-11,10-11,2026-08-22
"Abajo Del Sol, L.P.",4944,LOS ANGELES,"WCH Affordable III, LLC",21847,2010-09-01,10-11,2026-08-22
"New Genesis Apartments, L.P.",4945,LOS ANGELES,"Skid Row Housing Trust, The",11808,2010-09-21,08-09,2026-08-22
"Reardon Heights Associates, L.P.",4946,SAN FRANCISCO,"Reardon Heights MGP, LLC",22153,2010-08-04,09-10,2026-08-22
"Fontana Valley Blvd. Houisng Partners, L.P.",4948,SAN BERNARDINO,"Fontana Valley Blvd. Housing Partners MGP, LLC",22142,2010-09-03,11-12,2026-08-22
"Grove Park, L.P.",4949,ORANGE,JHC - Grove Park LLC,21713,2010-07-29,11-12,2026-08-22
"Grove Park, L.P.",4950,ORANGE,JHC - Grove Park LLC,21713,2010-08-04,11-12,2026-08-22
"Baldwin Village, L.P.",4969,LOS ANGELES,"WCH Affordable III, LLC",21847,2010-08-20,10-11,2026-08-22
"Baldwin Village, L.P.",4970,LOS ANGELES,"WCH Affordable III, LLC",21847,2010-08-20,10-11,2026-08-22
"Baldwin Village, L.P.",4971,LOS ANGELES,"WCH Affordable III, LLC",21847,2010-08-20,10-11,2026-08-22
"Baldwin Village, L.P.",4972,LOS ANGELES,"WCH Affordable III, LLC",21847,2010-08-20,10-11,2026-08-22
"Baldwin Village, L.P.",4973,LOS ANGELES,"WCH Affordable III, LLC",21847,2010-08-20,10-11,2026-08-22
Avalon/Nicolet Family Apts. L.P.,4977,LOS ANGELES,"WCH Affordable III, LLC",21847,2010-08-31,10-11,2026-08-22
"Tri-City Housing, L.P.",4979,LOS ANGELES,"WCH Affordable III, LLC",21847,2010-08-20,10-11,2026-08-22
"Tri-City Housing, L.P.",4980,LOS ANGELES,"WCH Affordable III, LLC",21847,2010-08-20,10-11,2026-08-22
"Tri-City Housing, L.P.",4981,LOS ANGELES,"WCH Affordable III, LLC",21847,2010-08-20,10-11,2026-08-22
"Tri-City Housing, L.P.",4982,LOS ANGELES,"WCH Affordable III, LLC",21847,2010-08-20,10-11,2026-08-22
"Parkview on the Park, L.P.",4984,LOS ANGELES,"Los Angeles Housing Partnership, Inc.",7568,2010-08-27,11-12,2026-08-22
"Hanford Pacific Associates, L.P.",4985,KINGS,Central Valley Coalition for Affordable Housing,2419,2010-08-31,10-11,2026-08-22
"Winters Pacific Associates, L.P.",4986,YOLO,Central Valley Coalition for Affordable Housing,2419,2010-10-07,11-12,2026-08-22
"Compton Senior Housing, L.P.",4987,LOS ANGELES,"LINC-Compton Senior Apartments, LLC",22044,2010-09-14,11-12,2026-08-22
"LINC-Palace Hotel Apartments Housing Investors, L.P.",4988,LOS ANGELES,"LINC-Palace Hotel Apartments, LLC",22043,2010-08-27,11-12,2026-08-22
"Eighth Street Housing, L.P.",4989,SAN JOAQUIN,"Eighth Street Development, LLC",22180,2011-02-22,09-10,2026-08-22
"UHC 00415 Big Bear Lake, L.P.",4990,SAN BERNARDINO,Central Valley Coalition for Affordable Housing,2419,2010-08-31,11-12,2026-08-22
"Milan Town Homes, L.P.",4991,LOS ANGELES,Central Valley Coalition for Affordable Housing,2419,2010-08-31,10-11,2026-08-22
"Cedar Gateway, L.P",4992,SAN DIEGO,"Pacific Housing, Inc.",14273,2010-09-01,11-12,2026-08-22
"Emerald Cove, L.P.",4993,ORANGE,"JHC - Emerald Cove, LLC",21921,2010-09-01,11-12,2026-08-22
"UHC 00437 Escondido, L.P.",4994,SAN DIEGO,"WCH Affordable I, LLC",21845,2010-09-01,11-12,2026-08-22
"UHC 00437 Escondido, L.P.",4996,SAN DIEGO,"WCH Affordable I, LLC",21845,2010-09-17,11-12,2026-08-22
"UHC 00437 Escondido, L.P.",4997,SAN DIEGO,"WCH Affordable I, LLC",21845,2010-09-17,11-12,2026-08-22
"UHC 00437 Escondido, L.P.",4998,SAN DIEGO,"WCH Affordable I, LLC",21845,2010-09-17,11-12,2026-08-22
"UHC 00437 Escondido, L.P.",4999,SAN DIEGO,"WCH Affordable I, LLC",21845,2010-09-17,11-12,2026-08-22
"UHC 00437 Escondido, L.P.",5000,SAN DIEGO,"WCH Affordable I, LLC",21845,2010-09-17,11-12,2026-08-22
"UHC 00437 Escondido, L.P.",5001,SAN DIEGO,"WCH Affordable I, LLC",21845,2010-09-17,11-12,2026-08-22
"UHC 00437 Escondido, L.P.",5002,SAN DIEGO,"WCH Affordable I, LLC",21845,2010-09-17,11-12,2026-08-22
"UHC 00437 Escondido, L.P.",5003,SAN DIEGO,"WCH Affordable I, LLC",21845,2010-09-17,11-12,2026-08-22
"UHC 00437 Escondido, L.P.",5004,SAN DIEGO,"WCH Affordable I, LLC",21845,2010-09-17,11-12,2026-08-22
"UHC 00437 Escondido, L.P.",5005,SAN DIEGO,"WCH Affordable I, LLC",21845,2010-09-17,11-12,2026-08-22
"UHC 00437 Escondido, L.P.",5006,SAN DIEGO,"WCH Affordable I, LLC",21845,2010-09-17,11-12,2026-08-22
"UHC 00437 Escondido, L.P.",5007,SAN DIEGO,"WCH Affordable I, LLC",21845,2010-09-17,11-12,2026-08-22
"Jamboree Greenleaf, L.P.",5008,ORANGE,"JHC-Greenleaf, LLC",21710,2023-05-05,23-24,2026-08-22
"Parc Grove Commons II, L.P.",5009,FRESNO,"Silvercrest, Inc.",11739,2012-05-17,11-12,2026-08-22
"WP Kearney Palms Senior Apartments II, L.P.",5010,FRESNO,"Better Opportunities Builders, Inc.",6273,2011-11-07,10-11,2026-08-22
"Kerman Acre, L.P.",5011,FRESNO,"Better Opportunities Builders, Inc.",6273,2011-11-23,11-12,2026-08-22
"AMCAL Cordova Fund, L.P.",5013,FRESNO,"Better Opportunities Builders, Inc.",6273,2011-08-15,10-11,2026-08-22
"Evergreen Villas, L.P.",5014,ORANGE,"OHDC Properties I, LLC",21852,2010-09-29,11-12,2026-08-22
"90 Archer, L.P.",5015,SANTA CLARA,"Archer Charities, LLC",22241,2010-12-31,10-11,2026-08-22
"CIC Oakridge Apts., L.P.",5016,STANISLAUS,Pacific Southwest Community Development Corporation,9498,2010-09-29,11-12,2026-08-22
"Farmersville Senior Associates, L.P.",5017,TULARE,Kaweah Management Company,6907,2010-11-18,11-12,2026-08-22
"Dinuba Pacific Associates, L.P.",5018,TULARE,Kaweah Management Company,6907,2012-05-16,10-11,2026-08-22
"MP Fair Oaks I, L.P.",5019,SANTA CLARA,"Mid-Peninsula Carroll-Street, Inc",8165,2010-11-18,11-12,2026-08-22
"Landings II, L.P.",5021,SAN DIEGO,Pacific Southwest Community Development Corporation,9498,2010-09-30,11-12,2026-08-22
"1562 4th Street Partners, L.P.",5022,LOS ANGELES,CARE Housing Services Corporation,2069,2010-12-27,11-12,2026-08-22
"Citrus Grove Housing Partners, L.P.",5024,SAN BERNARDINO,Southern California Housing Development Corporation of the Inland Empire,14301,2010-10-20,10-11,2026-08-22
"Kimball Crossing, L.P.",5025,TEHAMA,Central Valley Coalition for Affordable Housing,2419,2010-11-19,11-12,2026-08-22
"UHC 00317 North Hills, L.P.",5026,LOS ANGELES,"WCH Affordable I, LLC",21845,2010-11-04,11-12,2026-08-22
"Vista Meadows Associates, L.P.",5027,SAN BENITO,Vista Meadows LLC,22301,2011-02-22,11-12,2026-08-22
"Bixel House Apartments, L.P.",5028,LOS ANGELES,Hearthstone Housing Foundation,5954,2010-12-03,11-12,2026-08-22
"Richman Court, L.P.",5029,ORANGE,"OHDC Properties I, LLC",21852,2010-12-03,11-12,2026-08-22
"MP Union City TOD I, L.P.",5030,ALAMEDA,"Union City TOD I, LLC",22319,2012-03-20,11-12,2026-08-22
"El Monte Affordable Housing Partners, L.P.",5032,LOS ANGELES,"California Housing and Youth Services, Inc.",21772,2010-11-16,11-12,2026-08-22
"Pacific Meadows Senior Housing, L.P.",5033,MONTEREY,"Pacific Meadows Senior, LLC",22338,2011-03-29,11-12,2026-08-22
"Honolulu Street Partners, L.P.",5034,TULARE,Community Revitalization and Development Corporation,11591,2010-12-30,11-12,2026-08-22
"Village at Broad Street Family Housing, L.P.",5036,SAN LUIS OBISPO,"Pacific Housing, Inc.",14273,2010-12-09,11-12,2026-08-22
"Fremont Main Street Village, L.P.",5037,ALAMEDA,"MP Preservation, Inc.",14582,2011-01-26,11-12,2026-08-22
"UHC Morgan Hill, L.P.",5038,SANTA CLARA,Central Valley Coalition for Affordable Housing,2419,2010-12-08,11-12,2026-08-22
"CIC South Mill Creek, L.P.",5040,KERN,Pacific Southwest Community Development Corporation,9498,2010-12-22,11-12,2026-08-22
"Wakeland Vista Grande Apartments, L.P.",5041,SAN DIEGO,"Wakeland Vista Grande Apartments, LLC",22379,2010-12-23,11-12,2026-08-22
"Orvieto Family Apartments, L.P.",5042,SANTA CLARA,"Eden Orvieto, LLC",22381,2011-02-11,11-12,2026-08-22
"Orange Villas, L.P.",5044,SAN DIEGO,Coronado Interfaith Housing Corporation,19620,2011-03-16,11-12,2026-08-22
"Snowberry Senior Apartments, L.P.",5046,RIVERSIDE,Riverside Charitable Corporation,10533,2011-01-25,11-12,2026-08-22
"Vintage Plaza Partnership, L.P.",5047,SAN JOAQUIN,"MarieRose Developments, LLC",22060,2010-12-22,11-12,2026-08-22
"Fontana Valley Blvd. II Housing Partners, L.P.",5048,SAN BERNARDINO,"Fontana Valley Blvd. II Housing Partners MGP, LLC",22387,2010-12-24,11-12,2026-08-22
"Brighton Place, L.P.",5050,SAN DIEGO,Brighton Avenue Interfaith Housing Corporation,22251,2011-01-26,11-12,2026-08-22
"Los Cuatro Vientos, L.P.",5051,LOS ANGELES,East LA Community Corporation,4031,2011-03-23,11-12,2026-08-22
"Las Margaritas, L.P.",5052,LOS ANGELES,East LA Community Corporation,4031,2011-03-23,11-12,2026-08-22
"Yale Street Family Housing, L.P.",5053,LOS ANGELES,FFAH V - Yale Street LLC,22393,2011-06-16,11-12,2026-08-22
"Tehachapi Housing Investors, L.P.",5054,KERN,"Foundation for Affordable Housing V, Inc.",15733,2010-12-28,11-12,2026-08-22
"Imani Fe, LP",5055,LOS ANGELES,Grant Housing and Economic Development Corporation,19514,2011-06-03,08-09,2026-08-22
"UHC 00381 Morgan Hill, L.P.",5056,SANTA CLARA,Central Valley Coalition for Affordable Housing,2419,2011-01-05,11-12,2026-08-22
"Juanita SRO Housing Partners, L.P.",5057,LOS ANGELES,Path Ventures,20874,2011-01-06,09-10,2026-08-22
"Mercy Housing California XL, L.P.",5058,SAN FRANCISCO,Mercy Housing Calwest,101,2011-02-11,11-12,2026-08-22
"Goshen Village Partners II, L.P.",5059,TULARE,"Goshen Village II, LLC",22400,2012-05-08,11-12,2026-08-22
"Claremont Village Housing Partners, L.P.",5061,LOS ANGELES,"JHC-Claremont Village, LLC",22401,2011-05-18,11-12,2026-08-22
"Tonner Hills Housing Partners, L.P.",5062,ORANGE,JHC-Tonner Hills LLC,21711,2011-01-06,11-12,2026-08-22
"Evergreen Villas, L.P.",5063,ORANGE,"OHDC Properties I, LLC",21852,2011-01-06,11-12,2026-08-22
"Redding East Street Associates, L.P.",5064,SHASTA,"LINC-East Street Senior Apartments, LLC",22115,2010-12-31,11-12,2026-08-22
"Crossings Phase II, L.P., The",5065,SAN MATEO,"Crossing Phase II MGP, LLC, The",22402,2011-01-12,11-12,2026-08-22
"Crossings Phase I, L.P., The",5066,SAN MATEO,"Crossings Phase I MGP, LLC, The",22403,2011-01-12,11-12,2026-08-22
California Investors I,5067,MONTEREY,"California Housing and Youth Services, Inc.",21772,2011-01-27,11-12,2026-08-22
"Columbus Properties, L.P.",5069,LOS ANGELES,Hermandad Mexicana Nacional,6015,2011-10-05,07-08,2026-08-22
"Memory Park Multihousing, Ltd., L.P.",5070,LOS ANGELES,"Neighborhood Partners, Inc.",8745,2011-01-07,06-07,2026-08-22
"Clara Court, L.P.",5071,MENDOCINO,Pine Gardens I Inc.,16044,2011-02-11,10-11,2026-08-22
"Court and Paradise Apartments, L.P.",5072,TULARE,Kaweah Management Company,6907,2011-02-10,10-11,2026-08-22
"Mercy Housing California XLI, L.P.",5073,SAN FRANCISCO,"Mercy Housing California XLI, LLC",22327,2011-02-11,10-11,2026-08-22
"Azahar Place Associates, L.P.",5074,VENTURA,Azahar Associates LLC,21190,2011-05-09,11-12,2026-08-22
"Valle Naranjal Associates, L.P.",5075,VENTURA,"Valle Naranjal, LLC",22425,2013-02-23,11-12,2026-08-22
"Camino Gonzalez Associates, L.P.",5076,VENTURA,"Camino Gonzalez, LLC",22426,2013-06-05,11-12,2026-08-22
"Plaza Amistad Associates II, L.P",5077,VENTURA,Cabrillo Economic Development Corporation,1675,2011-06-30,11-12,2026-08-22
"Plaza Amistad Associates, L.P.",5078,VENTURA,Cabrillo Economic Development Corporation,1675,2011-05-09,11-12,2026-08-22
"Central Station Associates, L.P.",5079,VENTURA,Cabrillo Economic Development Corporation,1675,2011-02-01,09-10,2026-08-22
"HPD Oak Tree, L.P.",5080,RIVERSIDE,National Housing Corporation,19377,2011-02-01,11-12,2026-08-22
"HPD Boles Creek, L.P.",5081,SISKIYOU,National Housing Corporation,19377,2011-02-02,11-12,2026-08-22
"Poway Family Housing Partners, L.P.",5082,SAN DIEGO,"Foundation for Affordable Housing V, Inc.",15733,2011-02-01,10-11,2026-08-22
"Belmont Affordable Partners, L.P.",5084,LOS ANGELES,"Western Community Housing, Inc.",15708,2011-02-01,10-11,2026-08-22
"Olivewood Housing Partners, L.P.",5085,SAN DIEGO,"Pacific Housing, Inc.",14273,2011-02-01,10-11,2026-08-22
"Mid-Peninsula Castroville Associates, L.P.",5086,MONTEREY,"Mid-Peninsula Tyrella Corporation, Inc.",8199,2011-06-16,11-12,2026-08-22
"Trestle Glen Associates, L.P.",5091,SAN MATEO,"MCB Family Housing, Inc.",20782,2011-02-03,11-12,2026-08-22
"HPD Anderson, L.P.",5101,SHASTA,National Housing Corporation,19377,2011-02-01,11-12,2026-08-22
"Kings Beach Housing Associates, L.P.",5102,PLACER,Housing Corporation of America,6275,2012-02-27,12-13,2026-08-22
"Siena Court Apartments, L.P.",5103,CONTRA COSTA,Housing Corporation of America,6275,2011-02-11,11-12,2026-08-22
"12th Street Partners, L.P.",5104,SACRAMENTO,Housing Corporation of America,6275,2011-02-18,11-12,2026-08-22
"YBC Development II, L.P.",5105,SAN FRANCISCO,"MHDC CA MGP, LLC",22295,2011-03-17,11-12,2026-08-22
"UHC LA 29, L.P.",5106,LOS ANGELES,"WCH Affordable I, LLC",21845,2011-02-18,11-12,2026-08-22
"WAV Apartments Partners, L.P.",5108,VENTURA,"Wav Partners, LLC",22126,2011-02-09,09-10,2026-08-22
"A & S TC Investments, L.P.",5109,LOS ANGELES,LINC Housing Corporation,7337,2011-02-11,12-13,2026-08-22
"Somerset Glen Apartments, L.P.",5110,LOS ANGELES,LINC-Somerset Glen LLC,22394,2011-02-11,11-12,2026-08-22
"Hayworth House, L.P.",5111,LOS ANGELES,West Hollywood Community Housing Corporation,13779,2011-02-17,11-12,2026-08-22
"Eden Arroyo Vista Associates, L.P.",5112,ORANGE,"Eden Arroyo Vista, LLC",22465,2011-04-27,11-12,2026-08-22
"Ocean Structure, L.P.",5113,LOS ANGELES,Helpful Housing,22456,2012-06-06,11-12,2026-08-22
"Menifee Vineyards, L.P.",5114,RIVERSIDE,Housing Corporation of America,6275,2011-02-28,11-12,2026-08-22
"Eden Lodge, L.P.",5115,ALAMEDA,"Eden Lodge, LLC",22477,2011-04-27,11-12,2026-08-22
"RC Investment Group, L.P.",5116,RIVERSIDE,"Beneficial Housing Foundation, The",22450,2011-09-30,11-12,2026-08-22
"RC Investment Group, L.P.",5117,SAN BERNARDINO,"Beneficial Housing Foundation, The",22450,2011-09-30,11-12,2026-08-22
"RC Investment Group, L.P.",5118,RIVERSIDE,"Beneficial Housing Foundation, The",22450,2011-09-30,11-12,2026-08-22
"Orland Pacific Associates, L.P.",5119,GLENN,Quality Housing Development Corporation,10191,2011-06-08,10-11,2026-08-22
"Pixley Investment Group, L.P.",5120,TULARE,"Beneficial Housing Foundation, The",22450,2011-09-30,11-12,2026-08-22
"Buttonwood Villa, LTD., L.P.",5121,MERCED,"Beneficial Housing Foundation, The",22450,2011-09-30,11-12,2026-08-22
"Brawley Pioneers, L.P.",5125,IMPERIAL,Pacific Southwest Community Development Corporation,9498,2011-10-10,12-13,2026-08-22
"Hillview Glen, L.P.",5127,SANTA CLARA,"Eden Development, Inc.",20397,2011-04-27,11-12,2026-08-22
"Terracina Vineyard Apartments, L.P.",5129,SACRAMENTO,Riverside Charitable Corporation,10533,2011-03-01,11-12,2026-08-22
"Terracina Cathedral City Apartments, L.P.",5130,RIVERSIDE,Riverside Charitable Corporation,10533,2011-03-01,11-12,2026-08-22
"Las Serenas Senior Apartments, L.P.",5131,VENTURA,Riverside Charitable Corporation,10533,2011-03-01,11-12,2026-08-22
"Fireside Affordable Housing Associates, L.P.",5132,MARIN,"Eden Investments, Inc.",4102,2011-03-01,11-12,2026-08-22
"Richman Court, L.P.",5134,ORANGE,"OHDC Properties I, LLC",21852,2011-02-28,11-12,2026-08-22
"Historic Altenheim Partners, L.P.",5135,ALAMEDA,"Eden Altenheim I, LLC",22481,2011-04-27,11-12,2026-08-22
"New Altenheim Partners, L.P.",5136,ALAMEDA,"Eden Investments, Inc.",4102,2011-03-01,11-12,2026-08-22
"Ashland Village Apartments, L.P.",5137,ALAMEDA,"Eden Investments, Inc.",4102,2011-03-01,11-12,2026-08-22
"Hemet Leased Housing Associates I, L.P.",5138,RIVERSIDE,Central Valley Coalition for Affordable Housing,2419,2011-03-01,11-12,2026-08-22
"Banning Leased Housing Associates I, L.P.",5140,RIVERSIDE,Central Valley Coalition for Affordable Housing,2419,2011-03-01,11-12,2026-08-22
"Victorville Pacific Associates, L.P.",5141,SAN BERNARDINO,Central Valley Coalition for Affordable Housing,2419,2011-03-01,11-12,2026-08-22
"Maya Town Homes, L.P.",5142,LOS ANGELES,Central Valley Coalition for Affordable Housing,2419,2011-03-01,10-11,2026-08-22
"Sycamore Senior Apartments, L.P.",5143,VENTURA,Central Valley Coalition for Affordable Housing,2419,2011-03-01,10-11,2026-08-22
"Sage Pointe Family Housing Partners, L.P.",5144,SAN DIEGO,"Nexus for Affordable Housing, Inc.",17120,2011-03-02,11-12,2026-08-22
"Garvey Senior Affordable Partners, L.P.",5145,LOS ANGELES,AHCDC Garvey LLC,22342,2011-04-27,11-12,2026-08-22
"Rolling Hills Housing Associates, L.P.",5146,SAN LUIS OBISPO,People's Self-Help Housing Corporation,9772,2013-09-11,11-12,2026-08-22
"Arvin Square, L.P.",5147,KERN,"Housing Alternatives, Inc.",6272,2013-08-29,11-12,2026-08-22
"Chestnut View, L.P.",5148,YUBA,"Housing Alternatives, Inc.",6272,2013-08-29,11-12,2026-08-22
"Highlands San Ramon, L.P.",5149,CONTRA COSTA,"Pacific Housing, Inc.",14273,2011-03-03,11-12,2026-08-22
"UHC 00516 Rancho Cordova, L.P.",5150,SACRAMENTO,Valley Initiative for Affordable Housing,22366,2011-02-25,11-12,2026-08-22
"Ocean Structure, L.P.",5151,LOS ANGELES,Helpful Housing,22456,2012-06-06,12-13,2026-08-22
"Ocean Structure, L.P.",5152,LOS ANGELES,Helpful Housing,22456,2012-06-06,11-12,2026-08-22
"Ocean Structure, L.P.",5153,LOS ANGELES,Helpful Housing,22456,2012-06-06,11-12,2026-08-22
"Ocean Structure, L.P.",5154,LOS ANGELES,Helpful Housing,22456,2012-06-06,11-12,2026-08-22
"Calexico Andrade, L.P.",5155,IMPERIAL,Pacific Southwest Community Development Corporation,9498,2011-10-10,12-13,2026-08-22
"Amorosa I, L.P.",5156,SONOMA,Burbank Housing Development Corporation,1632,2011-06-01,10-11,2026-08-22
"Kern 2008 Community Partners, L.P.",5158,KERN,Central Valley Coalition for Affordable Housing,2419,2011-03-01,11-12,2026-08-22
"Kern 2008 Community Partners, L.P.",5159,KERN,Central Valley Coalition for Affordable Housing,2419,2011-03-01,11-12,2026-08-22
"Windsor Redwoods, L.P.",5161,SONOMA,"Windsor Redwoods, LLC",22524,2011-03-04,11-12,2026-08-22
"Fife Creek Commons, L.P.",5162,SONOMA,"FIFE, LLC",22525,2012-04-06,11-12,2026-08-22
"Amorosa II, L.P.",5163,SONOMA,"Amorosa II, LLC",22526,2011-08-23,10-11,2026-08-22
"PHD Apartments, L.P.",5164,LOS ANGELES,LTSC Community Development Corporation,7654,2011-03-08,11-12,2026-08-22
"Aparicio Community Apartments, L.P.",5169,SANTA BARBARA,Surf Development Company,15513,2011-03-08,11-12,2026-08-22
"Julian Street Partners, L.P.",5172,SANTA CLARA,"Avenida Espana HDC, Inc.",22000,2011-06-03,11-12,2026-08-22
"Mercy Housing California XXXIX, L.P.",5174,SAN JOAQUIN,Mercy Housing Calwest,101,2011-04-27,11-12,2026-08-22
"Epworth Apartments, L.P.",5175,LOS ANGELES,LTSC Community Development Corporation,7654,2011-05-18,11-12,2026-08-22
"Gridley Oaks Apartments, L.P.",5176,BUTTE,Central Valley Coalition for Affordable Housing,2419,2011-03-23,11-12,2026-08-22
"Winters Almondwood, L.P.",5177,YOLO,Central Valley Coalition for Affordable Housing,2419,2011-03-23,11-12,2026-08-22
"Armona Pacific Associates, L.P.",5178,KINGS,Kings County Management and Development Corporation,17851,2011-03-23,11-12,2026-08-22
"Desert Highlands Associates, L.P.",5179,RIVERSIDE,"Desert Highlands, LLC",22269,2011-08-19,10-11,2026-08-22
"HPD Baldwin-Squaw, L.P.",5180,RIVERSIDE,National Housing Corporation,19377,2011-03-22,11-12,2026-08-22
"HPD Baldwin-Squaw, L.P.",5181,RIVERSIDE,National Housing Corporation,19377,2011-03-22,11-12,2026-08-22
"Crescent Manor Partners, L.P.",5182,SAN FRANCISCO,AOF/Pacific Affordable Housing Corp.,646,2011-03-22,11-12,2026-08-22
"30 Novato Associates, L.P.",5183,MARIN,AOF/Pacific Affordable Housing Corp.,646,2011-03-22,11-12,2026-08-22
"HPD Anderson, L.P.",5184,SHASTA,National Housing Corporation,19377,2011-05-12,11-12,2026-08-22
"HPD Anderson, L.P.",5185,SHASTA,National Housing Corporation,19377,2011-05-12,11-12,2026-08-22
"Manteca Atherton Associates, L.P.",5186,SAN JOAQUIN,Community Revitalization and Development Corporation,11591,2011-05-09,12-13,2026-08-22
"Hudson Oaks, L.P.",5187,LOS ANGELES,Abode Community Housing,3806,2011-06-30,11-12,2026-08-22
"220 Golden Gate Associates, L.P.",5195,SAN FRANCISCO,"Turk Street, Inc.",17937,2011-06-09,10-11,2026-08-22
"Alabama Street Senior Housing Associates, L.P.",5196,SAN FRANCISCO,"Turk Street, Inc.",17937,2011-07-06,11-12,2026-08-22
"Alabama Street Housing Associates, L.P.",5197,SAN FRANCISCO,"Turk Street, Inc.",17937,2011-07-06,11-12,2026-08-22
"Mid-Peninsula Castroville Associates, L.P.",5198,MONTEREY,"Mid-Peninsula Tyrella Corporation, Inc.",8199,2011-06-16,11-12,2026-08-22
"Magnolia Highland, L.P.",5201,SAN BERNARDINO,"WCH Affordable VII, LLC",22588,2011-05-18,11-12,2026-08-22
"Vermont 4925, L.P.",5202,LOS ANGELES,"Western Community Housing, Inc.",15708,2011-05-19,11-12,2026-08-22
"Garnsey, L.P.",5203,ORANGE,"OHDC Properties I, LLC",21852,2011-05-19,12-13,2026-08-22
"Long Beach Senior Artists Colony, L.P.",5204,LOS ANGELES,"Century Affordable Development, Inc.",18179,2011-05-19,12-13,2026-08-22
"Rosslyn Hotel Apartments, L.P.",5205,LOS ANGELES,"SRO Commercial, LLC",22657,2011-07-26,11-12,2026-08-22
"Artisan Court, L.P.",5206,SANTA BARBARA,"Artisan CMGP, LLC",22083,2011-07-12,10-11,2026-08-22
"Lorena Apartments, L.P.",5207,LOS ANGELES,"LINC-Irvine Associates, LLC",22658,2011-06-15,11-12,2026-08-22
"Mercado CIC, L.P.",5208,SAN DIEGO,Pacific Southwest Community Development Corporation,9498,2011-05-19,12-13,2026-08-22
"Long Beach Regal, L.P.",5209,LOS ANGELES,"Century Affordable Development, Inc.",18179,2011-05-19,12-13,2026-08-22
"622 S. Velare Street Associates, L.P.",5210,ORANGE,"WCH Affordable IV, LLC",22451,2011-05-19,11-12,2026-08-22
"751 Driskell Ave., L.P.",5213,STANISLAUS,Corporation for Better Housing,3474,2011-06-01,09-10,2026-08-22
"2 Shasta Ct., L.P.",5214,MADERA,Corporation for Better Housing,3474,2011-06-08,09-10,2026-08-22
"650 Hail Ln., L.P.",5215,KERN,Corporation for Better Housing,3474,2011-06-01,08-09,2026-08-22
"Jackson Preservation, L.P.",5217,AMADOR,LINC Housing Corporation,7337,2011-07-14,11-12,2026-08-22
"1250 N. Harper Bldg 1, L.P.",5219,LOS ANGELES,"Los Angeles Housing Partnership, Inc.",7568,2011-06-02,12-13,2026-08-22
"1250 N. Harper Bldg 2, L.P.",5220,LOS ANGELES,"Los Angeles Housing Partnership, Inc.",7568,2011-06-02,12-13,2026-08-22
"Thousand Palms Apartments, L.P.",5222,RIVERSIDE,"WCH Affordable IV, LLC",22451,2011-06-02,12-13,2026-08-22
"Sherman Village Apartments, L.P.",5223,LOS ANGELES,"WCH Affordable VII, LLC",22588,2011-06-02,12-13,2026-08-22
"Kern 2008 Community Partners, L.P.",5224,KERN,Central Valley Coalition for Affordable Housing,2419,2011-05-17,11-12,2026-08-22
"Arcadia Campus Commons, L.P.",5225,LOS ANGELES,Community Revitalization and Development Corporation,11591,2011-12-30,11-12,2026-08-22
"Eureka Aster Place, L.P.",5226,HUMBOLDT,Community Revitalization and Development Corporation,11591,2011-06-02,11-12,2026-08-22
"Aparicio Community Apartments, L.P.",5228,SANTA BARBARA,Surf Development Company,15513,2011-06-03,11-12,2026-08-22
"Aparicio Community Apartments, L.P.",5229,SANTA BARBARA,Surf Development Company,15513,2011-06-03,11-12,2026-08-22
"Aparicio Community Apartments, L.P.",5230,SANTA BARBARA,Surf Development Company,15513,2011-06-03,11-12,2026-08-22
"Aparicio Community Apartments, L.P.",5231,SANTA BARBARA,Surf Development Company,15513,2011-06-03,11-12,2026-08-22
"Rochdale Grange, L.P.",5232,YOLO,New Hope Community Development Corporation,14915,2011-06-03,11-12,2026-08-22
"NoHo Senior Artists Colony, L.P.",5233,LOS ANGELES,"WCH Affordable V, LLC",22586,2011-06-03,11-12,2026-08-22
Casa Esperanza Limited Partnership,5234,LOS ANGELES,"Casa Esperanza Holdings, LLC",22377,2023-06-23,23-24,2026-08-22
"Vista Alegre, L.P.",5235,LOS ANGELES,New Economics for Women,8812,2013-04-19,10-11,2026-08-22
"Amcal Mercado Fund, L.P.",5236,RIVERSIDE,Las Palmas Foundation,14526,2011-06-03,12-13,2026-08-22
"1250 N. Harper Bldg 1, L.P.",5238,LOS ANGELES,"Los Angeles Housing Partnership, Inc.",7568,2011-06-02,12-13,2026-08-22
"1250 N. Harper Bldg 1, L.P.",5239,LOS ANGELES,"Los Angeles Housing Partnership, Inc.",7568,2011-06-02,12-13,2026-08-22
"1250 N. Harper Bldg 2, L.P.",5240,LOS ANGELES,"Los Angeles Housing Partnership, Inc.",7568,2011-06-02,12-13,2026-08-22
"1250 N. Harper Bldg 2, L.P.",5241,LOS ANGELES,"Los Angeles Housing Partnership, Inc.",7568,2011-06-02,12-13,2026-08-22
"1250 N. Harper Bldg 2, L.P.",5242,LOS ANGELES,"Los Angeles Housing Partnership, Inc.",7568,2011-06-02,12-13,2026-08-22
"Amorosa I, L.P.",5243,SONOMA,Burbank Housing Development Corporation,1632,2011-06-08,11-12,2026-08-22
"15th & Commercial, L.P.",5244,SAN DIEGO,"Bishop Maher Center, LLC",22589,2011-06-09,11-12,2026-08-22
"Claremont Village Housing Partners, L.P.",5245,LOS ANGELES,"JHC-Claremont Village, LLC",22401,2011-06-08,11-12,2026-08-22
"Fabian Way Associates, L.P.",5246,SANTA CLARA,"Northpoint Housing, Inc.",9078,2011-06-15,12-13,2026-08-22
"Cornerstone at Japantown, L.P.",5248,SANTA CLARA,"Cecilia Place Homes, Inc.",2244,2011-07-14,11-12,2026-08-22
"Glassell Park, L.P.",5249,LOS ANGELES,"Glassell Park GP, LLC",22722,2011-10-10,11-12,2026-08-22
"Belovida at Newbury Park, L.P.",5250,SANTA CLARA,"Cecilia Place Homes, Inc.",2244,2011-11-02,10-11,2026-08-22
"West Covina Senior Villas II, L.P.",5251,LOS ANGELES,"TELACU Affordable Housing II, Inc.",16448,2012-04-06,10-11,2026-08-22
"Pomona Community Partners, L.P.",5252,LOS ANGELES,AOF/Pacific Affordable Housing Corp.,646,2011-07-14,11-12,2026-08-22
"Sorrento Tower Housing Partners, L.P.",5253,SAN DIEGO,Hearthstone Housing Foundation,5954,2011-10-25,12-13,2026-08-22
"PRW Residences, L.P.",5254,LOS ANGELES,"Holos, Inc.",19561,2025-04-29,25-26,2026-08-22
"NoHo Senior Villas, L.P.",5255,LOS ANGELES,"Holos, Inc.",19561,2025-04-29,25-26,2026-08-22
"HPD Silsby Gardens, L.P.",5256,RIVERSIDE,National Housing Corporation,19377,2011-07-13,12-13,2026-08-22
"HPD Silsby Gardens, L.P.",5257,SAN BERNARDINO,National Housing Corporation,19377,2011-07-13,12-13,2026-08-22
"Artisan Court, L.P.",5258,SANTA BARBARA,"Hearthstone/SBHA JV, LLC",22758,2011-07-12,10-11,2026-08-22
"Oakdale Heritage Oak Seniors, L.P.",5259,STANISLAUS,Central Valley Coalition for Affordable Housing,2419,2011-07-20,12-13,2026-08-22
"Arvin Pacific Associates, L.P.",5260,KERN,Valley Initiative for Affordable Housing,22366,2011-07-20,12-13,2026-08-22
"Watsonville Pacific Associates, L.P.",5261,SANTA CRUZ,Valley Initiative for Affordable Housing,22366,2011-07-26,12-13,2026-08-22
"Forestwood, L.P.",5262,SACRAMENTO,Riverside Charitable Corporation,10533,2011-07-26,10-11,2026-08-22
"NoHo Senior Villas, L.P.",5263,LOS ANGELES,"Holos, Inc.",19561,2011-07-29,12-13,2026-08-22
"NoHo Senior Villas, L.P.",5264,LOS ANGELES,"Holos, Inc.",19561,2011-07-29,12-13,2026-08-22
"Mom's, L.P.",5265,SANTA BARBARA,Transition House,12843,2011-08-04,12-13,2026-08-22
"Mom's, L.P.",5266,SANTA BARBARA,Riverside Charitable Corporation,10533,2011-08-04,12-13,2026-08-22
"WP Kearney Palms Senior Apartments Phase III, L.P.",5268,FRESNO,Central Valley Coalition for Affordable Housing,2419,2011-08-19,12-13,2026-08-22
"Normandie Senior Housing Partners, L.P.",5269,LOS ANGELES,"Normandie Senior Housing Partners GP, LLC",22794,2012-09-04,11-12,2026-08-22
"PATH Villas Osage Apartments, L.P.",5270,LOS ANGELES,PATH Villas,22797,2013-08-15,11-12,2026-08-22
"South Street Anaheim Housing Partners, L.P.",5272,ORANGE,"South Street Anaheim Housing Partners MGP, LLC",22807,2011-08-17,12-13,2026-08-22
"Capital Foresight Communities I, L.P.",5273,RIVERSIDE,"AOF/Pacific CF Communities, LLC",22808,2011-10-14,12-13,2026-08-22
"Tulare 2010 Community Partners, L.P.",5274,TULARE,Central Valley Coalition for Affordable Housing,2419,2011-08-18,12-13,2026-08-22
"Tulare 2010 Community Partners, L.P.",5275,TULARE,Central Valley Coalition for Affordable Housing,2419,2011-08-18,12-13,2026-08-22
"Tulare 2010 Community Partners, L.P.",5276,TULARE,Central Valley Coalition for Affordable Housing,2419,2011-08-18,12-13,2026-08-22
"Tulare 2010 Community Partners, L.P.",5277,TULARE,Central Valley Coalition for Affordable Housing,2419,2011-08-18,12-13,2026-08-22
"AMCAL Sunrise Fund, L.P.",5278,LOS ANGELES,Las Palmas Foundation,14526,2011-08-25,11-12,2026-08-22
"Wescott Road Partners, L.P.",5279,COLUSA,Community Revitalization and Development Corporation,11591,2011-08-31,12-13,2026-08-22
"Cleveland Avenue Partners, L.P.",5280,MADERA,Community Revitalization and Development Corporation,11591,2011-08-31,12-13,2026-08-22
"St. Charles Street Partners, L.P.",5281,CALAVERAS,Community Revitalization and Development Corporation,11591,2011-08-31,12-13,2026-08-22
"HPD Sunnyslope, L.P.",5282,SAN BERNARDINO,National Housing Corporation,19377,2011-08-25,12-13,2026-08-22
"Village II Suisun, L.P.",5283,SOLANO,Solano Affordable Housing Foundation,11880,2011-08-31,11-12,2026-08-22
"VPM Bridges Apartments, L.P.",5284,ORANGE,"VPM Bridges Apartments MGP, LLC",22822,2011-12-29,12-13,2026-08-22
"Dana Strand Senior Housing, L.P.",5285,LOS ANGELES,"La Cienega Lomod, Inc.",7067,2011-08-31,11-12,2026-08-22
"Evergreen Villas, L.P.",5286,ORANGE,"OHDC Properties I, LLC",21852,2011-09-01,12-13,2026-08-22
"Evergreen Villas, L.P.",5287,ORANGE,"OHDC Properties I, LLC",21852,2011-09-01,12-13,2026-08-22
"Evergreen Villas, L.P.",5288,ORANGE,"OHDC Properties I, LLC",21852,2011-09-01,12-13,2026-08-22
"Evergreen Villas, L.P.",5289,ORANGE,"OHDC Properties I, LLC",21852,2011-09-01,12-13,2026-08-22
"Evergreen Villas, L.P.",5290,ORANGE,"OHDC Properties I, LLC",21852,2011-09-01,12-13,2026-08-22
"1621 Mesa Drive, L.P.",5291,ORANGE,AOF/Pacific Affordable Housing Corp.,646,2011-09-15,12-13,2026-08-22
"Oregon Investors XI, L.P.",5293,SAN DIEGO,Cascade Housing Association,2185,2011-10-04,10-11,2026-08-22
"Eden Dougherty, L.P.",5294,ALAMEDA,"Eden Dougherty, LLC",22853,2011-09-14,12-13,2026-08-22
"Warner Creek Senior Housing, L.P.",5296,MARIN,"Eden Investments, Inc.",4102,2011-09-21,12-13,2026-08-22
"Windham Village Affordable, L.P.",5297,SONOMA,Las Palmas Housing and Development Corporation,17925,2011-10-10,12-13,2026-08-22
"Folsom/Dore Associates, L.P.",5298,SAN FRANCISCO,"Turk Street, Inc.",17937,2011-10-10,12-13,2026-08-22
"AMCAL Mission Fund, L.P.",5299,SAN DIEGO,Las Palmas Foundation,14526,2011-09-21,12-13,2026-08-22
"Regent 145, L.P.",5300,LOS ANGELES,"Foundation for Affordable Housing V, Inc.",15733,2011-09-21,12-13,2026-08-22
"Mc Clelland Santa Maria, L.P.",5301,SANTA BARBARA,Surf Development Company,15513,2011-09-21,11-12,2026-08-22
"Pioneer Towers RHF Partners, L.P.",5302,SACRAMENTO,"Pioneer Towers RHF Housing, LLC",22874,2011-12-01,12-13,2026-08-22
"5555 Hollywood, L.P.",5303,LOS ANGELES,"WCH Affordable V, LLC",22586,2011-09-22,12-13,2026-08-22
"Buckingham Senior Apartments, L.P.",5304,LOS ANGELES,"WCH Affordable V, LLC",22586,2011-09-22,12-13,2026-08-22
"Vintage Chateau, L.P.",5306,SONOMA,Riverside Charitable Corporation,10533,2011-09-29,11-12,2026-08-22
"Ridge Elk Grove, L.P.",5307,SACRAMENTO,"Pacific Housing, Inc.",14273,2011-10-10,11-12,2026-08-22
"North Oakland Senior Housing Associates, L.P.",5308,ALAMEDA,Christian Church Homes,2722,2013-03-13,10-11,2026-08-22
"Evergreen Villas, L.P.",5309,ORANGE,"OHDC Properties I, LLC",21852,2011-10-04,12-13,2026-08-22
"Evergreen Villas, L.P.",5310,ORANGE,"OHDC Properties I, LLC",21852,2011-10-04,12-13,2026-08-22
"Evergreen Villas, L.P.",5311,ORANGE,"OHDC Properties I, LLC",21852,2011-10-04,12-13,2026-08-22
"Evergreen Villas, L.P.",5312,ORANGE,"OHDC Properties I, LLC",21852,2011-10-05,12-13,2026-08-22
"Encanto Del Mar Apartments, L.P.",5313,VENTURA,"Encanto Del Mar Apartments, LLC",22323,2011-10-06,11-12,2026-08-22
"Downs Senior Housing Associates, L.P.",5314,ALAMEDA,Christian Church Homes,2722,2013-03-13,10-11,2026-08-22
"Fame Santa Monica Senior Apartments, L.P.",5315,LOS ANGELES,"FSMRC Senior Apartments, LLC",22904,2011-11-22,10-11,2026-08-22
"Acacia Lane Senior Apartments, L.P.",5317,SONOMA,"Caulfield Lane Senior Housing, Inc.",2236,2011-11-02,12-13,2026-08-22
"Fresno Renaissance at Trinity, L.P.",5318,FRESNO,"Silvercrest, Inc.",11739,2011-10-21,11-12,2026-08-22
"Pottery Court Housing Associates, L.P.",5319,RIVERSIDE,"Pottery Court, LLC",22916,2011-10-25,12-13,2026-08-22
"Foothill Farms Associates, L.P.",5320,SACRAMENTO,"Foothill Farms Senior, LLC",22918,2011-10-25,12-13,2026-08-22
"Amanda Park Apartments, L.P.",5321,RIVERSIDE,"RCC Vintage Oaks, LLC",21658,2011-11-10,12-13,2026-08-22
"Laguna Seniors II, L.P.",5322,SACRAMENTO,Riverside Charitable Corporation,10533,2011-11-03,12-13,2026-08-22
"Gridley Pacific Associates, L.P.",5323,BUTTE,Central Valley Coalition for Affordable Housing,2419,2011-11-03,12-13,2026-08-22
"Montecito Apartments Housing, L.P.",5325,LOS ANGELES,Housing Corporation of America,6275,2011-11-03,12-13,2026-08-22
"Arcata Plaza Point, L.P.",5326,HUMBOLDT,Community Revitalization and Development Corporation,11591,2011-11-21,12-13,2026-08-22
"Terramar CIC, L.P.",5327,SAN DIEGO,Pacific Southwest Community Development Corporation,9498,2011-11-01,12-13,2026-08-22
"Oroville Pacific Associates II, L.P.",5328,BUTTE,Central Valley Coalition for Affordable Housing,2419,2011-11-01,12-13,2026-08-22
"Laguna Seniors II, L.P.",5329,SACRAMENTO,"Life Skills Training and Educational Program, Inc.",20519,2011-11-03,12-13,2026-08-22
"Tule Vista Associates, L.P.",5331,TULARE,Kaweah Management Company,6907,2011-11-07,11-12,2026-08-22
"Evergreen Villas, L.P.",5332,ORANGE,"OHDC Properties I, LLC",21852,2011-11-07,12-13,2026-08-22
"Evergreen Villas, L.P.",5333,ORANGE,"OHDC Properties I, LLC",21852,2011-11-07,12-13,2026-08-22
"Evergreen Villas, L.P.",5334,ORANGE,"OHDC Properties I, LLC",21852,2011-11-07,12-13,2026-08-22
"Canby Woods, L.P.",5335,LOS ANGELES,Housing Corporation of America,6275,2011-11-04,12-13,2026-08-22
"Presidio El Camino, L.P.",5336,SANTA CLARA,Central Valley Coalition for Affordable Housing,2419,2011-11-23,12-13,2026-08-22
"Harmon Gardens, L.P.",5337,ALAMEDA,"Satellite AHA Development, Inc.",16,2013-08-23,14-15,2026-08-22
"San Sevaine Villas, L.P.",5338,SAN BERNARDINO,"San Sevaine Villas, LLC",22899,2011-12-01,10-11,2026-08-22
"Fame Santa Monica Senior Apartments, L.P.",5339,LOS ANGELES,"FSMRC Senior Apartments, LLC",22904,2011-12-07,10-11,2026-08-22
"Fame Santa Monica Senior Apartments, L.P.",5340,LOS ANGELES,"FSMRC Senior Apartments, LLC",22904,2011-12-07,10-11,2026-08-22
"Sereno Village Associates, L.P.",5342,SOLANO,Eden Sereno LLC,23006,2012-03-20,12-13,2026-08-22
"Ford Apartments, L.P.",5343,LOS ANGELES,Single Room Occupancy Housing Corporation,11749,2011-12-14,11-12,2026-08-22
"Merced Pacific Associates, L.P.",5344,MERCED,Riverside Charitable Corporation,10533,2011-12-08,12-13,2026-08-22
"East Carson Housing Partners, L.P.",5347,LOS ANGELES,"East Carson Housing Partners MGP, LLC",23016,2011-12-15,12-13,2026-08-22
"Arc Light Co Affordable, LP",5348,SAN FRANCISCO,Urban Preservation Foundation,21405,2013-03-07,11-12,2026-08-22
"Evergreen Villas, L.P.",5350,ORANGE,"OHDC Properties I, LLC",21852,2011-12-14,12-13,2026-08-22
"Taylor Oaks Apartments Investors, L.P.",5351,SANTA CLARA,"Pacific Housing, Inc.",14273,2012-01-25,12-13,2026-08-22
"2245 Valley View St., L.P.",5352,FRESNO,Corporation for Better Housing,3474,2011-12-16,12-13,2026-08-22
"640 Meadows St., L.P.",5353,KERN,Corporation for Better Housing,3474,2013-05-15,12-13,2026-08-22
"Standard Lakeside I, L.P.",5354,ALAMEDA,Pacific Southwest Community Development Corporation,9498,2012-02-27,12-13,2026-08-22
"Moorpark20, L.P.",5355,VENTURA,Santa Barbara Housing Assistance Corporation,11239,2013-07-30,11-12,2026-08-22
"New Hope Home, L.P.",5356,LOS ANGELES,"New Hope Home, LLC",23031,2012-04-06,12-13,2026-08-22
"Reseda Boulevard Associates, L.P.",5357,LOS ANGELES,"Eden Windscape, LLC",23032,2012-05-07,11-12,2026-08-22
"Star-VC East, L. P.",5358,NEVADA,"WHA-VC East G/P, LLC",23033,2012-04-06,12-13,2026-08-22
"Hudson Manor Housing Partners, L.P.",5359,CONTRA COSTA,"Pacific Housing, Inc.",14273,2011-12-23,12-13,2026-08-22
"East 11th, L.P.",5360,ALAMEDA,RCD Housing LLC,20927,2012-01-25,12-13,2026-08-22
"Mija Town Homes, L.P.",5361,LOS ANGELES,Community Revitalization and Development Corporation,11591,2011-12-29,12-13,2026-08-22
"6th and Oak Associates, L.P.",5362,ALAMEDA,"Satellite AHA Development, Inc.",16,2013-08-23,14-15,2026-08-22
"Franklin Street Family Apartments, L.P.",5363,SANTA CLARA,"Pacific Housing, Inc.",14273,2011-12-23,12-13,2026-08-22
"LA Pro I Preservation, L.P.",5364,LOS ANGELES,LINC Housing Corporation,7337,2012-11-17,11-12,2026-08-22
"Forrest Palms, L.P.",5366,SACRAMENTO,"Forrest Palms, LLC",23049,2012-08-31,11-12,2026-08-22
"Evergreen Villas, L.P.",5367,ORANGE,"OHDC Properties I, LLC",21852,2011-12-30,12-13,2026-08-22
"Evergreen Villas, L.P.",5368,ORANGE,"OHDC Properties I, LLC",21852,2011-12-30,12-13,2026-08-22
"Evergreen Villas, L.P.",5369,ORANGE,"OHDC Properties I, LLC",21852,2011-12-30,12-13,2026-08-22
"Evergreen Villas, L.P.",5370,ORANGE,"OHDC Properties I, LLC",21852,2011-12-30,12-13,2026-08-22
"Evergreen Villas, L.P.",5371,ORANGE,"OHDC Properties I, LLC",21852,2012-02-27,12-13,2026-08-22
"Turk & Eddy Associates, L.P.",5372,SAN FRANCISCO,Turk & Eddy GP LLC,23054,2017-09-26,11-12,2026-08-22
"High Place West, L.P.",5373,LOS ANGELES,Community Corporation of Santa Monica,3145,2012-08-31,12-13,2026-08-22
"2602 Broadway, L.P.",5374,LOS ANGELES,Community Corporation of Santa Monica,3145,2012-02-08,12-13,2026-08-22
"96 Shasta Ct., L.P.",5375,MADERA,Corporation for Better Housing,3474,2012-10-08,12-13,2026-08-22
"34967 Yucaipa Blvd., L.P.",5376,SAN BERNARDINO,Corporation for Better Housing,3474,2012-02-08,12-13,2026-08-22
"15999 Avenue 327, L.P.",5377,TULARE,Corporation for Better Housing,3474,2012-02-08,12-13,2026-08-22
"Pacific Sun Apartments CIC, L.P.",5378,ORANGE,"Colette's Children Home, Inc.",17672,2012-05-08,12-13,2026-08-22
"Buena Vista Orange, L.P.",5379,ORANGE,"OHDC Tax Credit I, LLC",22411,2012-01-25,12-13,2026-08-22
"7777 Valley View, L.P.",5381,ORANGE,AOF/Pacific Affordable Housing Corp.,646,2012-02-08,12-13,2026-08-22
"Westlake Village Housing Partners, L.P.",5382,SAN DIEGO,"Southern California Housing Development Corporation of Orange, The",12047,2020-01-17,13-14,2026-08-22
"Boyle Hotel, L.P.",5383,LOS ANGELES,"Boyle Hotel, LLC",23065,2012-02-01,12-13,2026-08-22
"Geary Housing Partners, L.P.",5384,SAN FRANCISCO,"Northpoint Housing, Inc.",9078,2012-02-27,12-13,2026-08-22
"Figueroa 7621, L.P.",5385,LOS ANGELES,"WCH Affordable V, LLC",22586,2012-02-27,12-13,2026-08-22
"Millbrae Pacific Associates, L.P.",5386,SAN MATEO,Central Valley Coalition for Affordable Housing,2419,2012-03-09,12-13,2026-08-22
"Mendota Huron Community Partners, L.P.",5387,FRESNO,Central Valley Coalition for Affordable Housing,2419,2012-03-09,12-13,2026-08-22
"Mendota Huron Community Partners, L.P.",5388,FRESNO,Central Valley Coalition for Affordable Housing,2419,2012-03-09,12-13,2026-08-22
"Mendota Huron Community Partners, L.P.",5389,FRESNO,Central Valley Coalition for Affordable Housing,2419,2012-03-09,12-13,2026-08-22
"Mendota Huron Community Partners, L.P.",5390,FRESNO,Central Valley Coalition for Affordable Housing,2419,2012-03-09,12-13,2026-08-22
"Antelope Pacific Associates, L.P.",5391,SACRAMENTO,Central Valley Coalition for Affordable Housing,2419,2012-03-09,12-13,2026-08-22
"Chico Bidwell Associates, L.P.",5392,BUTTE,Central Valley Coalition for Affordable Housing,2419,2012-03-09,12-13,2026-08-22
"Evergreen Villas, L.P.",5393,ORANGE,"OHDC Properties I, LLC",21852,2012-03-09,12-13,2026-08-22
"Evergreen Villas, L.P.",5394,ORANGE,"OHDC Properties I, LLC",21852,2012-03-09,12-13,2026-08-22
"Evergreen Villas, L.P.",5395,ORANGE,"OHDC Properties I, LLC",21852,2012-03-09,13-14,2026-08-22
"La Coruna Senior Apartments, L.P.",5396,LOS ANGELES,"WCH Affordable II, LLC",21846,2012-02-08,12-13,2026-08-22
"Amcal Park Place Fund, L.P.",5399,LOS ANGELES,"Foundation for Affordable Housing VIII, Inc.",14401,2012-03-01,12-13,2026-08-22
"Atascadero California Manor, L.P.",5400,SAN LUIS OBISPO,Central Valley Coalition for Affordable Housing,2419,2012-03-09,12-13,2026-08-22
"WP Hacienda Heights Apartments, L.P.",5401,FRESNO,Central Valley Coalition for Affordable Housing,2419,2012-06-06,12-13,2026-08-22
"Mt. Shasta Alta Vista Manor, L.P.",5403,SISKIYOU,Central Valley Coalition for Affordable Housing,2419,2012-03-21,12-13,2026-08-22
"MV Hemlock, L.P.",5405,RIVERSIDE,Housing Corporation of America,6275,2013-09-17,12-13,2026-08-22
"Summer Park Apartment Investors, L.P.",5407,DEL NORTE,Community Revitalization and Development Corporation,11591,2012-07-09,12-13,2026-08-22
"Evergreen Apartments, L.P.",5408,LOS ANGELES,"Evergreen Apartments GP, LLC",23074,2012-09-10,12-13,2026-08-22
"Market Park Partners, L.P.",5409,LOS ANGELES,"Pacific Housing, Inc.",14273,2012-03-16,12-13,2026-08-22
"Stonegate Housing Partners, L.P.",5411,ORANGE,"Stonegate Housing, LLC",22684,2012-04-26,11-12,2026-08-22
"Paseo Nuevo Partners, L.P.",5412,VENTURA,"Las Cortes, Inc.",22946,2012-06-26,12-13,2026-08-22
"9th Street Associates, L.P.",5417,CONTRA COSTA,"AHCDC Pittsburg 3, LLC",22818,2012-07-06,12-13,2026-08-22
"Santa Ana Station District Housing Partners, L.P.",5421,ORANGE,"Santa Ana Station District MGP, LLC",23080,2012-03-20,12-13,2026-08-22
Hesperia at 9th Phase III LP,5422,SAN BERNARDINO,"AHA - Hesperia lll, LLC",19954,2021-09-16,21-22,2026-08-22
Hesperia at 9th Phase I LP,5423,SAN BERNARDINO,"AHA - Hesperia l, LLC",19956,2021-09-16,21-22,2026-08-22
"Poway Villas Housing Associates, L.P.",5424,SAN DIEGO,"CHW Civic Center, LLC",22659,2012-07-06,12-13,2026-08-22
"Ridgecrest Pacific Associates, L.P.",5425,KERN,Valley Initiative for Affordable Housing,22366,2012-03-01,12-13,2026-08-22
"MP Minto Associates, L.P.",5426,SANTA CRUZ,"Mid-Peninsula The Farm, Inc.",8198,2012-03-21,11-12,2026-08-22
"Villa Esperanza, L.P.",5427,LOS ANGELES,"Casa Esperanza Holdings, LLC",22377,2013-05-14,12-13,2026-08-22
"Madison Street Lofts, L.P.",5428,ALAMEDA,"Satellite AHA Development, Inc.",16,2013-08-23,14-15,2026-08-22
"Allston House Associates, L.P.",5429,ALAMEDA,"Satellite AHA Development, Inc.",16,2013-08-23,14-15,2026-08-22
2719 Foothill L.P.,5431,ALAMEDA,"Satellite AHA Development, Inc.",16,2013-08-23,14-15,2026-08-22
"Ashby Lofts Associates, L.P.",5432,ALAMEDA,"Satellite AHA Development, Inc.",16,2013-08-23,14-15,2026-08-22
"Tulare Pacific Associates, L.P.",5433,TULARE,Kaweah Management Company,6907,2012-03-21,12-13,2026-08-22
"Post Shadowbrook, L.P.",5434,FRESNO,"Foundation for Affordable Housing V, Inc.",15733,2012-03-28,12-13,2026-08-22
"Post Brookhollow, L.P.",5435,LOS ANGELES,"Foundation for Affordable Housing V, Inc.",15733,2012-03-27,12-13,2026-08-22
"CIC El Centro Family Apts., L.P.",5437,IMPERIAL,Pacific Southwest Community Development Corporation,9498,2012-03-28,12-13,2026-08-22
"Mercy Housing California 53, L.P.",5439,SAN FRANCISCO,Madonna Housing LLC,23108,2012-07-09,12-13,2026-08-22
"Whittier Family Apartments, L.P.",5440,LOS ANGELES,"LINC Housing-Whittier, LLC",23109,2012-08-02,12-13,2026-08-22
"Connections Housing Downtown, L.P.",5441,SAN DIEGO,"PATH Connections, LLC",23118,2013-10-24,12-13,2026-08-22
"AMCAL MacArthur Fund, L.P.",5442,ALAMEDA,Las Palmas Foundation,14526,2012-07-27,12-13,2026-08-22
"Sacramento Senior Homes, L.P.",5444,ALAMEDA,"Satellite AHA Development, Inc.",16,2013-08-23,14-15,2026-08-22
"Adeline Lofts Associates, L.P.",5445,ALAMEDA,"Satellite AHA Development, Inc.",16,2013-08-26,14-15,2026-08-22
"Del Rey Square, L.P.",5448,LOS ANGELES,"La Cienega Lomod, Inc.",7067,2012-04-25,12-13,2026-08-22
"Los Alamos Creekside Village, L.P.",5449,SANTA BARBARA,Surf Development Company,15513,2013-11-21,12-13,2026-08-22
"Villa Washington, L.P.",5452,LOS ANGELES,"Intercontinental Affordable Housing, Inc.",14130,2012-03-19,11-12,2026-08-22
"Glenoaks Gardens, L.P.",5453,LOS ANGELES,L.A. Family Housing Corporation,7561,2012-08-01,12-13,2026-08-22
"Fontana Toscana, L.P.",5454,SAN BERNARDINO,Housing Corporation of America,6275,2012-07-06,13-14,2026-08-22
"MV Rancho Dorado, L.P.",5455,RIVERSIDE,Housing Corporation of America,6275,2012-06-19,12-13,2026-08-22
"KC Investment Group, L.P.",5456,KERN,"Beneficial Housing Foundation, The",22450,2012-04-24,12-13,2026-08-22
"KC Investment Group, L.P.",5457,KERN,"Beneficial Housing Foundation, The",22450,2012-04-26,12-13,2026-08-22
"KC Investment Group, L.P.",5458,KERN,"Beneficial Housing Foundation, The",22450,2012-04-26,12-13,2026-08-22
"KC Investment Group, L.P.",5459,KERN,"Beneficial Housing Foundation, The",22450,2012-04-26,12-13,2026-08-22
"KC Investment Group, L.P.",5460,KERN,"Beneficial Housing Foundation, The",22450,2012-04-26,12-13,2026-08-22
"Tavarua Senior Apartments, L.P.",5461,SAN DIEGO,"WCH Affordable VII, LLC",22588,2012-04-25,12-13,2026-08-22
"Wadsworth Preservation, L.P.",5463,LOS ANGELES,LINC Community Development Corporation,15856,2013-03-11,12-13,2026-08-22
"Anderson Regency II Associates, L.P.",5464,SHASTA,"LINC-Encino Associates, LLC",23136,2012-11-15,11-12,2026-08-22
"Oakland Housing Investors, L.P.",5465,ALAMEDA,"LINC-Irvine Associates, LLC",22658,2012-08-03,12-13,2026-08-22
"EQR-Glo Apartments, L.P.",5468,LOS ANGELES,"Pacific Housing, Inc.",14273,2012-04-27,12-13,2026-08-22
"Palo Alto Family, L.P.",5471,SANTA CLARA,"Eden Investments, Inc.",4102,2012-04-27,12-13,2026-08-22
"Villas at Gower, L.P., The",5472,LOS ANGELES,A Community of Friends,3218,2013-09-17,11-12,2026-08-22
"Vendome Palms, L.P.",5473,LOS ANGELES,A Community of Friends,3218,2013-05-23,11-12,2026-08-22
"Osborne Place, L.P.",5474,LOS ANGELES,A Community of Friends,3218,2013-05-23,11-12,2026-08-22
"ANF Family Partners II, L.P.",5475,SOLANO,"South PACE GP, LLC",23148,2021-12-30,20-21,2026-08-22
"Fresno Renaissance at Alta Monte, L.P.",5477,FRESNO,"Silvercrest, Inc.",11739,2013-03-25,12-13,2026-08-22
"Toussin Senior Apartments, L.P.",5479,MARIN,PEP Housing,9790,2025-02-11,23-24,2026-08-22
"Step Up On Fifth, L.P.",5480,LOS ANGELES,A Community of Friends,3218,2013-10-02,07-08,2026-08-22
"Menlo Family Housing, L.P",5481,LOS ANGELES,LTSC Community Development Corporation,7654,2013-05-17,12-13,2026-08-22
"Stevenson Housing Associates, L.P.",5486,ALAMEDA,"Community Resident Services, Inc.",20833,2012-11-27,12-13,2026-08-22
"Step Up On Vine, L.P.",5488,LOS ANGELES,"Step Up On Vine, LLC",23168,2012-07-09,12-13,2026-08-22
"AMCAL Pujol Fund, L.P.",5489,RIVERSIDE,Las Palmas Foundation,14526,2012-08-01,13-14,2026-08-22
"Sonterra Housing Investors, L.P.",5490,IMPERIAL,"TELACU Homes, Inc.",12632,2018-08-15,18-19,2026-08-22
"Casa Berendo, L.P",5495,LOS ANGELES,"Intercontinental Affordable Housing, Inc.",14130,2012-04-06,11-12,2026-08-22
"Parksdale Village Partners II, L.P.",5496,MADERA,"Parksdale Village II, LLC",22871,2012-04-06,12-13,2026-08-22
"Santa Ana WBBB, L.P.",5535,ORANGE,"OHDC WBBB, LLC",23192,2013-09-11,12-13,2026-08-22
"Santa Ana WBBB, L.P.",5536,ORANGE,"OHDC WBBB, LLC",23192,2013-02-07,12-13,2026-08-22
"Santa Ana WBBB, L.P.",5537,ORANGE,"OHDC WBBB, LLC",23192,2013-02-07,12-13,2026-08-22
"Santa Ana WBBB, L.P.",5538,ORANGE,"OHDC WBBB, LLC",23192,2013-02-07,12-13,2026-08-22
"Hillcrest Drive, L.P.",5539,VENTURA,"Hillcrest Drive, LLC",22856,2012-05-08,12-13,2026-08-22
1555 Santa Clara Street. L.P.,5540,FRESNO,"Silvercrest, Inc.",11739,2012-05-08,12-13,2026-08-22
"Willis Avenue Apartments, L.P.",5541,LOS ANGELES,A Community of Friends,3218,2012-05-17,10-11,2026-08-22
"Forester Square, L.P.",5542,SAN DIEGO,"Wakeland Forester Square, LLC",23226,2013-09-17,12-13,2026-08-22
"Alameda Islander, L.P., The",5543,ALAMEDA,RCD Housing LLC,20927,2013-05-23,12-13,2026-08-22
"Fountain Crest, L.P.",5546,SAN BERNARDINO,"JHC-Fountain Crest, LLC",23015,2012-06-05,12-13,2026-08-22
"Keller Housing Associates, L.P.",5547,ALAMEDA,"Keller Housing Initiatives, Inc.",6917,2012-06-06,00-01,2026-08-22
"California Hotel Oakland, L.P.",5548,ALAMEDA,"EBALDC California Hotel, LLC",23228,2013-06-03,13-14,2026-08-22
"Pioneer Preservation, L.P.",5549,KERN,"LINC-Torrance Associates, LLC",23224,2012-12-21,12-13,2026-08-22
"Jefferson Oaks, L.P.",5550,ALAMEDA,"Satellite AHA Development, Inc.",16,2013-08-23,14-15,2026-08-22
"Beckes Street Housing Associates, L.P.",5551,KERN,"Wasco Affordable Housing, Inc.",17755,2012-11-13,12-13,2026-08-22
"Brisas de Paz Associates, L.P.",5552,RIVERSIDE,"Brisas de Paz, LLC",23238,2013-02-12,12-13,2026-08-22
"St. Joseph's Family Associates, L.P.",5553,ALAMEDA,"MCB Family Housing, Inc.",20782,2012-06-06,12-13,2026-08-22
"John Street Housing Associates, L.P.",5554,CONTRA COSTA,"John Street Housing, LLC",23266,2013-02-28,12-13,2026-08-22
"Gough Street Housing Associates, L.P.",5555,SAN FRANCISCO,"Gough Street Housing, LLC",23267,2013-05-24,12-13,2026-08-22
"Valley Oaks, L.P.",5556,SONOMA,"Satellite AHA Development, Inc.",16,2013-08-23,14-15,2026-08-22
"Arlington 8405, L.P.",5557,RIVERSIDE,AOF/Pacific Affordable Housing Corp.,646,2012-07-09,13-14,2026-08-22
"Fresno Pacific Gardens, L.P.",5558,FRESNO,"Silvercrest, Inc.",11739,2012-07-09,12-13,2026-08-22
"Evergreen Villas, L.P.",5559,ORANGE,"OHDC Properties I, LLC",21852,2012-11-17,12-13,2026-08-22
"Evergreen Villas, L.P.",5560,ORANGE,"OHDC Properties I, LLC",21852,2012-11-17,13-14,2026-08-22
"Evergreen Villas, L.P.",5561,ORANGE,"OHDC Properties I, LLC",21852,2012-11-17,13-14,2026-08-22
"MP Union City TOD II, L.P.",5562,ALAMEDA,"Union City TOD II, LLC",23176,2012-07-09,12-13,2026-08-22
"Sun Swept, L.P.",5563,ORANGE,"JHC-Sun Swept, LLC",23138,2012-09-04,11-12,2026-08-22
"HPD Susan River, L.P.",5564,LASSEN,National Housing Corporation,19377,2012-07-09,12-13,2026-08-22
"HPD Pleasant-Wien, L.P.",5565,KINGS,National Housing Corporation,19377,2012-09-06,12-13,2026-08-22
"HPD Pleasant-Wien, L.P.",5566,KINGS,National Housing Corporation,19377,2012-09-06,12-13,2026-08-22
"HPD Glenn-Creek, L.P.",5567,MENDOCINO,National Housing Corporation,19377,2012-07-10,12-13,2026-08-22
"HPD Glenn-Creek, L.P.",5568,MENDOCINO,National Housing Corporation,19377,2012-07-10,12-13,2026-08-22
"Drasnin Manor, L.P.",5569,ALAMEDA,"Drasnin Manor, LLC",22598,2012-09-10,13-14,2026-08-22
"Village-side Housing Partners, L.P.",5570,ALAMEDA,"Lion Creek IV, LLC",23107,2012-07-30,11-12,2026-08-22
"Vineland Avenue Senior Housing, L.P.",5571,LOS ANGELES,Menorah Housing Foundation,8061,2012-07-10,13-14,2026-08-22
"Satellite First Communities, L.P.",5573,ALAMEDA,"Satellite First Communities, LLC",23294,2022-01-28,21-22,2026-08-22
"New Harmony, L.P.",5574,YOLO,"New Harmony, LLC",23315,2012-07-11,11-12,2026-08-22
"El Norte Housing Associates, L.P.",5575,SAN DIEGO,"El Norte Housing Opportunities, LLC",22683,2012-07-10,13-14,2026-08-22
"Imperial Pacific Village, L.P.",5576,SAN DIEGO,"CHBA Affordable I, LLC",23318,2012-07-30,13-14,2026-08-22
"430 Pico, L.P.",5577,LOS ANGELES,Community Corporation of Santa Monica,3145,2012-07-10,13-14,2026-08-22
"2802 Pico, L.P.",5578,LOS ANGELES,Community Corporation of Santa Monica,3145,2012-07-10,12-13,2026-08-22
"1st and Rosemary Senior Housing, L.P.",5579,SANTA CLARA,"PH Rosemary Holdings, LLC",23268,2012-12-24,13-14,2026-08-22
"1st and Rosemary Family Housing, L.P.",5580,SANTA CLARA,"PH Rosemary Holdings, LLC",23268,2012-12-24,13-14,2026-08-22
"Mercy Housing California 55, L.P.",5581,EL DORADO,"Sunset Lane Apartments, LLC",23319,2013-10-01,13-14,2026-08-22
"Iris Apartments CIC, L.P.",5582,SAN DIEGO,Pacific Southwest Community Development Corporation,9498,2012-07-10,13-14,2026-08-22
"De Anza II CIC, L.P.",5583,IMPERIAL,Pacific Southwest Community Development Corporation,9498,2020-02-07,19-20,2026-08-22
"Dinuba Senior Apartments CIC, L.P.",5584,TULARE,Pacific Southwest Community Development Corporation,9498,2013-04-18,13-14,2026-08-22
"Santa Monica Housing Partners, L.P.",5585,LOS ANGELES,"CCSM Village, LLC",23321,2013-06-20,13-14,2026-08-22
"Evergreen Villas, L.P.",5586,ORANGE,"OHDC Properties I, LLC",21852,2012-07-06,13-14,2026-08-22
"Evergreen Villas, L.P.",5587,ORANGE,"OHDC Properties I, LLC",21852,2012-07-06,13-14,2026-08-22
"Garden Village Associates, L.P.",5588,SACRAMENTO,AHCDC Bixel LLC,20267,2014-01-10,13-14,2026-08-22
"Mercy Housing California 54, L.P.",5589,YOLO,"Esparto Family Apartments, LLC",23336,2012-11-09,13-14,2026-08-22
"69 Carol Ln., L.P.",5590,CONTRA COSTA,Corporation for Better Housing,3474,2012-07-06,13-14,2026-08-22
"444 Ropes Ave., L.P.",5591,TULARE,Corporation for Better Housing,3474,2012-07-06,13-14,2026-08-22
"Santa Ana Station District II Housing Partners, L.P.",5592,ORANGE,"Santa Ana Station District II MGP, LLC",23340,2012-08-29,13-14,2026-08-22
"Oak Park Senior Housing Partners, L.P.",5593,SACRAMENTO,"Oak Park Senior Housing Partners MGP, LLC",23341,2012-11-09,13-14,2026-08-22
"Fontana Valley Blvd. III Housing Partners, L.P.",5594,SAN BERNARDINO,"Fontana Valley Blvd. III Housing Partners MGP, LLC",23342,2012-11-08,13-14,2026-08-22
"Courtyard at La Brea, L.P., The",5595,LOS ANGELES,West Hollywood Community Housing Corporation,13779,2012-07-27,12-13,2026-08-22
"Juniper Gardens, L.P.",5597,SAN DIEGO,"Wakeland Juniper Gardens, LLC",23343,2013-09-11,13-14,2026-08-22
"Cathedral Family Housing Partners, L.P.",5598,RIVERSIDE,"River Canyon GP, LLC",22903,2012-11-27,13-14,2026-08-22
"Desert Meadows Housing Partners, L.P.",5599,RIVERSIDE,Southern California Housing Development Corporation of the Inland Empire,14301,2012-08-29,12-13,2026-08-22
"Parksdale Village Partners, L.P.",5600,MADERA,"SHE-CEF 1, Inc.",16201,2012-08-29,12-13,2026-08-22
"Mercy Housing California 52, L.P.",5601,SAN MATEO,Mercy Housing Calwest,101,2012-08-30,13-14,2026-08-22
"Summer Ridge 96, L.P.",5602,SAN DIEGO,Social Services and Affordable Housing Corporation,11845,2012-09-19,13-14,2026-08-22
"DHI Trans Pacific Gardens Associates, L.P.",5604,BUTTE,"Community Resident Services, Inc.",20833,2012-08-31,13-14,2026-08-22
"HPD Tara Glenn, L.P.",5605,FRESNO,National Housing Corporation,19377,2012-08-30,13-14,2026-08-22
"HPD Key Largo, L.P.",5606,SAN DIEGO,National Housing Corporation,19377,2012-08-30,13-14,2026-08-22
"Osborne Street Housing Partners, L.P.",5610,LOS ANGELES,New Economics for Women,8812,2012-08-30,13-14,2026-08-22
"Rialto Family Housing Partners II, L.P.",5611,SAN BERNARDINO,AOF/Pacific Affordable Housing Corp.,646,2012-08-31,12-13,2026-08-22
"Rialto Family Housing Partners , L.P.",5612,SAN BERNARDINO,AOF/Pacific Affordable Housing Corp.,646,2012-08-31,12-13,2026-08-22
"3243 Frazier Street Partners, L.P.",5613,LOS ANGELES,CARE Housing Services Corporation,2069,2012-09-19,12-13,2026-08-22
"Piedmont Apartments, L.P.",5615,ALAMEDA,"CHBA Affordable II, LLC",23375,2012-08-31,13-14,2026-08-22
"Woolf House Partners, L.P.",5616,SAN FRANCISCO,"Woolf House, LLC",23337,2012-08-01,12-13,2026-08-22
"Shinsei Gardens Apartments, L.P.",5617,ALAMEDA,"112 Alves Lane, Inc.",5,2012-08-31,10-11,2026-08-22
"Riverbank Senior Associates, L.P.",5620,STANISLAUS,Central Valley Coalition for Affordable Housing,2419,2012-09-06,13-14,2026-08-22
"Los Medanos Village, L.P.",5621,CONTRA COSTA,"112 Alves Lane, Inc.",5,2012-09-06,10-11,2026-08-22
"Arbors Preservation, L.P.",5622,CONTRA COSTA,RCD Housing LLC,20927,2012-09-06,08-09,2026-08-22
"Mercy Housing California 52, L.P.",5623,SAN MATEO,Mercy Housing Calwest,101,2012-09-04,13-14,2026-08-22
"Chinatown Metro Apartments, L.P.",5624,LOS ANGELES,"WCH Affordable V, LLC",22586,2012-07-31,12-13,2026-08-22
"Carlsbad Family Housing Partnership, L.P.",5625,SAN DIEGO,Riverside Charitable Corporation,10533,2013-03-25,13-14,2026-08-22
"Petaluma Avenue Homes, L.P.",5626,SONOMA,"Satellite AHA Development, Inc.",16,2013-08-23,14-15,2026-08-22
"Greenfield Pacific Associates, L.P.",5627,MONTEREY,Central Valley Coalition for Affordable Housing,2419,2013-03-25,13-14,2026-08-22
"2525 El Camino Senior Apartments, L.P.",5628,SANTA CLARA,"PH Canyon Crest Holdings, LLC",23269,2012-11-02,13-14,2026-08-22
"Canyon Crest Family Apartments, L.P.",5630,FRESNO,"PH Canyon Crest Holdings, LLC",23269,2012-11-02,13-14,2026-08-22
"Tobias Terrace Apartments, L.P.",5631,LOS ANGELES,"WCH Affordable V, LLC",22586,2013-03-25,12-13,2026-08-22
"Grove Sunset, L.P.",5632,CONTRA COSTA,"WCH Affordable VII, LLC",22588,2013-03-25,13-14,2026-08-22
"West I Street Associates, L.P.",5633,MERCED,Community Revitalization and Development Corporation,11591,2013-02-06,13-14,2026-08-22
"Arbor Creek Family Apartments, L.P.",5634,SACRAMENTO,Riverside Charitable Corporation,10533,2013-03-25,12-13,2026-08-22
"AMCAL Avenida Fund, L.P.",5635,ORANGE,A Community of Friends,3218,2013-04-19,12-13,2026-08-22
"36th Street and Broadway Apartments, L.P.",5636,LOS ANGELES,LTSC Community Development Corporation,7654,2013-06-05,11-12,2026-08-22
"Dunbar Village, L.P.",5637,LOS ANGELES,Coalition For Responsible Community Development,21668,2013-06-25,12-13,2026-08-22
"Bradley Studios, L.P.",5638,SANTA BARBARA,"Bradley CMGP, LLC",23290,2013-03-25,12-13,2026-08-22
"Jefferson Oaks, L.P.",5639,ALAMEDA,"Satellite AHA Development, Inc.",16,2013-08-23,14-15,2026-08-22
"Progress Place I and II, L.P.",5640,LOS ANGELES,"Jovenes, Inc.",17140,2013-01-30,12-13,2026-08-22
"Rohner Village, L.P.",5641,HUMBOLDT,Community Revitalization and Development Corporation,11591,2013-02-07,13-14,2026-08-22
"Eden Surf Associates, L.P.",5642,ALAMEDA,"Eden Surf, LLC",23424,2014-02-02,13-14,2026-08-22
"Third and LeConte Associates, L.P.",5643,SAN FRANCISCO,Mercy Housing Calwest,101,2013-06-28,13-14,2026-08-22
"Serrano Woods, L.P.",5644,ORANGE,"OHDC Serrano, LLC",23426,2013-05-23,12-13,2026-08-22
"Shady Lane Partners, L.P.",5645,SHASTA,Community Revitalization and Development Corporation,11591,2013-02-07,13-14,2026-08-22
"Gateway Court Apartments, L.P.",5647,PLACER,Riverside Charitable Corporation,10533,2013-06-28,13-14,2026-08-22
"MP Manzanita Associates, L.P.",5648,MONTEREY,"Mid-Peninsula The Farm, Inc.",8198,2013-06-03,13-14,2026-08-22
"Camino Mercado Partners, L.P.",5650,LOS ANGELES,AOF/Pacific Affordable Housing Corp.,646,2013-04-12,13-14,2026-08-22
"Parkside Glen Apartments, L.P.",5651,SANTA CLARA,LINC-Wilshire LLC,23466,2013-07-02,13-14,2026-08-22
"Palmdalia Family Apartments, L.P.",5652,LOS ANGELES,"PH Canyon Crest Holdings, LLC",23269,2013-06-05,13-14,2026-08-22
"Mercy Housing California XLIV, L.P.",5653,SAN FRANCISCO,Mercy Housing Calwest,101,2013-04-16,13-14,2026-08-22
"Santa Rita Village, L.P.",5655,SANTA BARBARA,Surf Development Company,15513,2015-08-14,16-17,2026-08-22
"Mercy Housing California 56, L.P.",5656,LOS ANGELES,Mercy Housing Calwest,101,2013-04-16,13-14,2026-08-22
"Paradise Pacific Associates, L.P.",5658,LOS ANGELES,"New Life Economic Development, Inc.",8845,2013-04-10,13-14,2026-08-22
"Haciendas, L.P.",5660,MONTEREY,Housing Authority Limited Liability Company,20113,2013-07-30,12-13,2026-08-22
"Mercy Housing California XLIII, L.P.",5661,LOS ANGELES,"Caroline Severance, LLC",23483,2013-03-18,13-14,2026-08-22
"508 Dublin Manor Ct., L.P.",5663,KERN,Corporation for Better Housing,3474,2013-08-08,12-13,2026-08-22
"Viscaya Gardens Partners, L.P.",5664,TULARE,"Viscaya Gardens, LLC",23518,2013-06-20,13-14,2026-08-22
"AMCAL Linda Vista Fund, L.P.",5665,LOS ANGELES,East LA Community Corporation,4031,2014-11-20,13-14,2026-08-22
"EAH Elena Gardens, L.P.",5666,SANTA CLARA,"EAH Elena Gardens, LLC",23534,2013-03-27,13-14,2026-08-22
"SFC Vista Terrace, L.P",5667,SAN DIEGO,"Solutions Vista Terrace, LLC",23513,2013-06-14,13-14,2026-08-22
"SC Senior Apartments, L.P.",5668,ORANGE,"WCH Affordable VII, LLC",22588,2013-07-23,13-14,2026-08-22
"Pismo Creek, L.P.",5669,SAN LUIS OBISPO,People's Self-Help Housing Corporation,9772,2013-12-03,12-13,2026-08-22
"Villas 154, L.P.",5670,SAN BERNARDINO,"Foundation for Affordable Housing V, Inc.",15733,2013-07-23,13-14,2026-08-22
"Mercy Housing California 49, L.P.",5672,PLACER,Mercy Housing West,13507,2013-07-23,13-14,2026-08-22
"Mercy Housing California 50, L.P.",5674,SAN FRANCISCO,Mercy Housing West,13507,2013-07-02,13-14,2026-08-22
"MPM Apartments, L.P.",5675,LOS ANGELES,"Los Angeles Housing Partnership, Inc.",7568,2014-12-15,12-13,2026-08-22
"Coral Mountain Partners, L.P.",5676,RIVERSIDE,"WCH Affordable VIII, LLC",23316,2013-07-23,13-14,2026-08-22
"Harrison Street Senior Housing Associates, L.P.",5680,ALAMEDA,Harrison Street Senior Housing Corporation,23588,2013-06-25,12-13,2026-08-22
"Lillie Mae Jones Plaza, L.P.",5681,CONTRA COSTA,"CHDC Lillie Mae Jones, LLC",23589,2014-02-25,11-12,2026-08-22
"Terra Bella, L.P.",5683,LOS ANGELES,"Terra Bella GP, LLC",23421,2013-08-15,12-13,2026-08-22
"Madonna Road Partners, L.P.",5685,SAN LUIS OBISPO,Hearthstone Housing Foundation,5954,2013-12-16,13-14,2026-08-22
"Granite Folsom, L.P.",5686,SACRAMENTO,"PH La Moraga Holdings, LLC",23465,2013-07-26,13-14,2026-08-22
"Kenneth Henry Court, L.P.",5687,ALAMEDA,"Kenneth Henry Court, LLC",23608,2014-01-21,13-14,2026-08-22
"915 Highland Avenue Partners, L.P.",5688,LOS ANGELES,COR Community Development Corporation,23379,2013-08-29,13-14,2026-08-22
"Renwick Square Elk Grove, L.P.",5689,SACRAMENTO,COR Community Development Corporation,23379,2013-08-13,13-14,2026-08-22
"Sutter Terrace Roseville, L.P.",5690,PLACER,COR Community Development Corporation,23379,2013-08-14,13-14,2026-08-22
"La Moraga San Jose, L.P.",5691,SANTA CLARA,"PH La Moraga Holdings, LLC",23465,2013-07-26,13-14,2026-08-22
"Alexander Napa, L.P.",5692,NAPA,"PH La Moraga Holdings, LLC",23465,2013-07-26,13-14,2026-08-22
"Aptos Blue Associates, L.P.",5694,SANTA CRUZ,"Mid-Peninsula The Farm, Inc.",8198,2013-07-30,13-14,2026-08-22
"Lafayette Senior, L.P.",5695,CONTRA COSTA,"Eden Investments, Inc.",4102,2013-08-14,13-14,2026-08-22
"Evergreen Villas, L.P.",5696,ORANGE,"OHDC Properties I, LLC",21852,2013-08-13,13-14,2026-08-22
"Evergreen Villas, L.P.",5697,ORANGE,"OHDC Properties I, LLC",21852,2013-08-13,13-14,2026-08-22
"Oxnard Pacific Associates, L.P.",5700,VENTURA,Central Valley Coalition for Affordable Housing,2419,2013-08-20,13-14,2026-08-22
"Santa Rosa Pacific Associates, L.P.",5704,SONOMA,Central Valley Coalition for Affordable Housing,2419,2013-08-20,13-14,2026-08-22
"Heritage Commons, L.P.",5706,SOLANO,"Delta Senior Housing Communities, Inc.",19157,2020-10-20,20-21,2026-08-22
"Logan Development II, L.P.",5709,SAN DIEGO,"Logan Development Management, LLC",23607,2013-07-30,13-14,2026-08-22
"Lompoc Pacific Associates, L.P.",5710,SANTA BARBARA,Surf Development Company,15513,2013-08-14,13-14,2026-08-22
"Temple Art Loft Associates, L.P.",5711,SOLANO,Synergy Community Development Corporation,20571,2013-05-24,11-12,2026-08-22
"Garland Plaza Associates, L.P.",5712,SANTA CLARA,"Garland Plaza, LLC",23629,2013-12-09,13-14,2026-08-22
"Merced Gateway Investors, L.P.",5713,MERCED,Central Valley Coalition for Affordable Housing,2419,2013-12-02,13-14,2026-08-22
"Morgan Hill Retirement Residence, L.P.",5714,SANTA CLARA,"Foundation for Affordable Housing II, Inc.",14278,2013-06-03,13-14,2026-08-22
"Griffin of LA, L.P.",5715,LOS ANGELES,"IAHI-Griffin, LLC",23637,2014-07-02,12-13,2026-08-22
"Fourth Street Apartments, L.P.",5716,SANTA CLARA,"Fourth Street Apartments, LLC",23635,2014-02-25,11-12,2026-08-22
"Casa Velasco Housing, L.P.",5717,FRESNO,"Casa Velasco Housing, LLC",23645,2013-09-10,13-14,2026-08-22
"Villa Robles Housing, L.P.",5718,TULARE,"Villa Robles Housing, LLC",23646,2013-09-10,13-14,2026-08-22
"Grande, L.P.",5719,STANISLAUS,"IAHI-Grande, LLC",23651,2014-06-10,12-13,2026-08-22
"140 Cashmere Street, L.P.",5721,SAN FRANCISCO,"KOTH, LLC",23512,2014-02-10,13-14,2026-08-22
"HV Partners 1, L.P.",5722,SAN FRANCISCO,"Hunters Point Affordable Housing, Inc.",23625,2014-01-30,12-13,2026-08-22
"Irwin Way, L.P.",5723,CONTRA COSTA,Irwin Way LLC,23735,2013-09-06,13-14,2026-08-22
"Yucca Trails Community Partners, L.P.",5724,SAN BERNARDINO,"AHDF-Yucca Trails G/P, LLC",23587,2013-08-15,13-14,2026-08-22
"Richmar Housing Partners, L.P.",5725,SAN DIEGO,"Southern California Housing Development Corporation of Orange, The",12047,2020-01-21,13-14,2026-08-22
"Jefferson Boulevard Housing Partners, L.P.",5727,LOS ANGELES,Housing Corporation of America,6275,2013-10-28,13-14,2026-08-22
"Ambassador, L.P., The",5728,ALAMEDA,"Ambassador Homes, LLC",23737,2013-09-10,13-14,2026-08-22
"Terracina Oaks, L.P.",5729,PLACER,Riverside Charitable Corporation,10533,2013-11-22,13-14,2026-08-22
"Anaheim Affordable II, L.P.",5730,ORANGE,"Affordable Housing Alliance II, Inc., which will do business in the State of California as Integrity",22270,2013-12-09,13-14,2026-08-22
"Lemoore Pacific Associates II, L.P.",5731,KINGS,Kings County Management and Development Corporation,17851,2015-01-09,12-13,2026-08-22
"Verbena Apartments, L.P.",5732,RIVERSIDE,Riverside Charitable Corporation,10533,2013-05-23,13-14,2026-08-22
"Fairbanks Commons CIC, L.P.",5733,SAN DIEGO,Pacific Southwest Community Development Corporation,9498,2014-02-18,13-14,2026-08-22
"Clarendon Street, L.P.",5734,SANTA CLARA,"Villa Garcia, Inc.",13484,2013-12-14,13-14,2026-08-22
"San Bernardino 611, L.P.",5735,SAN BERNARDINO,Riverside Charitable Corporation,10533,2013-05-23,13-14,2026-08-22
"Mercy Housing California 58, L.P.",5736,SANTA CRUZ,Central Coast Housing,11291,2013-12-12,13-14,2026-08-22
"100 Stadium Rd., L.P.",5737,MADERA,Corporation for Better Housing,3474,2013-12-14,13-14,2026-08-22
"Descanso Village, L.P.",5738,KERN,Corporation for Better Housing,3474,2013-12-15,13-14,2026-08-22
"PWC Family Housing, L.P.",5739,LOS ANGELES,LTSC Community Development Corporation,7654,2013-08-29,13-14,2026-08-22
"Tyler Court Associates, L.P.",5740,LOS ANGELES,"AHCDC 7, LLC",23428,2014-01-10,13-14,2026-08-22
"Santa Fe 81, L.P.",5741,RIVERSIDE,"Foundation for Affordable Housing II, Inc.",14278,2014-02-10,13-14,2026-08-22
"LA PRO II Preservation, L.P.",5742,LOS ANGELES,"LINC-Torrance Associates, LLC",23224,2014-11-05,13-14,2026-08-22
"Kern County Housing, L.P.",5743,KERN,Kern County Housing Development Corporation,23754,2014-04-14,12-13,2026-08-22
"LINC-Taylor Terrace Apartments Housing Investors, L.P.",5744,SACRAMENTO,LINC-Taylor Terrace Apartments LLC,21659,2014-08-01,14-15,2026-08-22
"671 Coronado Street, L.P.",5745,LOS ANGELES,Deep Green Housing and Community Development,1285,2013-12-14,13-14,2026-08-22
"Eucalyptus Park Housing, L.P.",5746,LOS ANGELES,Housing Corporation of America,6275,2013-10-31,13-14,2026-08-22
"LINC-Huntington Park Apartments Housing Investors, L.P.",5747,LOS ANGELES,"LINC Housing-Huntington Park Apartments, LLC",23781,2013-12-03,13-14,2026-08-22
"Vista Angelina Housing Partners, L.P.",5748,LOS ANGELES,"Vista Angelina Housing Partners MGP, LLC",23782,2013-10-30,13-14,2026-08-22
"10846 Poplar St., L.P.",5749,SAN BERNARDINO,Corporation for Better Housing,3474,2013-11-27,13-14,2026-08-22
"Avanath Escondido, L.P.",5750,SAN DIEGO,COR Community Development Corporation,23379,2014-02-18,13-14,2026-08-22
"Martin Luther King Square, L.P.",5751,FRESNO,Hearthstone Housing Foundation,5954,2013-12-13,13-14,2026-08-22
"New Century Village, L.P.",5752,ALAMEDA,"MP Century Village, LLC",23783,2013-07-30,13-14,2026-08-22
"Livingston Pacific Associates, L.P.",5754,MERCED,Valley Initiative for Affordable Housing,22366,2013-12-17,13-14,2026-08-22
"Lakeport Pacific Associates, L.P.",5755,LAKE,Valley Initiative for Affordable Housing,22366,2013-12-17,13-14,2026-08-22
"Dixon Pacific Associates, L.P.",5756,SOLANO,Central Valley Coalition for Affordable Housing,2419,2013-12-17,13-14,2026-08-22
"AMCAL Terracina Fund, L.P.",5757,LOS ANGELES,"Women Organizing Resources, Knowledge and Services",13987,2013-12-12,13-14,2026-08-22
"Dahlia Court II, L.P.",5758,SANTA BARBARA,People's Self-Help Housing Corporation,9772,2013-11-30,13-14,2026-08-22
"Riverside Cedar Glen Partners, L.P.",5759,RIVERSIDE,Housing Corporation of America,6275,2013-11-05,14-15,2026-08-22
"Mission Plaza Family Apartments, L.P.",5760,LOS ANGELES,Mission Plaza Tenants Association,8296,2013-11-30,13-14,2026-08-22
"Meadowbrook Parkview Community Partners, L.P.",5761,LASSEN,"AHDF-Meadowbrook Parkview G/P, LLC",23784,2013-11-12,13-14,2026-08-22
"Meadowbrook Parkview Community Partners, L.P.",5762,LASSEN,"AHDF-Meadowbrook Parkview G/P, LLC",23784,2013-11-12,13-14,2026-08-22
"Broadway Manor Community Partners, L.P.",5763,RIVERSIDE,"AHDF-Broadway Manor G/P, LLC",23785,2013-11-12,13-14,2026-08-22
"Yorba Linda 610, L.P.",5764,ORANGE,Riverside Charitable Corporation,10533,2013-11-22,13-14,2026-08-22
"Parlier Avila Associates, L.P.",5765,FRESNO,"LINC-Encino Associates, LLC",23136,2013-11-30,12-13,2026-08-22
"Copello Square, L.P.",5766,CALAVERAS,"Housing Alternatives, Inc.",6272,2014-02-06,12-13,2026-08-22
"BMEF Enclave, L.P.",5768,SANTA CLARA,Hearthstone Housing Foundation,5954,2013-12-17,13-14,2026-08-22
Seven Palms Sylmar L.P.,5769,LOS ANGELES,"Seven Palms Sylmar MGP, LLC",23787,2013-11-27,13-14,2026-08-22
"Avon Dakota Housing Partners, L.P.",5770,ORANGE,"Avon Dakota MGP, LLC",23788,2013-11-27,13-14,2026-08-22
"Coastside Senior Housing Limited Partners, L.P.",5772,SAN MATEO,Mercy Housing Calwest,101,2014-08-05,13-14,2026-08-22
"Ford Road Family Housing, L.P.",5773,SANTA CLARA,Eden Ford Family LLC,23797,2014-01-27,14-15,2026-08-22
"Hazeltine & Wyandotte, L.P.",5775,LOS ANGELES,Housing Corporation of America,6275,2013-11-29,13-14,2026-08-22
"1108 R Street Investors, L.P.",5776,SACRAMENTO,Community Revitalization and Development Corporation,11591,2014-01-13,14-15,2026-08-22
"North Lee Avenue Associates, L.P.",5777,STANISLAUS,Community Revitalization and Development Corporation,11591,2013-12-12,13-14,2026-08-22
"Kimball Square, L.P.",5778,TEHAMA,Community Revitalization and Development Corporation,11591,2014-01-13,12-13,2026-08-22
"ND Sepulveda II, L.P.",5779,LOS ANGELES,A Community of Friends,3218,2016-06-07,13-14,2026-08-22
"ND Sepulveda I, L.P.",5780,LOS ANGELES,A Community of Friends,3218,2016-06-06,13-14,2026-08-22
"Vista Del Rio Housing Partners, L.P.",5781,ORANGE,A Community of Friends,3218,2014-02-01,13-14,2026-08-22
"Humboldt Apartments, L.P.",5782,SONOMA,"CHSC NPR, LLC",23798,2013-11-07,13-14,2026-08-22
"Post Housing, L.P., The",5783,SAN DIEGO,Cascade Housing Association,2185,2013-11-29,13-14,2026-08-22
"Citronica Lemon Grove, L.P.",5784,SAN DIEGO,Cascade Housing Association,2185,2013-11-30,12-13,2026-08-22
"Logan Place, L.P.",5785,SONOMA,Logan Place LLC,23742,2013-09-17,13-14,2026-08-22
"Kellgren Senior Apartments, L.P.",5786,SONOMA,"Caulfield Lane Senior Housing, Inc.",2236,2013-11-30,13-14,2026-08-22
"Bell Manor, L.P.",5787,SONOMA,Bell Manor LLC,23741,2013-09-11,13-14,2026-08-22
"Mercy Housing California 60, L.P.",5788,SACRAMENTO,Mercy Housing Calwest,101,2014-02-10,14-15,2026-08-22
"New Hampshire Family Housing, L.P.",5789,LOS ANGELES,LTSC Community Development Corporation,7654,2014-02-10,14-15,2026-08-22
"266 Washington Apartments, L.P.",5790,LOS ANGELES,"Intercontinental Affordable Housing, Inc.",14130,2014-04-14,13-14,2026-08-22
"AMCAL Argyle Fund, L.P.",5791,LOS ANGELES,Gleh Los Angeles Corporation,19611,2014-02-01,13-14,2026-08-22
"Los Robles Apartments Associates, L.P.",5792,ALAMEDA,"32300 Almaden Boulevard, LLC",23824,2014-01-17,13-14,2026-08-22
"High Place East, L.P.",5794,LOS ANGELES,Community Corporation of Santa Monica,3145,2013-12-13,13-14,2026-08-22
"Avena Bella I, L.P.",5795,STANISLAUS,"Avena Bella EAH, LLC",23825,2013-12-03,13-14,2026-08-22
"Shelter Hill, L.P.",5796,MARIN,Interfaith Housing Foundation,6574,2013-08-15,13-14,2026-08-22
"Washington Place Partners, L.P.",5797,ORANGE,"Pacific Housing, Inc.",14273,2013-12-13,13-14,2026-08-22
"Monaco Anaheim, L.P.",5798,ORANGE,"PacH Anton South Holdings, LLC",23565,2013-11-29,13-14,2026-08-22
"Katella II Family Housing Partners, L.P.",5800,ORANGE,Las Palmas Foundation,14526,2014-02-01,12-13,2026-08-22
"Katella Family Housing Partners, L.P.",5801,ORANGE,Las Palmas Foundation,14526,2014-02-14,12-13,2026-08-22
"Oak Center Homes Partners, L.P.",5802,ALAMEDA,"Banneker Homes, LLC",19777,2014-08-01,13-14,2026-08-22
"Swansea Park Senior Apartments II, L.P.",5804,LOS ANGELES,Deep Green Housing and Community Development,1285,2014-02-28,13-14,2026-08-22
"Berrellesa Palms, L.P.",5809,CONTRA COSTA,"112 Alves Lane, Inc.",5,2014-02-10,13-14,2026-08-22
"Salinas Gateway, L.P.",5810,MONTEREY,"Salinas Gateway, LLC",23883,2014-02-24,12-13,2026-08-22
"Villa Parke Homes, L.P.",5813,LOS ANGELES,Abode Community Housing,3806,2015-08-14,14-15,2026-08-22
"Richmond Housing Associates, L.P.",5815,CONTRA COSTA,"Harbour Way, LLC",23886,2016-03-22,14-15,2026-08-22
"CL Dellums, L.P.",5816,ALAMEDA,West Coast Affordable Housing,23860,2013-10-24,13-14,2026-08-22
"Stonegate Housing Partners II, L.P.",5817,ORANGE,"Stonegate Housing, LLC",22684,2014-02-02,14-15,2026-08-22
"Cathedral Gardens Oakland, L.P.",5818,ALAMEDA,"Cathedral Gardens Oakland, LLC",23929,2014-03-14,13-14,2026-08-22
"Corcoran Apartments, L.P.",5819,KINGS,"Beneficial Housing Foundation, The",22450,2014-02-28,13-14,2026-08-22
"Corcoran Apartments, L.P.",5820,KINGS,"Beneficial Housing Foundation, The",22450,2015-02-12,13-14,2026-08-22
"Tulare Aspens Associates, L.P.",5821,TULARE,Kaweah Management Company,6907,2014-02-14,14-15,2026-08-22
"Oakland 34, L.P.",5823,ALAMEDA,"CHBA Affordable III, LLC",23885,2013-12-03,14-15,2026-08-22
"Lugo Senior Apartments, L.P.",5824,SAN BERNARDINO,"WCH Affordable II, LLC",21846,2014-05-07,14-15,2026-08-22
"Chico Harvest Park, L.P.",5827,BUTTE,Butte County Affordable Housing Development Corporation,1658,2014-08-01,13-14,2026-08-22
"DHI Cherry Glen Associates, L.P.",5828,YOLO,"Community Resident Services, Inc.",20833,2014-01-14,13-14,2026-08-22
"Warwick Partners, L.P.",5829,LOS ANGELES,Affordable Housing Solutions,19625,2014-02-02,13-14,2026-08-22
"Bethlehem Tower Affordable, L.P.",5830,SONOMA,Las Palmas Housing and Development Corporation,17925,2014-02-02,14-15,2026-08-22
"Birch Hills Housing Partners, L.P.",5831,ORANGE,"JHC - Birch Hills, LLC",23429,2014-02-02,13-14,2026-08-22
"Buena Park Housing Partners, L.P.",5832,ORANGE,"JHC - Buena Park, LLC",22326,2013-07-30,13-14,2026-08-22
"Maple Park 1, L.P.",5833,SUTTER,"Chico Homes, Inc.",22912,2014-02-01,13-14,2026-08-22
"AHCDC 6, L.P.",5834,LOS ANGELES,"AHCDC 6, LLC",23927,2014-01-17,13-14,2026-08-22
"Archway Commons I, L.P.",5835,STANISLAUS,"Archway Commons EAH, LLC",23941,2014-03-14,13-14,2026-08-22
"Bella Terra EAH, L.P.",5836,SANTA CLARA,"Cecilia Place Homes, Inc.",2244,2014-02-01,13-14,2026-08-22
"MP South City II, L.P.",5837,SAN MATEO,"Mid-Peninsula Greenridge, Inc.",8177,2013-11-29,12-13,2026-08-22
"T9 Affordable Housing Partners, L.P.",5838,SACRAMENTO,"PacH Sac-Midtown Holdings, LLC",23566,2014-02-01,13-14,2026-08-22
"Long Beach Artesia, L.P.",5839,LOS ANGELES,"WCH Affordable IV, LLC",22451,2014-01-17,14-15,2026-08-22
"Vista Montana Coachella, L.P.",5840,RIVERSIDE,Pacific Southwest Community Development Corporation,9498,2018-02-01,18-19,2026-08-22
"Ivy at College Park, L.P.",5842,SAN BERNARDINO,"Fell Street Housing, Inc.",4600,2014-01-17,13-14,2026-08-22
"UA Homes, L.P.",5843,ALAMEDA,"112 Alves Lane, Inc.",5,2014-02-19,13-14,2026-08-22
"Kittridge Housing, L.P.",5844,LOS ANGELES,"Kittridge Housing GP, LLC",23598,2014-03-06,12-13,2026-08-22
"25 Essex, L.P.",5845,SAN FRANCISCO,"Folsom Essex, LLC",23964,2016-01-25,12-13,2026-08-22
"Downey Housing Partners, L.P.",5846,LOS ANGELES,"Southern California Housing Development Corporation of Los Angeles, The",17346,2013-12-17,13-14,2026-08-22
"San Diego Commons, L.P.",5847,SAN DIEGO,Las Palmas Foundation,14526,2014-02-10,14-15,2026-08-22
"Round Walk Village Partners 2, L.P.",5848,SONOMA,"Round Walk Village, LLC",23938,2014-03-06,14-15,2026-08-22
"Natoma Family Housing, L.P.",5849,SAN FRANCISCO,"474 Natoma, LLC",23978,2015-12-15,12-13,2026-08-22
"Summerhouse Housing Associates, L.P.",5850,RIVERSIDE,"Summerhouse Housing, LLC",23977,2019-10-15,14-15,2026-08-22
"Jack Capon Villa, L.P.",5851,ALAMEDA,"Jack Capon Villa, LLC",23984,2014-06-11,13-14,2026-08-22
"Foothill Terrace Housing, L.P.",5852,LOS ANGELES,Housing Corporation of America,6275,2013-11-01,14-15,2026-08-22
"Tower 2 Apartments, L.P.",5853,SONOMA,"Tower 2 Apartments, LLC",23939,2014-03-05,14-15,2026-08-22
"El Monte Veterans Apartments, L.P.",5854,LOS ANGELES,"El Monte Veterans Apartments, LLC",23755,2013-09-30,13-14,2026-08-22
"Emerald Pointe Associates, L.P.",5855,SAN JOAQUIN,"Emerald Pointe Holding Group, LLC",22590,2014-02-20,13-14,2026-08-22
"Rosa Parks II, L.P.",5856,SAN FRANCISCO,"Rosa Parks II GP, LLC",24007,2013-07-30,13-14,2026-08-22
"Broadway Upper Tower Associates, L.P.",5857,SAN DIEGO,"Broadway Upper Tower, LLC",24008,2014-11-21,14-15,2026-08-22
"Broadway Tower Associates, L.P.",5858,SAN DIEGO,"Broadway Tower, Inc.",4221,2014-11-21,14-15,2026-08-22
"Half Moon Village Associates, L.P.",5859,SAN MATEO,"Half Moon Village I, LLC",24009,2014-01-17,13-14,2026-08-22
"Logan's Plaza, L.P.",5860,LOS ANGELES,"Logan's Plaza, LLC",24010,2014-01-15,13-14,2026-08-22
"Haciendas 2, L.P.",5862,MONTEREY,Housing Authority Limited Liability Company,20113,2014-02-18,14-15,2026-08-22
"Cerritos Family Housing Partners, L.P.",5863,ORANGE,Las Palmas Foundation,14526,2013-12-14,14-15,2026-08-22
"Oak Park 1, L.P.",5864,SAN LUIS OBISPO,Housing Authority Limited Liability Company,20113,2014-02-10,14-15,2026-08-22
"Woods Family Housing Partners, L.P.",5865,LOS ANGELES,"Woods Family Housing Partners GP, LLC",23427,2013-07-30,11-12,2026-08-22
"Parc Grove Commons Northwest, L.P",5866,FRESNO,"Silvercrest, Inc.",11739,2014-02-28,14-15,2026-08-22
"Villas at Gower, L.P., The",5867,LOS ANGELES,Path Ventures,20874,2013-09-17,11-12,2026-08-22
"Casa de la Paloma, L.P.",5868,LOS ANGELES,"Casa de la Paloma, LLC",24020,2014-03-24,14-15,2026-08-22
"Evergreen Villas, L.P.",5869,ORANGE,"OHDC Properties I, LLC",21852,2013-12-14,14-15,2026-08-22
"Bridges at Florence, L.P.",5870,FRESNO,"Silvercrest, Inc.",11739,2014-02-14,14-15,2026-08-22
"325 Pacific, L.P.",5871,LOS ANGELES,"WCH Affordable V, LLC",22586,2013-12-14,14-15,2026-08-22
"Beswick Senior Apartments, L.P.",5872,LOS ANGELES,"Beswick Senior Apartments, LLC",24045,2014-04-01,14-15,2026-08-22
"Rialto Family Housing Partners II, L.P.",5873,SAN BERNARDINO,AOF/Pacific Affordable Housing Corp.,646,2014-05-07,14-15,2026-08-22
"Sol Y Luna, L.P.",5874,LOS ANGELES,East LA Community Corporation,4031,2014-04-24,14-15,2026-08-22
Commerce Senior Citizen Apartments,5875,LOS ANGELES,"Haven for Affordable Housing-Encino, LLC",23935,2014-03-07,13-14,2026-08-22
"Sherman Park Apartments, L.P.",5876,LOS ANGELES,"Haven for Affordable Housing-Encino, LLC",23935,2014-03-21,13-14,2026-08-22
"Las Lomas Gardens, L.P.",5877,ORANGE,"Haven for Affordable Housing-Encino, LLC",23935,2014-03-13,13-14,2026-08-22
"De Soto Gardens, L.P.",5878,LOS ANGELES,"Haven for Affordable Housing-Encino, LLC",23935,2014-03-07,13-14,2026-08-22
"Reseda Park, L.P.",5879,LOS ANGELES,"Haven for Affordable Housing-Encino, LLC",23935,2014-03-13,13-14,2026-08-22
"Drake's Way Housing Partners, L.P.",5880,MARIN,"Drakes Way EAH, Inc.",23323,2014-02-14,12-13,2026-08-22
"19th Street Affordable, L.P.",5882,ORANGE,"AHCDC 8, LLC",23736,2014-01-10,14-15,2026-08-22
Norwalk Preservation Limited Partnership,5883,LOS ANGELES,IHO Norwalk LLC,24137,2014-04-15,14-15,2026-08-22
"Lorenz Senior Apartments, L.P.",5884,SHASTA,Lorenz Housing LLC,24142,2014-04-01,14-15,2026-08-22
"Westlake Christian Terrace East, L.P.",5885,ALAMEDA,CCHNC Westlake East Housing LLC,24143,2014-04-18,13-14,2026-08-22
"Fargo Senior Center, L.P.",5886,ALAMEDA,Fargo Senior Center Housing LLC,24144,2014-04-01,13-14,2026-08-22
"Foothill Oak Housing Associates, L.P.",5887,SAN DIEGO,"Foothill Oak, LLC",22689,2014-03-12,14-15,2026-08-22
"365 Fulton, L.P.",5888,SAN FRANCISCO,"CHP Fulton Street, LLC",24147,2014-06-13,13-14,2026-08-22
"Harding Street Neighbors, L.P.",5889,SAN DIEGO,IHO Harding Street LLC,24148,2014-09-19,14-15,2026-08-22
"Citrus Circle Apartments, L.P.",5890,RIVERSIDE,"OHDC Citrus Circle, LLC",24052,2014-10-29,14-15,2026-08-22
"Evergreen Villas, L.P.",5891,ORANGE,"OHDC Properties I, LLC",21852,2014-07-30,14-15,2026-08-22
"CRFL Family Apartments, L.P.",5894,VENTURA,"Wagon Wheel, LLC",24042,2014-11-07,14-15,2026-08-22
"Courtland Street Apartments, L.P.",5895,SAN LUIS OBISPO,People's Self-Help Housing Corporation,9772,2014-05-30,14-15,2026-08-22
Yucca Valley Senior Housing Partners L.P.,5896,RIVERSIDE,Southern California Housing Development Corporation of the Inland Empire,14301,2014-03-25,14-15,2026-08-22
"EMI Partners, L.P.",5897,SAN BERNARDINO,National Community Renaissance of California,12046,2014-06-04,14-15,2026-08-22
"Huntington Park 607, L.P.",5901,LOS ANGELES,Riverside Charitable Corporation,10533,2014-03-25,14-15,2026-08-22
Seaside Villa,5902,LOS ANGELES,"Haven for Affordable Housing-Encino, LLC",23935,2014-03-14,13-14,2026-08-22
"HPD Twin Oaks, L.P.",5903,SOLANO,"MHDC CA MGP, LLC",22295,2014-07-28,14-15,2026-08-22
"HPD Villa Vasona, L.P.",5904,SANTA CLARA,"MHDC CA MGP, LLC",22295,2014-07-28,14-15,2026-08-22
"HPD Riverview Terrace, L.P.",5905,SAN BERNARDINO,"MHDC CA MGP, LLC",22295,2014-07-23,14-15,2026-08-22
"Paseo Village Housing Partners, L.P.",5906,ORANGE,"OHDC Paseo Village, LLC",24019,2013-12-16,14-15,2026-08-22
"Ridgeway SRO Investors, L.P.",5907,SACRAMENTO,Community Revitalization and Development Corporation,11591,2014-04-14,14-15,2026-08-22
"HCP Belwood Arms, L.P.",5908,LOS ANGELES,"WCH Affordable IV, LLC",22451,2014-04-14,14-15,2026-08-22
"Sequoia Villas Associates, L.P.",5911,TULARE,Kaweah Management Company,6907,2014-08-20,14-15,2026-08-22
"Burlington Family Housing, L.P.",5912,LOS ANGELES,"Burlington Family Apartments, LLC",24146,2014-03-25,13-14,2026-08-22
"Eldridge, L.P.",5913,ALAMEDA,RCD Housing LLC,20927,2014-02-18,14-15,2026-08-22
"Banning Villa Preservation, L.P.",5914,LOS ANGELES,Banning Villa Housing Partners LLC,24160,2014-03-14,14-15,2026-08-22
"Eden Woodside Court, L.P.",5915,SOLANO,"Eden Investments, Inc.",4102,2014-04-14,14-15,2026-08-22
"San Carlos Willard Associates, L.P.",5916,SANTA CLARA,AOF/Pacific Affordable Housing Corp.,646,2014-03-21,13-14,2026-08-22
"Anton Legacy Tustin, L.P.",5917,ORANGE,"PacH Anton South Holdings, LLC",23565,2014-03-24,14-15,2026-08-22
"San Jose 3rd Street Associates, L.P.",5918,SANTA CLARA,"Foundation for Affordable Housing V, Inc.",15733,2014-02-01,14-15,2026-08-22
"Sea Garden, L.P.",5919,MONTEREY,"CHISPA Sea Garden GP, LLC",23933,2014-01-27,13-14,2026-08-22
"EHP EC Magnolia, L.P.",5920,ALAMEDA,Eden Cril LLC,24164,2014-05-30,14-15,2026-08-22
"EHP Olive Tree Plaza, L.P.",5921,ALAMEDA,Eden Cril LLC,24164,2014-05-29,14-15,2026-08-22
"EHP Redwood Lodge, L.P.",5922,ALAMEDA,Eden Cril LLC,24164,2014-05-29,14-15,2026-08-22
"EHP Issei Terrace, L.P.",5923,ALAMEDA,"Eden Investments, Inc.",4102,2013-12-14,14-15,2026-08-22
"EHP Fuller Lodge, L.P.",5924,ALAMEDA,"Eden Investments, Inc.",4102,2013-12-14,14-15,2026-08-22
"EHP Sequoia Manor, L.P.",5925,ALAMEDA,"Eden Investments, Inc.",4102,2013-12-14,14-15,2026-08-22
"1050 Kendrea PL., L.P.",5926,KERN,Corporation for Better Housing,3474,2013-12-14,14-15,2026-08-22
"823 Rembrant St., L.P.",5928,KERN,Corporation for Better Housing,3474,2013-12-14,13-14,2026-08-22
"Sonoma Creekside EAH II, L.P.",5929,SONOMA,"Sonoma Creekside EAH, LLC",24168,2014-03-14,14-15,2026-08-22
"Porterville Housing Partners, L.P.",5930,TULARE,"Housing Alternatives, Inc.",6272,2014-02-14,11-12,2026-08-22
"St. John's Partners, L.P.",5931,CONTRA COSTA,AOF/Pacific Affordable Housing Corp.,646,2014-03-17,14-15,2026-08-22
"Hallmark Associates, L.P.",5933,KERN,"Golden Empire Affordable Housing, Inc. II",23233,2013-11-29,13-14,2026-08-22
"Columbus Haven, L.P.",5934,KERN,"Golden Empire Affordable Housing, Inc. II",23233,2013-11-29,13-14,2026-08-22
"Post Groves, L.P.",5935,SOLANO,"Foundation for Affordable Housing V, Inc.",15733,2014-02-18,14-15,2026-08-22
"Woodcroft Street Housing Associates, L.P.",5936,LOS ANGELES,Big Dalton Wash LLC,24152,2014-05-30,14-15,2026-08-22
"Eagle Colton 55, L.P.",5937,SAN BERNARDINO,"Eagle Colton 55 MGP, LLC",24177,2013-11-29,14-15,2026-08-22
"1100 Ocean Avenue, L.P.",5938,SAN FRANCISCO,Mercy Housing Calwest,101,2014-04-23,14-15,2026-08-22
"Lion Creek Senior Housing Partners, L.P.",5939,ALAMEDA,"Lion Creek V, LLC",24178,2013-12-19,14-15,2026-08-22
"WSHDC West Capitol Courtyards I, L.P.",5940,YOLO,West Sacramento Housing Development Corporation,13791,2014-05-30,14-15,2026-08-22
"73 Carol Ln., L.P.",5941,CONTRA COSTA,Corporation for Better Housing,3474,2014-03-25,14-15,2026-08-22
"Bridgeport - North Park, L.P.",5942,SAN DIEGO,San Diego Community Housing Corporation,10908,2015-01-21,13-14,2026-08-22
"Bridgeport - Linda Vista, L.P.",5943,SAN DIEGO,San Diego Community Housing Corporation,10908,2014-09-09,13-14,2026-08-22
"Santa Monica Housing Partners, L.P.",5944,LOS ANGELES,Community Corporation of Santa Monica,3145,2013-12-18,12-13,2026-08-22
"Bridgeport - Normal Heights, L.P.",5945,SAN DIEGO,San Diego Community Housing Corporation,10908,2015-01-20,13-14,2026-08-22
"Bridgeport - City Heights, L.P.",5946,SAN DIEGO,San Diego Community Housing Corporation,10908,2014-09-12,13-14,2026-08-22
"PVI Apartments, L.P.",5948,RIVERSIDE,"PVI Apartments MGP, LLC",24180,2013-12-13,14-15,2026-08-22
"San Dimas Community Partners, L.P.",5949,LOS ANGELES,JHC-San Dimas LLC,24166,2014-01-22,14-15,2026-08-22
"Kings Valley, L.P.",5951,SONOMA,"Kings Valley EAH, LLC",24181,2014-05-02,14-15,2026-08-22
"DP-DM Housing Partners, L.P.",5952,SAN DIEGO,Del Prado Interfaith Housing Corporation,3756,2014-04-23,14-15,2026-08-22
"DP-DM Housing Partners, L.P.",5953,SAN DIEGO,Del Prado Interfaith Housing Corporation,3756,2014-04-23,14-15,2026-08-22
"MP Sunny Meadows Associates, L.P.",5954,SANTA CRUZ,MP 220 Ross Avenue LLC,24187,2014-03-21,13-14,2026-08-22
"150 Otis Associates, L.P.",5955,SAN FRANCISCO,CCDC-150 Otis LLC,24188,2015-08-14,12-13,2026-08-22
"473 Ellis, L.P.",5956,SAN FRANCISCO,CHP Ellis LLC,24189,2014-02-24,13-14,2026-08-22
"Fred Young Phase I Associates, L.P.",5957,RIVERSIDE,"Fred Young Phase I, LLC",24192,2014-07-17,13-14,2026-08-22
"MHRSC, L.P.",5958,SAN FRANCISCO,701 Golden Gate LLC,24193,2014-07-23,12-13,2026-08-22
"Coral Wood Court Community Partners, L.P.",5960,LOS ANGELES,"AHDF-Coral Wood Court G/P, LLC",24210,2014-05-06,14-15,2026-08-22
"Orangewood Court Community Partners, L.P.",5961,LOS ANGELES,"AHDF-Orangewood Court G/P, LLC",24211,2014-05-05,14-15,2026-08-22
"Freeman Villa Associates, L.P.",5962,LOS ANGELES,Affordable Housing Solutions,19625,2014-02-14,14-15,2026-08-22
"Evergreen Villas, L.P.",5964,ORANGE,"OHDC Properties I, LLC",21852,2014-02-14,14-15,2026-08-22
"Orange Tree Senior Apartments, L.P.",5965,BUTTE,"Caulfield Lane Senior Housing, Inc.",2236,2014-02-14,13-14,2026-08-22
"Park Village Family Apartments, L.P.",5966,LOS ANGELES,"PH Canyon Crest Holdings, LLC",23269,2014-02-10,14-15,2026-08-22
"Citronica Two, L.P.",5967,SAN DIEGO,Cascade Housing Association,2185,2014-02-14,13-14,2026-08-22
"Coachella Rehab Associates, L.P.",5968,RIVERSIDE,"CVHC Community Homes, LLC",24218,2014-07-17,14-15,2026-08-22
Cortez Preservation L.P.,5969,SAN DIEGO,Cortez Cornucopia LLC,24229,2014-07-23,14-15,2026-08-22
"Pueblo Nuevo Housing Associates, L.P.",5970,RIVERSIDE,"Pueblo Nuevo Apartments, LLC",24230,2014-05-13,14-15,2026-08-22
"Parkview San Marcos II, L.P.",5971,SAN DIEGO,"Solutions Parkview, LLC",24231,2014-03-24,14-15,2026-08-22
"Lakeside Senior Apartments, L.P.",5972,ALAMEDA,Lakeside Senior Apartments LLC,24233,2014-05-07,14-15,2026-08-22
"Harbor Village Housing Partners, L.P.",5973,LOS ANGELES,"La Cienega Lomod, Inc.",7067,2014-01-27,14-15,2026-08-22
"Plaza Mendoza Housing, L.P.",5975,FRESNO,"Plaza Mendoza Housing, LLC",24157,2014-10-14,14-15,2026-08-22
"Arbor Terrace Community Partners, L.P.",5976,SAN BERNARDINO,JHC-Arbor Terrace LLC,24165,2015-01-21,14-15,2026-08-22
"DHI-DFA Gridley Springs Associates, L.P.",5977,BUTTE,Butte County Affordable Housing Development Corporation,1658,2014-11-26,15-16,2026-08-22
"Highgrove Workforce Housing, L.P.",5978,RIVERSIDE,"JHC-Highgrove, LLC",24159,2014-02-19,14-15,2026-08-22
"Tilden Terrace, L.P.",5979,LOS ANGELES,"Los Angeles Housing Partnership, Inc.",7568,2014-02-18,13-14,2026-08-22
"Mid Celis Apartments, L.P.",5980,LOS ANGELES,"Los Angeles Housing Partnership, Inc.",7568,2014-04-23,13-14,2026-08-22
"Oakridge Family Homes, L.P.",5981,LOS ANGELES,"Los Angeles Housing Partnership, Inc.",7568,2014-02-14,13-14,2026-08-22
"Meadowbrook Housing Partners, L.P.",5983,SAN DIEGO,"Meadowbrook Housing Partners MGP, LLC",24266,2013-12-16,14-15,2026-08-22
"AMCAL Broadway Fund, L.P.",5984,LOS ANGELES,"Foundation for Affordable Housing II, Inc.",14278,2014-02-18,14-15,2026-08-22
"AAH Woodcreek, L.P.",5986,PLACER,"PH Fairwood Holdings, LLC",23464,2014-02-18,14-15,2026-08-22
"Mollison 150 Enterprises, L.P.",5987,SAN DIEGO,"CARE Housing Services GP, LLC",24212,2014-04-11,14-15,2026-08-22
"Orvieto B Family Apartments, L.P.",5988,SANTA CLARA,"PH Canyon Crest Holdings, LLC",23269,2014-02-28,14-15,2026-08-22
Steele Hollywoodland L.P.,5990,LOS ANGELES,CHC Hollywoodland MGP LLC,24153,2014-05-21,14-15,2026-08-22
"Gilroy Park Investors, L.P.",5991,SANTA CLARA,"Beneficial Housing Foundation, The",22450,2014-02-14,14-15,2026-08-22
"Laguna Commons Associates, L.P.",5992,ALAMEDA,MP Laguna Commons LLC,24311,2014-03-13,13-14,2026-08-22
"San Fernando Community Housing, L.P.",5997,LOS ANGELES,Brookmore Apartment Corporation,1592,2014-06-20,13-14,2026-08-22
"East Carson II Housing Partners, L.P.",5998,LOS ANGELES,"East Carson II Housing Partners MGP, LLC",24317,2014-02-25,14-15,2026-08-22
"1110 S. I St., L.P.",5999,FRESNO,Corporation for Better Housing,3474,2014-02-14,12-13,2026-08-22
"UHC 00190 Anaheim, L.P.",6000,ORANGE,"Anaheim Supportive Housing, Inc.",17274,2014-02-27,13-14,2026-08-22
"Witmer City Lights Associates, L.P.",6001,LOS ANGELES,"Korean Health, Education, Information and Research Center",7021,2014-03-17,14-15,2026-08-22
"Palmdale TOD Apartments, L.P.",6003,LOS ANGELES,"Better Housing Solutions, Inc.",22896,2014-09-19,12-13,2026-08-22
"Beverly City Lights Associates, L.P.",6004,LOS ANGELES,"Korean Health, Education, Information and Research Center",7021,2014-03-17,14-15,2026-08-22
"Kelsey Village, L.P.",6005,SACRAMENTO,"Satellite Senior Homes, Inc.",11363,2014-02-14,12-13,2026-08-22
"The Surf Investors, L.P.",6006,DEL NORTE,Community Revitalization and Development Corporation,11591,2014-02-14,14-15,2026-08-22
"Fort Bragg Cypress, L.P.",6007,MENDOCINO,Community Revitalization and Development Corporation,11591,2014-02-18,14-15,2026-08-22
"La Mesa 614, L.P.",6009,SAN DIEGO,Riverside Charitable Corporation,10533,2014-03-18,14-15,2026-08-22
"Hampstead North Hollywood Partners, L.P.",6010,LOS ANGELES,"CARE Housing Services GP, LLC",24212,2014-02-27,14-15,2026-08-22
"Hampstead North Hollywood Partners, L.P.",6011,LOS ANGELES,"CARE Housing Services GP, LLC",24212,2014-02-27,14-15,2026-08-22
"Vantage Point SD, L.P.",6013,RIVERSIDE,"Foundation for Affordable Housing V, Inc.",15733,2014-05-30,14-15,2026-08-22
"Versa CIC, L.P.",6014,SAN DIEGO,Pacific Southwest Community Development Corporation,9498,2014-03-25,14-15,2026-08-22
"San Tomas Gardens, L.P.",6015,SANTA CLARA,"San Tomas Charities, LLC",24371,2014-05-12,13-14,2026-08-22
"Compton Senior Apartments, L.P.",6016,LOS ANGELES,"WCH Affordable II, LLC",21846,2014-03-25,14-15,2026-08-22
"Woodlands Newell Associates, L.P.",6017,SAN MATEO,Woodlands Newell LLC,24381,2014-05-12,14-15,2026-08-22
"819 North Rengstorff Studio Apartments, L.P.",6021,SANTA CLARA,"Eden 819 North Rengstorff Studios, LLC",24382,2014-05-29,14-15,2026-08-22
"Step Up On Colorado, L.P.",6022,LOS ANGELES,"Step Up on Colorado, LLC",24145,2014-05-29,13-14,2026-08-22
"Casa Serena Associates, L.P.",6023,SANTA BARBARA,Central Valley Coalition for Affordable Housing,2419,2014-03-24,14-15,2026-08-22
"King City Arboleda Associates, L.P.",6024,MONTEREY,Central Valley Coalition for Affordable Housing,2419,2015-03-04,15-16,2026-08-22
"Chelwood, L.P.",6025,ORANGE,"Warwick Square MGP, LLC",24385,2014-05-13,14-15,2026-08-22
"Paradise Community Village 1, L.P.",6026,BUTTE,Paradise Community Village 1 LLC,24167,2014-04-22,13-14,2026-08-22
"AMCAL Hollenbeck Fund, L.P.",6027,LOS ANGELES,East LA Community Corporation,4031,2014-08-01,13-14,2026-08-22
"AMCAL Alegre Fund, L.P.",6028,ORANGE,Las Palmas Foundation,14526,2014-04-03,14-15,2026-08-22
"Slauson Station Apartments, L.P.",6029,LOS ANGELES,Deep Green Housing and Community Development,1285,2015-02-20,14-15,2026-08-22
"Chestnut Family Apartments, L.P.",6030,FRESNO,Deep Green Housing and Community Development,1285,2014-04-07,14-15,2026-08-22
"4260 Eagle Rock, L.P.",6031,LOS ANGELES,"Teague Terrace MGP, LLC",24390,2014-05-19,14-15,2026-08-22
"Avalon Apartments, L.P.",6032,LOS ANGELES,A Community of Friends,3218,2014-09-25,13-14,2026-08-22
"Hacienda Pleasanton, L.P.",6033,ALAMEDA,"PH La Moraga Holdings, LLC",23465,2014-09-23,14-15,2026-08-22
"1600 Lilly Hill Partners, L.P.",6034,SAN BERNARDINO,Community Revitalization and Development Corporation,11591,2014-08-01,14-15,2026-08-22
"Whittier Senior Housing, L.P.",6035,LOS ANGELES,Housing Corporation of America,6275,2014-03-25,14-15,2026-08-22
"Village Grove Apartments, L.P.",6036,SAN DIEGO,"CHBA Affordable II, LLC",23375,2014-08-12,14-15,2026-08-22
"MB Park and Tower, L.P.",6037,SAN BERNARDINO,"Housing Preservation, Inc.",24392,2015-09-15,14-15,2026-08-22
"LosFeliz51, L.P.",6038,VENTURA,Area Housing Authority of the County of Ventura,17986,2014-11-25,15-16,2026-08-22
"Cypress Senior Living Investors, L.P.",6039,LOS ANGELES,"Affordable Housing Alliance II, Inc., which will do business in the State of California as Integrity",22270,2014-08-06,14-15,2026-08-22
"El Patio Community Housing Partners, L.P",6040,SANTA BARBARA,Santa Barbara Housing Assistance Corporation,11239,2015-07-29,14-15,2026-08-22
"Mecca Apartments II, L.P.",6042,RIVERSIDE,Quality Housing Development Corporation,10191,2014-08-01,14-15,2026-08-22
"Crescent City Senior Apartments, L.P.",6043,DEL NORTE,"Beneficial Housing Foundation, The",22450,2014-09-17,14-15,2026-08-22
"SLT Pacific Associates, L.P.",6044,EL DORADO,Central Valley Coalition for Affordable Housing,2419,2014-08-01,13-14,2026-08-22
"Riverbank Riverview Garden, L.P.",6045,STANISLAUS,Central Valley Coalition for Affordable Housing,2419,2014-08-21,14-15,2026-08-22
"Rio Dell-Rio Dell, L.P.",6046,HUMBOLDT,Central Valley Coalition for Affordable Housing,2419,2014-08-01,13-14,2026-08-22
"Patterson Place, L.P.",6047,STANISLAUS,Central Valley Coalition for Affordable Housing,2419,2014-08-21,14-15,2026-08-22
"LINC-Holly Court Housing Apartments Investors, L.P.",6049,YOLO,"LINC-Holly Court Apartments, LLC",24209,2014-08-01,14-15,2026-08-22
"Evergreen Tahoe Partners, L.P.",6050,EL DORADO,Community Revitalization and Development Corporation,11591,2014-09-25,14-15,2026-08-22
"B Grand, L.P.",6051,ALAMEDA,"Eden Development, Inc.",20397,2014-09-25,14-15,2026-08-22
"Western Park Apartments, L.P.",6052,SAN FRANCISCO,Sequoia Living WPA LLC,24397,2022-12-19,20-21,2026-08-22
"S.M.E. Associates, Ltd., L.P.",6053,LOS ANGELES,"Foundation for Quality Housing Opportunities, Inc.",5139,2014-08-05,15-16,2026-08-22
"Bendorf Drive, L.P.",6054,SANTA CLARA,"Villa San Pedro HDC, Inc.",13493,2014-04-02,14-15,2026-08-22
"Sierra Vista I, L.P.",6055,SANTA CLARA,"Sierra Vista I Charities, LLC",24399,2014-05-23,14-15,2026-08-22
"I Yam What I Yam, L.P.",6064,LOS ANGELES,"Abbey Road, Inc.",22962,2014-07-01,14-15,2026-08-22
"Moonlight Villas, L.P.",6065,LOS ANGELES,"Abbey Road, Inc.",22962,2014-11-20,14-15,2026-08-22
"Riverwalk Apartments Investors, L.P.",6066,SANTA CRUZ,"PH Fairwood Holdings, LLC",23464,2014-08-13,14-15,2026-08-22
"1715 Washington St., L.P.",6068,NAPA,Corporation for Better Housing,3474,2014-08-13,15-16,2026-08-22
"CHP Scott Street, L.P.",6069,SAN FRANCISCO,CHP Scott Street LLC,24163,2014-12-11,14-15,2026-08-22
"Bridgeport - City Heights, L.P.",6071,SAN DIEGO,San Diego Community Housing Corporation,10908,2014-09-12,13-14,2026-08-22
"Bridgeport - City Heights, L.P.",6072,SAN DIEGO,San Diego Community Housing Corporation,10908,2014-09-12,13-14,2026-08-22
"Bridgeport - City Heights, L.P.",6078,SAN DIEGO,San Diego Community Housing Corporation,10908,2014-09-12,13-14,2026-08-22
"Bridgeport - City Heights, L.P.",6081,SAN DIEGO,San Diego Community Housing Corporation,10908,2014-09-12,13-14,2026-08-22
"Bridgeport - Normal Heights, L.P.",6082,SAN DIEGO,San Diego Community Housing Corporation,10908,2015-01-20,13-14,2026-08-22
"Bridgeport - Normal Heights, L.P.",6083,SAN DIEGO,San Diego Community Housing Corporation,10908,2015-01-20,13-14,2026-08-22
"Bridgeport - Normal Heights, L.P.",6084,SAN DIEGO,San Diego Community Housing Corporation,10908,2015-01-20,13-14,2026-08-22
"Bridgeport - Normal Heights, L.P.",6085,SAN DIEGO,San Diego Community Housing Corporation,10908,2015-01-20,13-14,2026-08-22
"Calendula Court Housing Partners, L.P.",6086,ORANGE,"AOF Calendula, LLC",24523,2014-05-23,14-15,2026-08-22
"Cochrane Morgan Hill EAH, L.P.",6095,SANTA CLARA,"Cochrane Morgan Hill EAH, LLC",24579,2014-05-27,14-15,2026-08-22
"22702 Pacific Park Drive, L.P.",6096,ORANGE,"AOF Woodpark, LLC",24604,2014-05-29,14-15,2026-08-22
"Baker Ranch Affordable, L.P.",6102,ORANGE,"WCH Affordable IX, LLC",23317,2014-09-22,14-15,2026-08-22
"1300 North Shaffer Partners, L.P.",6103,ORANGE,"AOF Orangevale, LLC",24636,2014-06-25,14-15,2026-08-22
"WLCAC Ramona Estates, L.P.",6104,LOS ANGELES,"WLCAC Ramona Estates, LLC",24641,2014-06-25,14-15,2026-08-22
"New Jamestown, L.P.",6105,SAN FRANCISCO,"BHPMSS Jamestown, LLC",24635,2014-07-23,13-14,2026-08-22
"Bridgeport - City Heights, L.P.",6106,SAN DIEGO,San Diego Community Housing Corporation,10908,2014-09-12,13-14,2026-08-22
"Westside Shafter AR, L.P.",6107,KERN,"WCH Affordable VIII, LLC",23316,2014-10-22,14-15,2026-08-22
"Monument Arms Communities Partners, L.P.",6108,SOLANO,"JHC-Monument Arms, LLC",24638,2014-09-26,14-15,2026-08-22
"Lompoc Palm Grove Apartments, L.P.",6109,SANTA BARBARA,Surf Development Company,15513,2015-01-30,14-15,2026-08-22
"Mountain Breeze Villas, L.P.",6110,SAN BERNARDINO,Hearthstone Housing Foundation,5954,2014-11-26,14-15,2026-08-22
"Fairbanks Square CIC, L.P.",6111,SAN DIEGO,Pacific Southwest Community Development Corporation,9498,2014-10-22,14-15,2026-08-22
"Reliant-San Gabriel, L.P.",6112,SAN BERNARDINO,Rainbow Housing Assistance Corporation,18992,2014-11-20,14-15,2026-08-22
"CR Watercrest Communities, L.P.",6114,SACRAMENTO,"PH Fairwood Holdings, LLC",23464,2014-09-17,14-15,2026-08-22
"Rio Vista Apts, L.P.",6115,LOS ANGELES,"Aguas Claras San Fernando, LLC",24669,2015-10-07,14-15,2026-08-22
"Taylor Yard, L.P.",6116,LOS ANGELES,"Bendecidos San Fernando, LLC",24670,2015-10-01,14-15,2026-08-22
"Reliant-San Gabriel, L.P.",6117,LOS ANGELES,Rainbow Housing Assistance Corporation,18992,2014-11-03,14-15,2026-08-22
"Reliant-San Gabriel, L.P.",6118,SAN BERNARDINO,Rainbow Housing Assistance Corporation,18992,2014-11-03,14-15,2026-08-22
"Reliant-San Gabriel, L.P.",6119,LOS ANGELES,Rainbow Housing Assistance Corporation,18992,2014-11-04,14-15,2026-08-22
"Reliant-San Gabriel, L.P.",6120,LOS ANGELES,Rainbow Housing Assistance Corporation,18992,2014-11-03,14-15,2026-08-22
"Vistas RHF Partners, L.P.",6121,LOS ANGELES,"Vistas RHF Housing, LLC",24671,2014-11-03,14-15,2026-08-22
"Hollywood & Vine Tax Credit Units, L.P.",6122,LOS ANGELES,Hearthstone Housing Foundation,5954,2015-07-14,15-16,2026-08-22
"Congregational Tower Partners, L.P.",6123,SAN DIEGO,"Congregational Tower, LLC",24672,2014-11-24,14-15,2026-08-22
"West Valley RHF Partners, L.P.",6124,LOS ANGELES,"West Valley RHF Housing, LLC",24674,2014-11-04,14-15,2026-08-22
"Bridgeport - City Heights, L.P.",6125,SAN DIEGO,San Diego Community Housing Corporation,10908,2014-09-12,13-14,2026-08-22
"Bridgeport - City Heights, L.P.",6126,SAN DIEGO,San Diego Community Housing Corporation,10908,2014-09-12,13-14,2026-08-22
"Bridgeport - City Heights, L.P.",6127,SAN DIEGO,San Diego Community Housing Corporation,10908,2014-09-11,13-14,2026-08-22
"Bridgeport - City Heights, L.P.",6128,SAN DIEGO,San Diego Community Housing Corporation,10908,2014-09-11,13-14,2026-08-22
"Bridgeport - City Heights, L.P.",6129,SAN DIEGO,San Diego Community Housing Corporation,10908,2014-09-11,13-14,2026-08-22
"Bridgeport - City Heights, L.P.",6130,SAN DIEGO,San Diego Community Housing Corporation,10908,2014-09-11,13-14,2026-08-22
"Bridgeport - City Heights, L.P.",6131,SAN DIEGO,San Diego Community Housing Corporation,10908,2014-09-11,13-14,2026-08-22
"Bridgeport - City Heights, L.P.",6132,SAN DIEGO,San Diego Community Housing Corporation,10908,2014-09-12,13-14,2026-08-22
"Bridgeport - City Heights, L.P.",6133,SAN DIEGO,San Diego Community Housing Corporation,10908,2014-09-12,13-14,2026-08-22
"Bridgeport - City Heights, L.P.",6134,SAN DIEGO,San Diego Community Housing Corporation,10908,2014-09-12,13-14,2026-08-22
"Bridgeport - City Heights, L.P.",6135,SAN DIEGO,San Diego Community Housing Corporation,10908,2014-09-12,13-14,2026-08-22
"Bridgeport - City Heights, L.P.",6136,SAN DIEGO,San Diego Community Housing Corporation,10908,2014-09-11,13-14,2026-08-22
"Bridgeport - City Heights, L.P.",6137,SAN DIEGO,San Diego Community Housing Corporation,10908,2014-09-11,13-14,2026-08-22
"Bridgeport - City Heights, L.P.",6138,SAN DIEGO,San Diego Community Housing Corporation,10908,2014-09-11,13-14,2026-08-22
"Bridgeport - City Heights, L.P.",6139,SAN DIEGO,San Diego Community Housing Corporation,10908,2014-09-11,13-14,2026-08-22
"Bridgeport - City Heights, L.P.",6140,SAN DIEGO,San Diego Community Housing Corporation,10908,2014-09-11,13-14,2026-08-22
"Bridgeport - City Heights, L.P.",6141,SAN DIEGO,San Diego Community Housing Corporation,10908,2014-09-11,13-14,2026-08-22
"Bridgeport - City Heights, L.P.",6142,SAN DIEGO,San Diego Community Housing Corporation,10908,2014-09-11,13-14,2026-08-22
"Bridgeport - City Heights, L.P.",6143,SAN DIEGO,San Diego Community Housing Corporation,10908,2014-09-11,13-14,2026-08-22
"Bridgeport - North Park, L.P.",6145,SAN DIEGO,San Diego Community Housing Corporation,10908,2015-01-21,13-14,2026-08-22
"Bridgeport - North Park, L.P.",6147,SAN DIEGO,San Diego Community Housing Corporation,10908,2015-01-21,13-14,2026-08-22
"Bridgeport - North Park, L.P.",6149,SAN DIEGO,San Diego Community Housing Corporation,10908,2015-01-21,13-14,2026-08-22
"Bridgeport - North Park, L.P.",6150,SAN DIEGO,San Diego Community Housing Corporation,10908,2015-01-21,13-14,2026-08-22
"Bridgeport - Normal Heights, L.P.",6151,SAN DIEGO,San Diego Community Housing Corporation,10908,2015-01-20,13-14,2026-08-22
"Bridgeport - Normal Heights, L.P.",6152,SAN DIEGO,San Diego Community Housing Corporation,10908,2015-01-20,13-14,2026-08-22
"Bridgeport - Normal Heights, L.P.",6153,SAN DIEGO,San Diego Community Housing Corporation,10908,2015-01-20,13-14,2026-08-22
"Bridgeport - Normal Heights, L.P.",6154,SAN DIEGO,San Diego Community Housing Corporation,10908,2015-01-20,13-14,2026-08-22
"Bridgeport - Linda Vista, L.P.",6155,SAN DIEGO,San Diego Community Housing Corporation,10908,2014-09-09,13-14,2026-08-22
"Bridgeport - Linda Vista, L.P.",6156,SAN DIEGO,San Diego Community Housing Corporation,10908,2014-09-09,13-14,2026-08-22
"Bridgeport - Linda Vista, L.P.",6157,SAN DIEGO,San Diego Community Housing Corporation,10908,2014-09-09,13-14,2026-08-22
"Bridgeport - Normal Heights, L.P.",6158,SAN DIEGO,San Diego Community Housing Corporation,10908,2015-01-20,13-14,2026-08-22
"Bridgeport - Normal Heights, L.P.",6159,SAN DIEGO,San Diego Community Housing Corporation,10908,2015-01-20,13-14,2026-08-22
"Bridgeport - Normal Heights, L.P.",6160,SAN DIEGO,San Diego Community Housing Corporation,10908,2015-01-20,13-14,2026-08-22
"Bridgeport - Normal Heights, L.P.",6161,SAN DIEGO,San Diego Community Housing Corporation,10908,2015-01-20,13-14,2026-08-22
"Bridgeport - Normal Heights, L.P.",6162,SAN DIEGO,San Diego Community Housing Corporation,10908,2015-01-20,13-14,2026-08-22
"Bridgeport - Normal Heights, L.P.",6163,SAN DIEGO,San Diego Community Housing Corporation,10908,2015-01-20,13-14,2026-08-22
"King City Pacific Associates, L.P.",6164,MONTEREY,Central Valley Coalition for Affordable Housing,2419,2014-12-05,14-15,2026-08-22
"5110 Crenshaw BL., L.P.",6165,LOS ANGELES,Corporation for Better Housing,3474,2014-12-05,15-16,2026-08-22
"Tyler Greenfield AR, L.P.",6166,MONTEREY,"Community Housing Improvement Systems and Planning Association, Inc.",3196,2014-10-20,14-15,2026-08-22
"Harden Salinas AR, L.P.",6167,MONTEREY,"Community Housing Improvement Systems and Planning Association, Inc.",3196,2014-10-14,15-16,2026-08-22
"802 Van Ness Avenue, L.P.",6170,FRESNO,"Silvercrest, Inc.",11739,2014-11-26,14-15,2026-08-22
"Texas 5 Portfolio, L.P.",6171,SAN FRANCISCO,"Foundation for Affordable Housing V, Inc.",15733,2014-10-14,15-16,2026-08-22
"Ashland Family Housing, L.P.",6172,ALAMEDA,"RCD GP, LLC",24361,2014-10-14,14-15,2026-08-22
"Silver Cove Apartments, L.P.",6173,ORANGE,"Silver Cove MGP, LLC",24691,2014-07-14,15-16,2026-08-22
"AMCAL Oceana Fund, L.P.",6174,ORANGE,Las Palmas Foundation,14526,2014-12-30,15-16,2026-08-22
"Alicia Park Apartments, L.P.",6175,ORANGE,"Haven for Affordable Housing-Encino, LLC",23935,2015-05-12,14-15,2026-08-22
"Petaluma Gardens, L.P.",6176,SONOMA,"Haven for Affordable Housing-Encino, LLC",23935,2016-02-10,14-15,2026-08-22
"Park Grand Landmark, L.P.",6178,LOS ANGELES,"AOF Park Grand, LLC",24701,2014-07-11,15-16,2026-08-22
"Reedley Kings River Commons, L.P.",6179,FRESNO,"Silvercrest, Inc.",11739,2014-11-26,14-15,2026-08-22
"AMCAL Verano Fund, L.P.",6180,RIVERSIDE,Las Palmas Foundation,14526,2014-12-30,15-16,2026-08-22
"Woodbridge Villas Partners, L.P.",6181,ORANGE,"JHC-Woodbridge, LLC",21072,2015-04-17,10-11,2026-08-22
"3555 Whittier Partners, L.P.",6183,LOS ANGELES,"3555 Whittier RHF Housing, LLC",24704,2014-11-03,14-15,2026-08-22
"Whittier PSH, L.P.",6184,LOS ANGELES,East LA Community Corporation,4031,2014-10-15,15-16,2026-08-22
"Parkside Studios, L.P.",6185,SANTA CLARA,"Parkside Charities, LLC",24705,2014-07-16,15-16,2026-08-22
"Lofts on Landis, L.P.",6186,SAN DIEGO,"Wakeland Landis, LLC",24708,2014-09-23,15-16,2026-08-22
"City Heights Ten, L.P.",6187,SAN DIEGO,"Wakeland City Heights Ten, LLC",24710,2015-07-03,15-16,2026-08-22
"1001 Lilly Hill Partners, L.P.",6188,SAN BERNARDINO,Community Revitalization and Development Corporation,11591,2014-10-24,15-16,2026-08-22
"El Cajon Senior Tower Apartments, L.P.",6189,SAN DIEGO,"Haven for Affordable Housing-Encino, LLC",23935,2014-12-05,14-15,2026-08-22
"Roscoe Park Apartments, L.P.",6190,LOS ANGELES,"Haven for Affordable Housing-Encino, LLC",23935,2015-04-15,14-15,2026-08-22
"2555 West Winston Road, L.P.",6191,ORANGE,"AOF Pebble Cove, LLC",24713,2014-07-11,15-16,2026-08-22
"Colina Vista Housing Partners, L.P.",6194,VENTURA,"Colina Vista, Inc.",3027,2014-11-26,14-15,2026-08-22
"Forest Winds 2, L.P.",6195,SONOMA,"Forest Winds 2, LLC",24717,2014-07-18,15-16,2026-08-22
"Elk Grove Pacific Associates, L.P.",6196,SACRAMENTO,"PH Fairwood Holdings, LLC",23464,2014-10-16,15-16,2026-08-22
"Covenant Manor, L.P.",6197,LOS ANGELES,"Covenant Manor, LLC",24729,2014-07-22,15-16,2026-08-22
"Eden House, L.P.",6198,ALAMEDA,"Mercy Eden House, LLC",24649,2014-08-20,15-16,2026-08-22
"MP Delaware Pacific Associates, L.P.",6199,SAN MATEO,"MP Delaware Pacific, LLC",24732,2015-03-20,13-14,2026-08-22
"124 Harding Avenue Apartments, L.P.",6200,LOS ANGELES,Hearthstone Housing Foundation,5954,2014-11-25,15-16,2026-08-22
"Villa Santa Fe Apartments, L.P.",6201,SANTA BARBARA,"Villa Santa Fe Apartments MGP, LLC",24150,2014-08-15,14-15,2026-08-22
"North Santa Fe Housing Associates, L.P.",6202,SAN DIEGO,"Buena Vista Alliance, LLC",24637,2014-11-26,15-16,2026-08-22
"52nd Drive Apartments, L.P.",6204,LOS ANGELES,"CHBA Affordable III, LLC",23885,2014-10-16,15-16,2026-08-22
"San Jose Pacific Associates, L.P.",6206,SANTA CLARA,"CVCAH Mayfair, LLC",24748,2014-07-25,13-14,2026-08-22
"MH Family Apartments, L.P.",6207,SANTA CLARA,Riverside Charitable Corporation,10533,2014-10-14,15-16,2026-08-22
"Avenida Serra Housing Partners, L.P.",6208,ORANGE,"Avenida Serra Housing Partners GP, LLC",24749,2014-11-13,15-16,2026-08-22
"Mercy Housing California 63, L.P.",6209,YUBA,"Sunset Valley Duplexes, LLC",24754,2014-07-25,15-16,2026-08-22
"Monrovia 612, L.P.",6210,LOS ANGELES,Riverside Charitable Corporation,10533,2014-10-24,15-16,2026-08-22
"Turner Housing Partners, L.P.",6211,LOS ANGELES,"AOF Turner, LLC",24755,2014-07-29,15-16,2026-08-22
"Sunnylane Village Housing Partners, L.P.",6212,KERN,"AOF Sunnylane Village, LLC",24756,2014-07-29,15-16,2026-08-22
"Linda Pacific Associates, L.P.",6214,YUBA,Quality Housing Development Corporation,10191,2015-02-20,14-15,2026-08-22
"AAH Hudson, L.P.",6215,LOS ANGELES,COR Community Development Corporation,23379,2015-03-20,15-16,2026-08-22
"El Monte Housing Partners, L.P.",6216,LOS ANGELES,JHC-EL Monte LLC,24310,2015-02-27,15-16,2026-08-22
"College Park Housing Associates, L.P.",6217,SANTA BARBARA,"PSHHC College Park, LLC",24568,2014-12-01,13-14,2026-08-22
"Indio Family Housing Partners, L.P.",6218,RIVERSIDE,"Nexus for Affordable Housing, Inc.",17120,2014-10-24,15-16,2026-08-22
"Escondido Family Housing Partners, L.P.",6219,SAN DIEGO,"Nexus for Affordable Housing, Inc.",17120,2014-10-24,15-16,2026-08-22
"Carroll Avenue Senior Homes, L.P.",6220,SAN FRANCISCO,"BHPMSS Bayview Seniors, LLC",24695,2014-10-24,15-16,2026-08-22
"Manhattan Housing Partners, L.P.",6222,LOS ANGELES,"Manhattan Housing Partners MGP, LLC",24767,2014-07-25,15-16,2026-08-22
"Sullivan Manor Partners, L.P.",6223,ORANGE,"Sullivan Manor Housing Partners MGP, LLC",24768,2014-07-28,15-16,2026-08-22
"Rancheria Del Sol Partners, L.P.",6224,RIVERSIDE,"Rancheria Housing Partners MGP, LLC",24769,2014-07-28,15-16,2026-08-22
"Naomi Gardens, L.P.",6225,LOS ANGELES,"Rebuild America-Arcadia, LLC",24162,2014-10-24,15-16,2026-08-22
"Villa Nueva RHCP, LP",6226,LOS ANGELES,Los Angeles County Housing Development Corporation,7551,2014-10-24,15-16,2026-08-22
"LosFeliz20, L.P.",6228,VENTURA,Area Housing Authority of the County of Ventura,17986,2014-11-25,15-16,2026-08-22
"Century Arrowhead Vista, L.P.",6229,SAN BERNARDINO,"CADI VI, LLC",24778,2014-07-28,15-16,2026-08-22
"Peppertree Apartment Holdings, L.P.",6230,SAN DIEGO,"CHBA Affordable II, LLC",23375,2014-10-28,15-16,2026-08-22
"Brentwood Park Apartments, L.P.",6231,CONTRA COSTA,Quality Housing Development Corporation,10191,2015-07-08,15-16,2026-08-22
"Standard Rio Vista, L.P.",6232,SAN DIEGO,Housing On Merit,23834,2014-10-24,15-16,2026-08-22
"Montgomery Plaza, L.P.",6233,ALAMEDA,"Montgomery Plaza, LLC",24779,2014-07-28,15-16,2026-08-22
"Andres Duarte Terrace II, L.P.",6234,LOS ANGELES,"Andres Duarte Terrace II, LLC",24781,2014-07-28,14-15,2026-08-22
"Gilroy Garden Apartments, L.P.",6235,SANTA CLARA,Quality Housing Development Corporation,10191,2016-07-07,15-16,2026-08-22
"Open Doors Associates, L.P.",6236,SANTA CLARA,"Mid-Peninsula Ginzton, Inc.",8176,2015-09-21,11-12,2026-08-22
"Brentwood Garden Apartments, L.P.",6237,CONTRA COSTA,Quality Housing Development Corporation,10191,2015-09-01,15-16,2026-08-22
"Southeast Fresno RAD, L.P.",6238,FRESNO,"Silvercrest, Inc.",11739,2015-12-11,14-15,2026-08-22
"Willows Pacific Associates, L.P.",6239,GLENN,Central Valley Coalition for Affordable Housing,2419,2014-12-05,15-16,2026-08-22
"Montgomery Oaks Associates, L.P.",6240,VENTURA,Montgomery Oaks LLC,23879,2014-10-28,13-14,2026-08-22
"Snapdragon Place I, L.P.",6241,VENTURA,"Snapdragon Place I, LLC",24793,2015-03-17,15-16,2026-08-22
"Orange Cove RAD, L.P.",6242,FRESNO,"Silvercrest, Inc.",11739,2016-02-10,14-15,2026-08-22
"Viking Village Fresno RAD, L.P.",6243,FRESNO,"Silvercrest, Inc.",11739,2014-12-23,15-16,2026-08-22
"Mendota RAD, L.P.",6244,FRESNO,"Silvercrest, Inc.",11739,2016-02-10,14-15,2026-08-22
"KDF North Hills, L.P.",6245,ORANGE,"North Hills MGP, LLC",24805,2014-12-01,15-16,2026-08-22
"SR McBride Associates, L.P.",6246,SONOMA,"SR McBride MGP, LLC",24804,2014-12-01,15-16,2026-08-22
"KDF Citrus Tree, L.P.",6247,VENTURA,"Citrus Tree MGP, LLC",24803,2014-12-01,15-16,2026-08-22
"Legacy at Sonoma Associates, L.P.",6248,SOLANO,"Pacific Housing, Inc.",14273,2014-10-24,15-16,2026-08-22
"UACH, L.P.",6249,ALAMEDA,"RCD GP, LLC",24361,2015-09-24,15-16,2026-08-22
"Hammer Lane Village Senior Housing, L.P.",6250,SAN JOAQUIN,Union Seniors Association,24808,2015-02-09,15-16,2026-08-22
"Strawberry Creek Lodge, L.P.",6251,ALAMEDA,"Satellite AHA Development, Inc.",16,2014-10-24,15-16,2026-08-22
"Huntington Villa Yorba Preservation, L.P.",6252,ORANGE,"Huntington Villa Yorba Cornucopia, LLC",24799,2014-12-01,15-16,2026-08-22
"Village Center Preservation, L.P.",6253,ORANGE,"Village Center Cornucopia, LLC",24801,2014-12-01,15-16,2026-08-22
"Kingsburg Marion Villas, L.P.",6254,FRESNO,"Silvercrest, Inc.",11739,2014-12-23,15-16,2026-08-22
"Perris Family Apartments, L.P.",6259,RIVERSIDE,"Perris Family Apartments, LLC",24819,2015-03-12,14-15,2026-08-22
"MP East Maude Associates, L.P.",6260,SANTA CLARA,"MP East Maude, LLC",24820,2016-01-25,15-16,2026-08-22
"Arbor Creek Senior Apartments, L.P.",6261,SACRAMENTO,Riverside Charitable Corporation,10533,2014-10-24,15-16,2026-08-22
"Kiku Gardens Housing Partners, L.P.",6262,SAN DIEGO,Hearthstone Housing Foundation,5954,2014-10-24,15-16,2026-08-22
"Vista del Mar Commons, L.P.",6263,VENTURA,"Vista del Mar Commons, LLC",24692,2014-11-25,15-16,2026-08-22
"Villa Santa Fe Apartments, L.P.",6264,SANTA BARBARA,"Villa Santa Fe Apartments MGP, LLC",24150,2014-10-24,14-15,2026-08-22
"Silver Cove Apartments, L.P.",6265,ORANGE,"Silver Cove MGP, LLC",24691,2014-10-24,15-16,2026-08-22
"St. Francis Investors, L.P.",6266,SACRAMENTO,"Foundation for Affordable Housing V, Inc.",15733,2015-06-01,15-16,2026-08-22
"940 Minnie, L.P.",6267,ORANGE,"OHDC Properties II, LLC",24758,2014-11-26,15-16,2026-08-22
"Mercy Housing California 62, L.P.",6268,SAN FRANCISCO,"Transbay Block 6, LLC",24862,2015-04-14,15-16,2026-08-22
"Avanath Castelar, L.P.",6269,LOS ANGELES,"Foundation for Affordable Housing V, Inc.",15733,2014-12-12,15-16,2026-08-22
"Lompoc Terrace Apartments, L.P.",6270,SANTA BARBARA,Surf Development Company,15513,2015-02-10,15-16,2026-08-22
"Pescadero Lofts Isla Vista, L.P.",6271,SANTA BARBARA,Surf Development Company,15513,2015-02-18,15-16,2026-08-22
"Charlotte Drive Family Apartments, L.P.",6272,SANTA CLARA,"PacH San Jose Holdings, LLC",24753,2015-06-17,15-16,2026-08-22
"Jefferson Cunningham Community Partners, L.P.",6273,LOS ANGELES,"AHDF-Jefferson Cunningham G/P, LLC",24874,2015-01-07,15-16,2026-08-22
"Jefferson Cunningham Community Partners, L.P.",6274,LOS ANGELES,"AHDF-Jefferson Cunningham G/P, LLC",24874,2015-01-21,15-16,2026-08-22
"Tierra Springs Apartments, L.P.",6275,SONOMA,Riverside Charitable Corporation,10533,2014-11-26,15-16,2026-08-22
"Tierra Springs Apartments, L.P.",6276,SONOMA,Riverside Charitable Corporation,10533,2014-11-26,15-16,2026-08-22
"Forest City Blossom, L.P.",6277,LOS ANGELES,Hearthstone Housing Foundation,5954,2015-09-24,14-15,2026-08-22
"WJJ CIC, L.P.",6278,SAN DIEGO,Southern California Housing Collaborative,21783,2014-11-26,15-16,2026-08-22
"Richmond Pacific Associates, L.P.",6282,CONTRA COSTA,Central Valley Coalition for Affordable Housing,2419,2014-12-31,15-16,2026-08-22
"Ohlone Gardens, L.P.",6283,CONTRA COSTA,"RCD GP, LLC",24361,2015-07-27,15-16,2026-08-22
"Heritage II, L.P.",6284,SANTA BARBARA,"Foundation for Affordable Housing II, Inc.",14278,2016-06-14,15-16,2026-08-22
"VPM Colony, L.P.",6285,SAN BERNARDINO,"Colony Apartments MGP, LLC",24879,2014-12-15,15-16,2026-08-22
"South Sacramento Mutual Housing, L.P.",6287,SACRAMENTO,"South Sacramento Mutual Housing, LLC",24887,2015-03-17,14-15,2026-08-22
"South Sacramento Mutual Housing, L.P.",6288,SACRAMENTO,"South Sacramento Mutual Housing, LLC",24887,2015-03-17,14-15,2026-08-22
"South Sacramento Mutual Housing, L.P.",6290,SACRAMENTO,"South Sacramento Mutual Housing, LLC",24887,2015-03-17,14-15,2026-08-22
"Half Moon Village II Associates, L.P.",6291,SAN MATEO,"MP Half Moon Village II, LLC",24888,2015-02-13,15-16,2026-08-22
"Spring Lake Housing Associates, L.P.",6292,YOLO,"Spring Lake Mutual Housing Association, LLC",24894,2015-03-13,14-15,2026-08-22
"Berkeley 75 Housing Partners, L.P.",6293,ALAMEDA,"Berkeley 75 MGP, LLC",24643,2014-12-31,15-16,2026-08-22
"Berkeley 75 Housing Partners, L.P.",6294,ALAMEDA,"Berkeley 75 MGP, LLC",24643,2014-12-31,15-16,2026-08-22
"Berkeley 75 Housing Partners, L.P.",6295,ALAMEDA,"Berkeley 75 MGP, LLC",24643,2014-12-31,15-16,2026-08-22
"Berkeley 75 Housing Partners, L.P.",6296,ALAMEDA,"Berkeley 75 MGP, LLC",24643,2014-12-31,15-16,2026-08-22
"Berkeley 75 Housing Partners, L.P.",6297,ALAMEDA,"Berkeley 75 MGP, LLC",24643,2014-12-31,15-16,2026-08-22
"Berkeley 75 Housing Partners, L.P.",6298,ALAMEDA,"Berkeley 75 MGP, LLC",24643,2014-12-31,15-16,2026-08-22
"Berkeley 75 Housing Partners, L.P.",6299,ALAMEDA,"Berkeley 75 MGP, LLC",24643,2014-12-31,15-16,2026-08-22
"Berkeley 75 Housing Partners, L.P.",6300,ALAMEDA,"Berkeley 75 MGP, LLC",24643,2014-12-31,15-16,2026-08-22
"Berkeley 75 Housing Partners, L.P.",6301,ALAMEDA,"Berkeley 75 MGP, LLC",24643,2014-12-31,15-16,2026-08-22
"Berkeley 75 Housing Partners, L.P.",6302,ALAMEDA,"Berkeley 75 MGP, LLC",24643,2014-12-31,15-16,2026-08-22
"Berkeley 75 Housing Partners, L.P.",6303,ALAMEDA,"Berkeley 75 MGP, LLC",24643,2014-12-31,15-16,2026-08-22
"Berkeley 75 Housing Partners, L.P.",6304,ALAMEDA,"Berkeley 75 MGP, LLC",24643,2014-12-31,15-16,2026-08-22
"Berkeley 75 Housing Partners, L.P.",6305,ALAMEDA,"Berkeley 75 MGP, LLC",24643,2014-12-31,15-16,2026-08-22
"Berkeley 75 Housing Partners, L.P.",6306,ALAMEDA,"Berkeley 75 MGP, LLC",24643,2014-12-31,15-16,2026-08-22
"Berkeley 75 Housing Partners, L.P.",6307,ALAMEDA,"Berkeley 75 MGP, LLC",24643,2014-12-31,15-16,2026-08-22
"1550 Third, L.P.",6309,CONTRA COSTA,"1550 Third, LLC",24895,2015-12-18,14-15,2026-08-22
"Main Street Park I, L.P.",6310,SAN MATEO,"Main Street Park I, LLC",24896,2015-06-30,15-16,2026-08-22
"Mill Creek Courtyard CIC, L.P.",6311,KERN,Pacific Southwest Community Development Corporation,9498,2015-01-29,15-16,2026-08-22
"Canyon View Preservation, L.P.",6312,PLACER,"Canyon View Cornucopia, LLC",24798,2014-12-30,15-16,2026-08-22
"Lynroc Preservation, L.P.",6313,PLACER,"Lynroc Cornucopia, LLC",24800,2014-12-30,15-16,2026-08-22
"Hampstead Hamlin Partners, L.P.",6317,LOS ANGELES,CARE Housing Services Corporation,2069,2014-10-17,14-15,2026-08-22
"625 Rembrandt St., L.P.",6318,KERN,Corporation for Better Housing,3474,2014-12-30,15-16,2026-08-22
"Roberta Stephens Villas Preservation, L.P.",6319,LOS ANGELES,Concerned Citizens of South Central Los Angeles,3308,2016-01-25,15-16,2026-08-22
"Lexington Avenue Family Apartments, L.P.",6320,SANTA CLARA,"PacH San Jose Holdings, LLC",24753,2015-06-17,15-16,2026-08-22
"Sycamore Pointe Partnership, L.P.",6322,YOLO,"AOF Sycamore Pointe, LLC",24910,2015-08-26,15-16,2026-08-22
"EHDOC Senior Apartments I, L.P.",6324,SAN BERNARDINO,EHDOC Senior Apartments I Corporation,24700,2015-10-22,15-16,2026-08-22
"VPM Mulberry Villas, L.P.",6325,LOS ANGELES,"Mulberry Villas MGP, LLC",24916,2015-01-12,15-16,2026-08-22
WSHDC West Capitol Courtyards II L.P.,6326,YOLO,West Sacramento Housing Development Corporation,13791,2014-12-29,15-16,2026-08-22
"Post Rivercourt, L.P.",6330,SACRAMENTO,"Foundation for Affordable Housing V, Inc.",15733,2014-12-29,15-16,2026-08-22
"Williams Pacific Associates, A California Limited Partnership",6331,COLUSA,Quality Housing Development Corporation,10191,2015-01-07,14-15,2026-08-22
"Pavilion Park Senior I Housing Partners, L.P.",6332,ORANGE,Riverside Charitable Corporation,10533,2015-02-10,15-16,2026-08-22
"Laurel Village Estates, L.P.",6333,SAN DIEGO,"Hearthstone CA Properties I, LLC",24598,2015-07-28,15-16,2026-08-22
"Creekside Holdings, Ltd., L.P.",6335,SAN DIEGO,"Casa Familiar, Inc.",2164,2016-11-02,14-15,2026-08-22
"Day Street, L.P.",6337,LOS ANGELES,"Apartments at Day Street, LLC",24943,2015-06-01,14-15,2026-08-22
"Waterlane, L.P.",6338,KERN,"Aqualane, LLC",24945,2016-07-18,16-17,2026-08-22
"Waterlane, L.P.",6339,KERN,"Aqualane, LLC",24945,2016-05-18,15-16,2026-08-22
"Vista del Mar Commons, L.P.",6343,VENTURA,"Vista del Mar Commons, LLC",24692,2014-11-25,15-16,2026-08-22
"Vista del Mar Commons, L.P.",6344,VENTURA,"Vista del Mar Commons, LLC",24692,2014-11-25,15-16,2026-08-22
"Solimar Associates, L.P.",6346,VENTURA,"Villa Solimar, LLC",24941,2015-06-03,15-16,2026-08-22
"1701 MLK, L.P.",6347,ALAMEDA,"RCD GP, LLC",24361,2015-01-20,15-16,2026-08-22
"LA Family Housing Co., L.P.",6348,LOS ANGELES,"Agape Housing Corporation, Inc.",24972,2016-05-16,15-16,2026-08-22
"Housing Corporate Fund Associates, L.P.",6349,LOS ANGELES,"Agape Housing Corporation, Inc.",24972,2017-05-24,15-16,2026-08-22
"One Wilkins Place Preservation, L.P.",6350,LOS ANGELES,Concerned Citizens of South Central Los Angeles,3308,2016-01-25,15-16,2026-08-22
"Central Avenue Village Square Preservation, L.P.",6351,LOS ANGELES,Concerned Citizens of South Central Los Angeles,3308,2015-12-18,15-16,2026-08-22
"Casas de Las Flores, L.P.",6352,SANTA BARBARA,People's Self-Help Housing Corporation,9772,2015-03-13,15-16,2026-08-22
"CAA North Point Chico, L.P.",6354,BUTTE,"CAA North Point Chico, LLC",24987,2016-03-11,13-14,2026-08-22
"Auburn Villa Preservation, L.P.",6355,PLACER,"Auburn Villa Cornucopia, LLC",24802,2015-03-05,15-16,2026-08-22
"Playa Senior Affordable Housing, L.P.",6356,LOS ANGELES,Housing Corporation of America,6275,2015-01-20,15-16,2026-08-22
"William Penn Manor Housing, L.P.",6357,LOS ANGELES,Housing Corporation of America,6275,2015-03-13,15-16,2026-08-22
"Parlier Avila Associates II, L.P.",6359,FRESNO,"Housing Alternatives, Inc.",6272,2015-03-13,15-16,2026-08-22
"Las Palmeras Imperial, L.P.",6360,IMPERIAL,Pacific Southwest Community Development Corporation,9498,2015-01-29,15-16,2026-08-22
"TRG Fullerton Affordable, L.P.",6361,ORANGE,Central Valley Coalition for Affordable Housing,2419,2015-01-20,15-16,2026-08-22
"Villa Primavera CIC, L.P.",6362,IMPERIAL,Southern California Housing Collaborative,21783,2015-01-20,15-16,2026-08-22
"Vermont Park Plaza, L.P.",6364,LOS ANGELES,Coalition For Responsible Community Development,21668,2015-01-20,15-16,2026-08-22
"Orange Cove RAD, L.P.",6365,FRESNO,"Silvercrest, Inc.",11739,2016-02-11,14-15,2026-08-22
"Orange Cove RAD, L.P.",6366,FRESNO,"Silvercrest, Inc.",11739,2016-02-23,14-15,2026-08-22
"Orange Cove RAD, L.P.",6367,FRESNO,"Silvercrest, Inc.",11739,2016-02-23,14-15,2026-08-22
"Southeast Fresno RAD, L.P.",6368,FRESNO,"Silvercrest, Inc.",11739,2015-12-11,14-15,2026-08-22
"Mendota RAD, L.P.",6369,FRESNO,"Silvercrest, Inc.",11739,2016-02-23,14-15,2026-08-22
"Montclair Lemoore AR, L.P.",6372,KINGS,"Foundation for Affordable Housing V, Inc.",15733,2015-01-20,15-16,2026-08-22
"Greenfield Senior Associates, L.P.",6373,MONTEREY,Central Valley Coalition for Affordable Housing,2419,2015-01-20,15-16,2026-08-22
"Warthan Place Apartment Investors, L.P.",6374,FRESNO,Community Revitalization and Development Corporation,11591,2015-01-12,15-16,2026-08-22
"Bermuda Park Apartments, L.P.",6375,RIVERSIDE,Quality Housing Development Corporation,10191,2016-11-08,15-16,2026-08-22
"Windsor Park Apartments, L.P.",6376,SONOMA,Quality Housing Development Corporation,10191,2016-11-08,15-16,2026-08-22
"Cottonwood Senior Apartments, L.P.",6377,EL DORADO,Quality Housing Development Corporation,10191,2016-11-08,15-16,2026-08-22
"Las Alturas RHF Housing Partners, L.P.",6378,LOS ANGELES,"Las Alturas RHF Housing, LLC",25046,2015-08-03,14-15,2026-08-22
"Shingle Springs Apartments, L.P.",6380,EL DORADO,Quality Housing Development Corporation,10191,2016-08-30,15-16,2026-08-22
"Fairfield Park Apartments, L.P.",6381,SOLANO,Quality Housing Development Corporation,10191,2016-11-08,15-16,2026-08-22
"FC 2175 Market, L.P.",6382,SAN FRANCISCO,San Francisco Housing Development Corporation,11057,2025-12-26,15-16,2026-08-22
"1758 Laurel Ave., L.P.",6385,SANTA BARBARA,Corporation for Better Housing,3474,2015-03-13,15-16,2026-08-22
"Rio Vista RAD, L.P.",6386,KERN,"Golden Empire Affordable Housing, Inc.",5529,2015-04-30,15-16,2026-08-22
"Rancho Algodon, L.P.",6387,KERN,"Golden Empire Affordable Housing, Inc.",5529,2015-06-04,15-16,2026-08-22
"Auburn Court Apartments, L.P.",6388,PLACER,Quality Housing Development Corporation,10191,2016-08-30,15-16,2026-08-22
"Quartz Ridge Family Apartments, L.P.",6389,PLACER,Riverside Charitable Corporation,10533,2015-03-05,15-16,2026-08-22
"San Andreas Diamond Place, L.P.",6390,CALAVERAS,Central Valley Coalition for Affordable Housing,2419,2015-05-18,15-16,2026-08-22
"Palmer Villas, L.P.",6391,FRESNO,Central Valley Coalition for Affordable Housing,2419,2015-03-05,15-16,2026-08-22
"Presidio, L.P., The",6394,ORANGE,"Presidio MGP, LLC, The",25061,2015-04-29,15-16,2026-08-22
"Evergreen Villas, L.P.",6397,ORANGE,"OHDC Properties I, LLC",21852,2015-06-23,15-16,2026-08-22
"Gabilan Plaza 3, L.P.",6398,MONTEREY,"Gabilan III Housing Sponsorship, LLC",25062,2015-07-29,15-16,2026-08-22
"Royal Vista Terrace Apartments, L.P.",6399,LOS ANGELES,"Royal Vista Terrace Apartments, LLC",25063,2016-05-17,15-16,2026-08-22
"Castillo del Sol Apartments, L.P.",6400,VENTURA,Castillo del Sol LLC,24915,2015-03-24,15-16,2026-08-22
"Fontana Siena Partners, L.P.",6401,SAN BERNARDINO,Housing Corporation of America,6275,2015-11-02,15-16,2026-08-22
"San Jacinto Village Apartments, L.P.",6402,RIVERSIDE,"Beneficial Housing Foundation, The",22450,2015-03-05,15-16,2026-08-22
"King City Arboleda Associates, L.P.",6404,MONTEREY,Central Valley Coalition for Affordable Housing,2419,2015-02-10,15-16,2026-08-22
"Sharmon Palms Lane Associates, L.P.",6405,SANTA CLARA,"Sharmon Palms Lane, LLC",25074,2015-09-29,15-16,2026-08-22
"Mercy Housing California 61, L.P.",6406,SACRAMENTO,"Mercy Mather Veterans, LLC",25080,2015-11-03,15-16,2026-08-22
"Gray's Meadow 2, L.P.",6407,SONOMA,"Gray's Meadow 2, LLC",24780,2015-06-02,15-16,2026-08-22
"Fortuna Yarrow Village, L.P.",6408,HUMBOLDT,Community Revitalization and Development Corporation,11591,2015-02-27,15-16,2026-08-22
"Autumn Village Associates, L.P.",6410,LAKE,"Autumn Village, LLC",25092,2015-09-29,15-16,2026-08-22
"Monte Vista II Family Housing, L.P.",6411,RIVERSIDE,"Nexus for Affordable Housing, Inc.",17120,2015-02-26,15-16,2026-08-22
"South Street Family Apartments, L.P.",6412,SAN LUIS OBISPO,San Luis Obispo Nonprofit Housing Corporation,11181,2015-02-27,15-16,2026-08-22
"Mercy Housing California 51, L.P.",6413,SAN FRANCISCO,Mercy Housing California Family Properties,24974,2015-05-12,15-16,2026-08-22
"Immanuel Community Housing, L.P.",6415,LOS ANGELES,"Immanuel Church, LLC",25094,2015-09-02,15-16,2026-08-22
"Immanuel Community Housing, L.P.",6416,LOS ANGELES,"Immanuel Church, LLC",25094,2015-09-02,15-16,2026-08-22
"VCHC Gateway, L.P.",6417,LOS ANGELES,"VCHC Gateway, LLC",25098,2015-08-03,15-16,2026-08-22
"VPM Linden Manor, L.P.",6418,RIVERSIDE,"Linden Manor MGP, LLC",24942,2015-03-05,15-16,2026-08-22
"Greenfield Housing, L.P.",6419,KERN,"Golden Empire Affordable Housing, Inc. II",23233,2015-10-30,09-10,2026-08-22
"Casa de Esperanza, L.P.",6420,SAN JOAQUIN,"Casa de Esperanza, LLC",24867,2015-09-15,14-15,2026-08-22
"Chateau de Lyon Associates, L.P.",6421,SAN JOAQUIN,"Chateau de Lyon, LLC",24746,2015-09-16,15-16,2026-08-22
"Yreka Juniper Terrace, L.P.",6422,SISKIYOU,"Coldbrook Foundation, The",18222,2015-04-15,15-16,2026-08-22
"Unit 24 CIC, L.P.",6423,SAN DIEGO,Pacific Southwest Community Development Corporation,9498,2015-03-13,15-16,2026-08-22
"Vermont Manzanita, L.P.",6424,LOS ANGELES,"Vermont Manzanita, LLC",25005,2015-04-29,15-16,2026-08-22
"Mercy Housing California 47, L.P.",6425,SACRAMENTO,"7th and H GP, LLC",23292,2015-04-16,15-16,2026-08-22
"PK Riverland, L.P.",6426,FRESNO,Riverside Charitable Corporation,10533,2015-03-24,15-16,2026-08-22
"Selma Community Housing, L.P.",6427,LOS ANGELES,Abode Communities,7541,2018-04-25,15-16,2026-08-22
"Arvin Pacific Associates II, L.P.",6429,KERN,Valley Initiative for Affordable Housing,22366,2015-03-17,14-15,2026-08-22
"700 Block Investors, L.P.",6430,SACRAMENTO,Community Revitalization and Development Corporation,11591,2015-03-17,15-16,2026-08-22
"Curtis Park Seniors Associates, L.P.",6436,SACRAMENTO,"AHCDC Curtis, LLC",24771,2015-06-04,15-16,2026-08-22
"Woodhaven Senior, L.P.",6437,SACRAMENTO,"AHCDC Woodhaven, LLC",24770,2015-03-24,15-16,2026-08-22
"Paradise Creek Housing Partners, L.P.",6438,SAN DIEGO,"CHW Paradise Creek Development Co., LLC",24883,2015-03-25,15-16,2026-08-22
"LDK Senior Apartments, L.P.",6439,LOS ANGELES,LTSC Community Development Corporation,7654,2015-08-26,15-16,2026-08-22
"LDK Senior Apartments, L.P.",6440,LOS ANGELES,LTSC Community Development Corporation,7654,2015-08-26,15-16,2026-08-22
"Sanger Pacific Associates, L.P.",6441,FRESNO,"Housing Alternatives, Inc.",6272,2016-11-08,15-16,2026-08-22
"Village Park Senior Apartments, L.P.",6442,KERN,"Golden Empire Affordable Housing, Inc. II",23233,2015-04-29,15-16,2026-08-22
"GEAHI Old Town Kern, L.P.",6443,KERN,"Golden Empire Affordable Housing, Inc. II",23233,2015-09-14,14-15,2026-08-22
"Oak Creek Terrace, L.P.",6444,NAPA,Napa Valley Community Housing,8590,2015-03-26,15-16,2026-08-22
"1625 San Carlos St., L.P.",6445,FRESNO,Corporation for Better Housing,3474,2015-03-26,15-16,2026-08-22
"Garfield Park Village, L.P.",6447,SANTA CRUZ,"GPV Housing, LLC",24391,2015-03-24,15-16,2026-08-22
"Eden Cambrian, L.P.",6448,SANTA CLARA,"Eden Cambrian, LLC",25162,2016-05-31,15-16,2026-08-22
"ISG Las Brisas, L.P.",6449,LOS ANGELES,"NHC MGP I, LLC",25166,2015-08-03,15-16,2026-08-22
"Eden South Hayward, L.P.",6451,ALAMEDA,"Eden South Hayward, LLC",25183,2015-08-03,15-16,2026-08-22
"Parkview Senior EAH II, L.P.",6452,SANTA CLARA,"Parkview Senior II, LLC",25184,2015-09-08,15-16,2026-08-22
"Parkview Family EAH II, L.P.",6453,SANTA CLARA,"Parkview Family II, LLC",25185,2015-09-08,15-16,2026-08-22
"Ramona Blvd. Family Apartments, L.P.",6454,LOS ANGELES,"PacH San Jose Holdings, LLC",24753,2015-04-24,16-17,2026-08-22
"Westgate Community Associates, L.P.",6456,SAN JOAQUIN,"Westgate Community Associates, LLC",24745,2015-06-17,15-16,2026-08-22
"Alpha Square 9%, L.P.",6459,SAN DIEGO,"Alpha Square 9%, LLC",25246,2015-08-24,15-16,2026-08-22
"Alpha Square 4%, L.P.",6460,SAN DIEGO,"Alpha Square 4%, LLC",25245,2015-08-20,15-16,2026-08-22
"Renaissance Village Housing Partners, L.P.",6461,SAN BERNARDINO,"RV Housing Partners GP, LLC",25251,2015-08-05,15-16,2026-08-22
"GEAHI Auburn Heights, L.P.",6462,KERN,"Golden Empire Affordable Housing, Inc.",5529,2015-06-22,15-16,2026-08-22
"Glenview Cameron Park AR, L.P.",6463,EL DORADO,"WCH Affordable XI, LLC",24234,2015-05-14,15-16,2026-08-22
"Santa Fe Hesperia AR, L.P.",6464,SAN BERNARDINO,"WCH Affordable XI, LLC",24234,2015-05-14,15-16,2026-08-22
"GEAHI Jasmine Heights, L.P.",6467,KERN,"Golden Empire Affordable Housing, Inc.",5529,2016-04-13,15-16,2026-08-22
"Reno Apartments, L.P.",6469,LOS ANGELES,"Koreatown Youth and Community Center, Inc.",7033,2016-01-25,15-16,2026-08-22
"Veteran Village of Glendale, L.P.",6471,LOS ANGELES,"New Directions Housing, LLC",25270,2015-10-21,15-16,2026-08-22
"Santa Clara County Housing, L.P.",6472,SANTA CLARA,"Santa Clara County Housing, LLC",25278,2016-04-19,16-17,2026-08-22
"Glendale Arts Colony, L.P.",6473,LOS ANGELES,"WCH Affordable IX, LLC",23317,2015-07-27,15-16,2026-08-22
"CF Aventerra I 2014, L.P.",6474,SAN BERNARDINO,"AOF/Pacific Fontana AV Management, LLC",20853,2015-07-21,15-16,2026-08-22
"CF Citrus Breeze 2014, L.P.",6475,SAN BERNARDINO,"AOF/Pacific Fontana AV Management, LLC",20853,2015-07-21,15-16,2026-08-22
"CF Tuscany 2014, L.P.",6476,SAN BERNARDINO,"AOF/Pacific Aventerra, LLC",20854,2015-07-21,15-16,2026-08-22
"CF Aventerra II 2014, L.P.",6477,SAN BERNARDINO,"AOF/Pacific Fontana AV Management, LLC",20853,2015-07-21,15-16,2026-08-22
"Holt Avenue Housing Partners, L.P.",6478,LOS ANGELES,Shield of Faith Economic Development,19987,2015-07-27,16-17,2026-08-22
"Stonebridge Housing II, L.P.",6480,NAPA,Stonebridge Housing Corporation,12427,2015-07-28,15-16,2026-08-22
"Palo Alto ECR Partners, L.P.",6481,SANTA CLARA,"Palo Alto MGP, LLC",25292,2015-07-03,16-17,2026-08-22
"HV Partners 2, L.P.",6482,SAN FRANCISCO,"HV HPAH Phase II, LLC",24988,2017-02-21,15-16,2026-08-22
"Olive Villages of Indio, L.P.",6483,RIVERSIDE,"Lutheran Olive MGP, LLC",25296,2015-12-17,15-16,2026-08-22
"Avanath Northpointe, L.P.",6484,LOS ANGELES,"COR Creations, LLC",25297,2015-11-12,15-16,2026-08-22
"Wilshire Towers, L.P.",6485,LOS ANGELES,Housing Corporation of America,6275,2015-07-28,16-17,2026-08-22
"Buchanan Park EAH, L.P.",6486,SAN FRANCISCO,"Buchanan Park EAH, LLC",25302,2015-09-29,16-17,2026-08-22
"Olivewood - Sacramento Apartments Investors, L.P.",6495,SACRAMENTO,Community Revitalization and Development Corporation,11591,2015-08-17,16-17,2026-08-22
"LINC-Monterey Park Apartments Housing Investors, L.P",6496,LOS ANGELES,"LINC-Monterey Park Apartments, LLC",25316,2015-08-18,16-17,2026-08-22
"LINC-Monterey Park Apartments Housing Investors, L.P",6497,LOS ANGELES,"LINC-Monterey Park Apartments, LLC",25316,2015-08-18,16-17,2026-08-22
"LINC-Monterey Park Apartments Housing Investors, L.P",6498,LOS ANGELES,"LINC-Monterey Park Apartments, LLC",25316,2015-08-18,16-17,2026-08-22
"LINC-Monterey Park Apartments Housing Investors, L.P",6499,LOS ANGELES,"LINC-Monterey Park Apartments, LLC",25316,2015-08-18,16-17,2026-08-22
"LINC-Monterey Park Apartments Housing Investors, L.P",6500,LOS ANGELES,"LINC-Monterey Park Apartments, LLC",25316,2015-08-18,16-17,2026-08-22
"LINC-Monterey Park Apartments Housing Investors, L.P",6501,LOS ANGELES,"LINC-Monterey Park Apartments, LLC",25316,2015-08-18,16-17,2026-08-22
"Fultonia West/Cedar Heights Scattered Site, L.P.",6502,FRESNO,"Silvercrest, Inc.",11739,2016-01-25,16-17,2026-08-22
"Fultonia West/Cedar Heights Scattered Site, L.P.",6503,FRESNO,"Silvercrest, Inc.",11739,2016-07-19,16-17,2026-08-22
"Mercy Housing California XI, L.P.",6504,KERN,Mercy Housing Calwest,101,2016-07-19,14-15,2026-08-22
"Long Beach & 21st, L.P.",6506,LOS ANGELES,Path Ventures,20874,2015-09-22,15-16,2026-08-22
"Courtleigh Development, L.P.",6507,LOS ANGELES,Path Ventures,20874,2015-09-17,14-15,2026-08-22
"5400 Hollywood Family Apartments, L.P.",6509,LOS ANGELES,"WCH Affordable VII, LLC",22588,2015-07-28,16-17,2026-08-22
"Broadwood Terrace RHF Partners, L.P.",6510,LOS ANGELES,"Broadwood RHF Housing, LLC",25326,2015-07-23,14-15,2026-08-22
"Westminster Manor, L.P.",6511,SAN DIEGO,"WMSD MGP, LLC",25330,2015-07-23,15-16,2026-08-22
"Orchard Village 188, L.P.",6512,FRESNO,"RCC MGP, LLC",25160,2015-09-09,16-17,2026-08-22
"City Heights Ten, L.P.",6513,SAN DIEGO,"Wakeland City Heights Ten, LLC",24710,2015-07-07,15-16,2026-08-22
"City Heights Ten, L.P.",6514,SAN DIEGO,"Wakeland City Heights Ten, LLC",24710,2015-07-07,15-16,2026-08-22
"City Heights Ten, L.P.",6515,SAN DIEGO,"Wakeland City Heights Ten, LLC",24710,2015-07-07,15-16,2026-08-22
"City Heights Ten, L.P.",6516,SAN DIEGO,"Wakeland City Heights Ten, LLC",24710,2015-07-07,15-16,2026-08-22
"City Heights Ten, L.P.",6517,SAN DIEGO,"Wakeland City Heights Ten, LLC",24710,2015-07-07,15-16,2026-08-22
"City Heights Ten, L.P.",6518,SAN DIEGO,"Wakeland City Heights Ten, LLC",24710,2015-07-07,15-16,2026-08-22
"City Heights Ten, L.P.",6519,SAN DIEGO,"Wakeland City Heights Ten, LLC",24710,2015-07-07,15-16,2026-08-22
"City Heights Ten, L.P.",6520,SAN DIEGO,"Wakeland City Heights Ten, LLC",24710,2015-07-07,15-16,2026-08-22
"City Heights Ten, L.P.",6521,SAN DIEGO,"Wakeland City Heights Ten, LLC",24710,2015-07-07,15-16,2026-08-22
"NW Manor Community Partners, L.P.",6522,LOS ANGELES,"AHDF - NW Manor G/P, LLC",25339,2015-10-01,16-17,2026-08-22
"NW Manor Community Partners, L.P.",6523,LOS ANGELES,"AHDF - NW Manor G/P, LLC",25339,2015-10-01,16-17,2026-08-22
"NW Manor Community Partners, L.P.",6524,LOS ANGELES,"AHDF - NW Manor G/P, LLC",25339,2015-10-01,16-17,2026-08-22
"NW Manor Community Partners, L.P.",6525,LOS ANGELES,"AHDF - NW Manor G/P, LLC",25339,2015-10-01,16-17,2026-08-22
"La Brea Affordable Partners, L.P.",6526,LOS ANGELES,AOF/Pacific Affordable Housing Corp.,646,2016-05-20,16-17,2026-08-22
"Santa Monica Affordable Partners, L.P.",6527,LOS ANGELES,AOF/Pacific Affordable Housing Corp.,646,2016-05-10,16-17,2026-08-22
"Val 9 Housing Partners, L.P.",6528,SAN BERNARDINO,"Val 9 MGP, LLC",25344,2015-08-24,16-17,2026-08-22
"AHDF-Nevada Woods, L.P.",6530,NEVADA,"AHDF-Nevada Woods G/P, LLC",25356,2015-10-05,16-17,2026-08-22
"Woodmark Partnership, L.P.",6531,YOLO,"AOF Woodmark, LLC",25357,2015-09-17,16-17,2026-08-22
"Mercy Housing California 65, L.P.",6532,ALAMEDA,"Mercy Housing California 65, LLC",25358,2016-05-20,16-17,2026-08-22
"Savi Ranch Housing Partners, L.P.",6533,ORANGE,"Avenida Serra Housing Partners GP, LLC",24749,2015-09-16,16-17,2026-08-22
"Iowa Street Senior Housing Partners, L.P.",6534,SAN DIEGO,Iowa Street Interfaith Housing Corporation,3775,2015-07-08,16-17,2026-08-22
"Sunnyview Associates, L.P.",6535,RIVERSIDE,Housing On Merit,23834,2015-09-30,15-16,2026-08-22
"639 West Worth Associates, L.P.",6536,SAN JOAQUIN,"639 West Worth, LLC",25368,2015-07-24,16-17,2026-08-22
"Arcade Sacramento, L.P.",6537,SACRAMENTO,"PacH Anton South Holdings, LLC",23565,2015-08-05,16-17,2026-08-22
"Promenade at Creekside Housing Partners, L.P.",6538,SAN DIEGO,Las Palmas Housing and Development Corporation,17925,2015-07-28,16-17,2026-08-22
"1585 Studios, L.P.",6539,SANTA CLARA,"1585 Studios, LLC",25380,2015-10-22,15-16,2026-08-22
"Solimar Associates, L.P.",6541,VENTURA,"Villa Solimar, LLC",24941,2015-06-03,15-16,2026-08-22
"Portola Irvine, L.P.",6542,ORANGE,"PacH Anton South Holdings, LLC",23565,2015-08-04,16-17,2026-08-22
"Juanita Tate Legacy Preservation, L.P.",6546,LOS ANGELES,Concerned Citizens of South Central Los Angeles,3308,2015-10-23,15-16,2026-08-22
"Japantown Apartments, L.P.",6547,SANTA CLARA,"Japantown Apartments, LLC",25384,2015-10-30,15-16,2026-08-22
"Cal Weber Associates, L.P.",6548,SAN JOAQUIN,"RCC MGP, LLC",25160,2015-09-09,16-17,2026-08-22
"2112 Monterey Road, L.P.",6549,SANTA CLARA,"2112 Monterey Road, LLC",25003,2015-11-06,16-17,2026-08-22
"Aliso Viejo 621, L.P.",6550,ORANGE,"Foundation for Affordable Housing II, Inc.",14278,2015-08-17,16-17,2026-08-22
"Broadway Sansome Associates, L.P.",6551,SAN FRANCISCO,Broadway Family Apartments LLC,20416,2015-10-14,14-15,2026-08-22
"Terraza De Las Cortes, L.P.",6552,VENTURA,"Las Cortes, Inc.",22946,2015-11-13,15-16,2026-08-22
"55 Laguna, L.P.",6553,SAN FRANCISCO,Mercy Housing Calwest,101,2016-12-28,16-17,2026-08-22
"Main Plaza, L.P.",6555,SAN DIEGO,Central Valley Coalition for Affordable Housing,2419,2015-08-04,16-17,2026-08-22
"Northgate Terrace Community Partners, L.P.",6557,ALAMEDA,"FFAH Northgate Terrace, LLC",25416,2015-11-19,16-17,2026-08-22
"Evergreen Villas, L.P.",6560,ORANGE,"OHDC Properties I, LLC",21852,2015-07-29,16-17,2026-08-22
"Laurel Village, L.P.",6561,LOS ANGELES,"Laurel Village GP, LLC",25260,2016-02-16,15-16,2026-08-22
"Leland Grossman Sandpiper, L.P.",6562,SANTA BARBARA,Surf Development Company,15513,2015-08-04,15-16,2026-08-22
"Leland Grossman Sandpiper, L.P.",6563,SANTA BARBARA,Surf Development Company,15513,2015-08-04,15-16,2026-08-22
"Leland Grossman Sandpiper, L.P.",6564,SANTA BARBARA,Surf Development Company,15513,2015-08-04,15-16,2026-08-22
"Villa Parke Homes, L.P.",6568,LOS ANGELES,Abode Community Housing,3806,2015-08-14,14-15,2026-08-22
"Villa Parke Homes, L.P.",6569,LOS ANGELES,Abode Community Housing,3806,2015-08-14,14-15,2026-08-22
"CR Thornbridge Communities, L.P.",6570,SANTA CLARA,"PacH Sac-Midtown Holdings, LLC",23566,2015-09-11,16-17,2026-08-22
"CR Sienna Vista Communities, L.P.",6571,SACRAMENTO,"PacH Sac-Midtown Holdings, LLC",23566,2015-09-11,16-17,2026-08-22
"Johnson Gardens, L.P.",6573,VENTURA,"Johnson Gardens, LLC",25342,2015-08-18,16-17,2026-08-22
"Johnson Gardens, L.P.",6574,VENTURA,"Johnson Gardens, LLC",25342,2015-08-18,16-17,2026-08-22
"Johnson Gardens, L.P.",6575,VENTURA,"Johnson Gardens, LLC",25342,2015-08-18,16-17,2026-08-22
"Winters Senior Apartments, L.P.",6582,YOLO,"Beneficial Housing Foundation, The",22450,2015-09-11,16-17,2026-08-22
"Jackson Lassen Community Partners, L.P.",6584,TEHAMA,"Beneficial Housing Foundation, The",22450,2015-09-15,16-17,2026-08-22
"UHC 00670 Escondido, L.P.",6585,SAN DIEGO,Central Valley Coalition for Affordable Housing,2419,2015-09-11,16-17,2026-08-22
"Delta Lane Housing Partners, L.P.",6586,YOLO,"JHC-Delta Lane, LLC",24719,2015-12-17,16-17,2026-08-22
"Santa Rita Village II, L.P.",6587,SANTA BARBARA,Surf Development Company,15513,2016-06-24,16-17,2026-08-22
"ISG Canoas Terrace, L.P.",6591,SANTA CLARA,"AOF Canoas, LLC",25449,2015-10-02,16-17,2026-08-22
"Franciscan Towers Associates, L.P.",6592,SAN FRANCISCO,"Franciscan Towers GP, LLC",25461,2017-10-04,14-15,2026-08-22
"Cabrillo Gateway, L.P.",6593,LOS ANGELES,"CVC Phase IV, LLC",25463,2015-11-19,14-15,2026-08-22
"Georgia Street, L.P.",6594,SAN DIEGO,"Nexus for Affordable Housing, Inc.",17120,2015-09-21,16-17,2026-08-22
"Golden Inn and Village Senior, L.P.",6595,SANTA BARBARA,Surf Development Company,15513,2015-11-20,16-17,2026-08-22
"Golden Inn and Village Family, L.P.",6596,SANTA BARBARA,Surf Development Company,15513,2015-11-20,16-17,2026-08-22
"Franco Community Partners, L.P.",6600,SAN JOAQUIN,"RHAC WNC GP, LLC",25464,2016-02-08,16-17,2026-08-22
"Vermont Villas, L.P.",6601,LOS ANGELES,"PV Vermont, LLC",25006,2015-10-06,14-15,2026-08-22
"Patios / River Rose Associates, L.P.",6602,YOLO,West Sacramento Housing Development Corporation,13791,2015-10-15,16-17,2026-08-22
"Patios / River Rose Associates, L.P.",6603,YOLO,West Sacramento Housing Development Corporation,13791,2015-10-15,16-17,2026-08-22
"Patios / River Rose Associates, L.P.",6604,YOLO,West Sacramento Housing Development Corporation,13791,2015-10-15,16-17,2026-08-22
"Menlo Westridge Affordable Partners, L.P.",6605,CONTRA COSTA,"Casa Major, Inc.",15204,2015-10-29,16-17,2026-08-22
"Livermore Senior Living Associates, L.P.",6607,ALAMEDA,"Casa Major, Inc.",15204,2015-11-19,15-16,2026-08-22
"City Yard Housing Partners, L.P.",6608,ORANGE,"JHC-City Yard, LLC",24950,2016-08-03,15-16,2026-08-22
"Willow Housing, LP",6609,SAN MATEO,"Cecilia Place Homes, Inc.",2244,2015-10-16,15-16,2026-08-22
"Sharmon Palms Lane Associates, L.P.",6610,SANTA CLARA,"Sharmon Palms Lane, LLC",25074,2015-09-29,15-16,2026-08-22
"Sharmon Palms Lane Associates, L.P.",6611,SANTA CLARA,"Sharmon Palms Lane, LLC",25074,2015-09-29,15-16,2026-08-22
"Sharmon Palms Lane Associates, L.P.",6612,SANTA CLARA,"Sharmon Palms Lane, LLC",25074,2015-09-29,15-16,2026-08-22
"Sharmon Palms Lane Associates, L.P.",6613,SANTA CLARA,"Sharmon Palms Lane, LLC",25074,2015-09-29,15-16,2026-08-22
"Casa de los Amigos, L.P.",6618,LOS ANGELES,Creative Housing & Services,3197,2018-11-13,17-18,2026-08-22
"Stoneman Village, L.P.",6619,CONTRA COSTA,"Leland Road Property, LLC",25343,2016-01-27,16-17,2026-08-22
"Seabreeze Apartments Vallejo, L.P.",6620,SOLANO,"Hearthstone CA Properties I, LLC",24598,2015-11-20,16-17,2026-08-22
"Mission Bay Block 7 Housing Partners, L.P.",6621,SAN FRANCISCO,"CCDC-MBB7, LLC",25507,2016-04-13,16-17,2026-08-22
"KDF Park Glenn, L.P.",6622,VENTURA,"Park Glenn MGP, LLC",25524,2015-09-21,16-17,2026-08-22
"Comeback, L.P., The",6625,LOS ANGELES,Housing Corporation of America,6275,2015-11-17,16-17,2026-08-22
"3310 Partners, L.P.",6626,SACRAMENTO,"PacH Sac-Midtown Holdings, LLC",23566,2015-10-16,16-17,2026-08-22
"Trolley Residential CIC, L.P.",6628,SAN DIEGO,"JCNI Trolley Partners, LLC",25445,2015-10-30,16-17,2026-08-22
"Los Molinos Sherwood Manor, L.P.",6629,TEHAMA,Central Valley Coalition for Affordable Housing,2419,2015-10-19,16-17,2026-08-22
"Summit Rose Apartments, L.P.",6630,SAN DIEGO,"Summit Rose MGP, LLC",25047,2015-10-23,16-17,2026-08-22
"Jackson Lassen Community Partners, L.P.",6631,TEHAMA,"Beneficial Housing Foundation, The",22450,2015-09-15,16-17,2026-08-22
"Ramona Senior Complex, L.P.",6632,SAN BERNARDINO,"Ramona Senior Complex, Inc.",25537,2017-01-17,08-09,2026-08-22
"Olive Villages of Indio, L.P.",6633,RIVERSIDE,"Lutheran Olive MGP, LLC",25296,2015-12-17,15-16,2026-08-22
"CH Valley View Partners, L.P.",6634,KERN,"Valley View Care MGP, LLC",25538,2015-12-11,15-16,2026-08-22
"Waterford Court, L.P.",6635,STANISLAUS,Central Valley Coalition for Affordable Housing,2419,2015-10-20,15-16,2026-08-22
"PHR Family Housing Partners II, L.P.",6636,SAN DIEGO,"Nexus for Affordable Housing, Inc.",17120,2015-10-20,16-17,2026-08-22
"PHR Family Housing Partners I, L.P.",6637,SAN DIEGO,"Nexus for Affordable Housing, Inc.",17120,2015-10-20,16-17,2026-08-22
"Tuolumne Road Partners, L.P.",6638,TUOLUMNE,Community Revitalization and Development Corporation,11591,2015-12-11,16-17,2026-08-22
"Tenderloin Family Housing, L.P.",6639,SAN FRANCISCO,"Tenderloin Family Housing, LLC",25542,2016-01-25,14-15,2026-08-22
"Eastgate Family Housing Partners, L.P.",6640,SAN DIEGO,"Nexus for Affordable Housing, Inc.",17120,2016-01-27,16-17,2026-08-22
"Pilgrim Terrace Affordable, L.P.",6641,SANTA BARBARA,Pilgrim Terrace Cooperative Homes,18401,2016-04-28,16-17,2026-08-22
"Lancaster 637, L.P.",6644,LOS ANGELES,Riverside Charitable Corporation,10533,2015-10-29,16-17,2026-08-22
"Washington Plaza Housing Associates, L.P.",6645,SACRAMENTO,"Washington Plaza Housing Associates, LLC",25573,2016-07-27,14-15,2026-08-22
"Camphora Associates, L.P.",6646,MONTEREY,"Camphora, LLC",25574,2016-08-26,16-17,2026-08-22
"Mountain View Housing Associates, L.P.",6649,SAN DIEGO,"Alta Vista Townhomes, LLC",25407,2015-11-06,16-17,2026-08-22
"Cypress Cove Housing Associates, L.P.",6650,SAN DIEGO,"Mission Manzanita, LLC",25004,2015-11-06,16-17,2026-08-22
"University Village Associates, L.P.",6652,MONTEREY,"University Village, LLC",25591,2016-11-01,16-17,2026-08-22
"Harvest Glen, L.P.",6653,SAN BERNARDINO,"Foundation for Affordable Housing V, Inc.",15733,2016-02-08,16-17,2026-08-22
"Seasons Simi Valley AR, L.P.",6654,VENTURA,"LINC-Gardena Associates, LLC",25599,2015-11-20,16-17,2026-08-22
"Arcata Bay Crossing, L.P.",6655,HUMBOLDT,"Crossing Bridges, LLC",25600,2016-01-27,15-16,2026-08-22
"Monticelli Housing Associates, L.P.",6656,SANTA CLARA,"Monticelli, LLC",25617,2016-06-03,16-17,2026-08-22
"Royal Court Associates, L.P.",6657,SANTA CLARA,"Royal Court Housing, LLC",25618,2015-12-28,16-17,2026-08-22
"Haciendas Senior, L.P.",6658,MONTEREY,Housing Authority Limited Liability Company 4,25619,2016-01-06,16-17,2026-08-22
"Oak Park 2, L.P.",6659,SAN LUIS OBISPO,Housing Authority Limited Liability Company 2,25620,2016-01-06,15-16,2026-08-22
"15811 East Alicante Road, L.P.",6660,LOS ANGELES,"AOF Vista Alicante, LLC",25621,2016-02-08,16-17,2026-08-22
"Cabrillo Family Apartments, L.P.",6661,LOS ANGELES,Synergy Community Development Corporation,20571,2016-10-28,14-15,2026-08-22
"Vista Verde Housing Associates, L.P.",6662,SANTA CRUZ,"Vista Verde, LLC",25622,2016-06-14,16-17,2026-08-22
"Crest Avenue Associates, L.P.",6663,SANTA CLARA,"Crest Avenue Housing, LLC",25623,2016-02-08,16-17,2026-08-22
"901 South Sixth Street Associates, L.P.",6664,SANTA CLARA,"AHA San Jose MGP, LLC",25624,2015-11-24,16-17,2026-08-22
"985 South Sixth Street Associates, L.P.",6665,SANTA CLARA,"AHA San Jose MGP, LLC",25624,2015-11-24,16-17,2026-08-22
"Villages Parkway Associates, L.P.",6666,SANTA CLARA,"AHA San Jose MGP, LLC",25624,2015-11-25,16-17,2026-08-22
"Piedmont & Sierra Associates, L.P.",6667,SANTA CLARA,"AHA San Jose MGP, LLC",25624,2015-11-24,16-17,2026-08-22
"Italian Gardens Associates, L.P.",6668,SANTA CLARA,"AHA San Jose MGP, LLC",25624,2015-11-24,16-17,2026-08-22
"Coleman Road Associates, L.P.",6669,SANTA CLARA,"AHA San Jose MGP, LLC",25624,2015-11-24,16-17,2026-08-22
"100 Healdsburg Ave., L.P.",6670,SONOMA,Corporation for Better Housing,3474,2016-02-19,16-17,2026-08-22
"Church & Monterey Road Associates, L.P.",6671,SANTA CLARA,"Jasmine Square, LLC",25634,2016-10-06,16-17,2026-08-22
"Wakeland Atmosphere II, L.P.",6672,SAN DIEGO,"Wakeland Atmosphere II, LLC",25640,2015-12-04,16-17,2026-08-22
"Wakeland Atmosphere, L.P.",6673,SAN DIEGO,"Wakeland Atmosphere, LLC",25641,2015-12-11,16-17,2026-08-22
"Crossroads at Winchester, L.P.",6674,RIVERSIDE,Inland Empire Affordable Housing Corp.,25642,2016-02-05,16-17,2026-08-22
"Pacific Terrace Associates, L.P.",6675,SANTA CRUZ,"Pacific Terrace Apartments, LLC",25645,2016-01-25,16-17,2026-08-22
"Shasta Hotel Investors Partnership, L.P.",6676,SACRAMENTO,Shasta Hotel Corporation,25646,2016-03-08,11-12,2026-08-22
"SFC-VT, L.P.",6677,SAN BERNARDINO,"Step Forward Communities, A California Nonprofit Public Benefit Corporation",24993,2016-06-15,16-17,2026-08-22
"401 Fairmount, L.P.",6678,ALAMEDA,"Satellite AHA Development, Inc.",16,2015-12-30,15-16,2026-08-22
"Greenfield Pacific Associates II, L.P.",6679,MONTEREY,"PacH Sac-Midtown Holdings, LLC",23566,2016-01-04,16-17,2026-08-22
"Desert Vistas, L.P.",6680,RIVERSIDE,"AHA Inland MGP, LLC",25659,2015-12-11,16-17,2026-08-22
"Mission Suites Apartments, L.P.",6681,LOS ANGELES,"Foundation for Affordable Housing V, Inc.",15733,2016-01-05,16-17,2026-08-22
"New Hope Crosswood Associates, L.P.",6683,YOLO,"NHCDC Crosswood, LLC",25669,2016-04-26,15-16,2026-08-22
"Klimpel Manor Ltd., L.P.",6684,ORANGE,"FFAH II Klimpel Manor, LLC",25652,2016-03-14,16-17,2026-08-22
"Park 20th, L.P.",6685,KERN,"Golden Empire Affordable Housing, Inc. II",23233,2016-01-06,15-16,2026-08-22
"KDF Santa Paula, L.P.",6686,VENTURA,"Santa Paula MGP, LLC",25686,2015-12-28,16-17,2026-08-22
"Alice Griffith Phase 2, L.P.",6687,SAN FRANCISCO,"Tabernacle II, LLC",25695,2016-05-12,16-17,2026-08-22
"Bridge Triangle Associates, L.P.",6688,YOLO,"BRIDGE NorCal Development, Inc.",6259,2016-02-19,14-15,2026-08-22
"Tierra Linda Associates, L.P.",6689,SANTA CRUZ,"Tierra Linda, LLC",25709,2016-09-06,16-17,2026-08-22
"Springville at Camarillo, L.P.",6690,VENTURA,"OHDC Springville, LLC",25583,2016-01-26,16-17,2026-08-22
"Lemon Grove, L.P.",6691,ORANGE,"OHDC Lemon Grove, LLC",25508,2016-01-26,16-17,2026-08-22
"Depot at Santiago, L.P.",6692,ORANGE,"OHDC Depot, LLC",24169,2016-02-24,14-15,2026-08-22
"815 N Harbor, L.P.",6693,ORANGE,"OHDC 815 N Harbor, LLC",24213,2016-02-22,14-15,2026-08-22
"Dublin Family, L.P.",6694,ALAMEDA,"Dublin Family, LLC",25714,2016-05-04,16-17,2026-08-22
"Alice Griffith Phase 1, L.P.",6695,SAN FRANCISCO,"SFHDC Alice Griffith I, LLC",25716,2016-04-29,16-17,2026-08-22
"Pacifica Panorama, L.P.",6696,RIVERSIDE,Oracle Communities Corporation,18102,2016-11-23,16-17,2026-08-22
"HDP Churchill, L.P.",6698,SAN DIEGO,"HDP Churchill, LLC",25262,2017-04-18,16-17,2026-08-22
"HDP Broadway, L.P.",6699,SAN DIEGO,"HDP Broadway Management, LLC",25048,2017-03-22,15-16,2026-08-22
"Park Sunset Community Partners, L.P.",6700,SAN FRANCISCO,"FFAH Park Sunset, LLC",25660,2016-02-08,16-17,2026-08-22
"Heritage Commons Phase II, L.P.",6701,SOLANO,"Delta Senior Housing Communities, Inc.",19157,2020-10-20,20-21,2026-08-22
"Post Emerald, L.P.",6702,STANISLAUS,"Foundation for Affordable Housing V, Inc.",15733,2016-01-26,16-17,2026-08-22
"Eureka 8th Street, L.P.",6703,HUMBOLDT,Community Revitalization and Development Corporation,11591,2016-02-08,16-17,2026-08-22
"Holly Courts Housing Associates, L.P.",6704,SAN FRANCISCO,"Holly Courts Housing, LLC",25700,2016-03-22,16-17,2026-08-22
"25 Sanchez Housing Associates, L.P.",6705,SAN FRANCISCO,"25 Sanchez, LLC",25702,2016-03-25,16-17,2026-08-22
"255 Woodside Housing Associates, L.P.",6706,SAN FRANCISCO,"255 Woodside, LLC",25701,2016-03-25,16-17,2026-08-22
"462 Duboce Housing Associates, L.P.",6707,SAN FRANCISCO,"462 Duboce, LLC",25703,2016-03-25,16-17,2026-08-22
"Maple Park Phase 2, L.P.",6708,SUTTER,"Maple Park Phase 2, LLC",25761,2016-10-04,16-17,2026-08-22
"Seacliff Highlands Associates, L.P.",6709,SANTA CRUZ,"Seacliff Highlands Apartments, LLC",25762,2016-07-19,16-17,2026-08-22
"BHC Sage Park, L.P.",6710,LOS ANGELES,"Bridge SC, LLC",19097,2016-01-26,14-15,2026-08-22
"AveVista Associates, L.P.",6711,ALAMEDA,"AveVista Associates, LLC",25764,2016-05-18,14-15,2026-08-22
"MacArthur Telegraph Associates, L.P.",6712,ALAMEDA,"Bridge Norcal, LLC",20783,2016-05-20,14-15,2026-08-22
"Alameda Housing Associates, L.P.",6713,ALAMEDA,"Alameda Housing, LLC",25766,2016-04-29,15-16,2026-08-22
"Highland Gardens, L.P.",6714,TULARE,"Highland Gardens, LLC",25767,2016-04-13,16-17,2026-08-22
"East Mountain Housing Associates, L.P.",6716,LOS ANGELES,"Northwest Manors, LLC",25406,2016-01-27,16-17,2026-08-22
"Bellflower FM Community Partners, L.P.",6717,LOS ANGELES,"FFAH - Bellflower FM, LLC",25758,2016-03-04,16-17,2026-08-22
"Butterfield Retirement, L.P.",6718,SANTA CLARA,"FFAH II Butterfield, LLC",25661,2016-02-23,16-17,2026-08-22
"Oceanview Housing Associates, L.P.",6719,SAN MATEO,"Crespi Drive, LLC",25788,2016-02-12,16-17,2026-08-22
"Crest Avenue Associates, L.P.",6720,SANTA CLARA,"Crest Avenue Housing, LLC",25623,2016-02-08,16-17,2026-08-22
"Downtown Hayward Sr. Apts., L.P.",6722,ALAMEDA,"CHBA Affordable III, LLC",23885,2016-06-06,16-17,2026-08-22
"Winters Community Housing One, L.P.",6723,YOLO,"Enterprise Winters One, LLC",25639,2016-03-15,16-17,2026-08-22
"Arcata O Street, L.P.",6724,HUMBOLDT,Community Revitalization and Development Corporation,11591,2016-04-29,16-17,2026-08-22
"Lindo Housing Associates, L.P.",6725,SAN DIEGO,"Lakeside Family Housing, LLC",25430,2016-02-05,16-17,2026-08-22
"Franklin/Laguna Apartments, L.P.",6726,SACRAMENTO,Riverside Charitable Corporation,10533,2016-04-13,16-17,2026-08-22
"GEAHI Tulare Arms, L.P.",6727,KERN,"Golden Empire Affordable Housing, Inc. II",23233,2016-01-29,16-17,2026-08-22
"Ouchi CIC, L.P.",6728,SAN DIEGO,Southern California Housing Collaborative,21783,2016-01-29,16-17,2026-08-22
"Sac4 Preservation, L.P.",6731,SACRAMENTO,"Sac4 Cornucopia, LLC",25814,2016-08-09,16-17,2026-08-22
"Sac4 Preservation, L.P.",6732,SACRAMENTO,"Sac4 Cornucopia, LLC",25814,2016-08-09,16-17,2026-08-22
"Sac4 Preservation, L.P.",6733,SACRAMENTO,"Sac4 Cornucopia, LLC",25814,2016-08-09,16-17,2026-08-22
"Sac4 Preservation, L.P.",6734,SACRAMENTO,"Sac4 Cornucopia, LLC",25814,2016-08-09,16-17,2026-08-22
"Casa del Pueblo Preservation, L.P.",6735,SANTA CLARA,"Casa del Pueblo Cornucopia, LLC",25815,2016-11-03,16-17,2026-08-22
"666 Ellis, L.P.",6736,SAN FRANCISCO,"CHP 666 RAD, LLC",25738,2017-01-04,16-17,2026-08-22
"Standard BP Venture, L.P.",6737,LOS ANGELES,"Housing on Merit I, LLC",25826,2016-02-18,16-17,2026-08-22
"Springdale West Preservation, L.P.",6738,LOS ANGELES,"Springdale West Cornucopia, LLC",25827,2016-05-10,16-17,2026-08-22
"Sierra Vista Housing Associates, L.P.",6739,SACRAMENTO,"Sierra Vista Housing Associates, LLC",25828,2016-07-27,15-16,2026-08-22
"Heritage Square Housing Partners, L.P.",6740,LOS ANGELES,"Heritage Square, LLC",25829,2016-02-19,15-16,2026-08-22
"Coalinga Pacific Associates, L.P.",6741,FRESNO,Central Valley Coalition for Affordable Housing,2419,2016-01-29,16-17,2026-08-22
"Martha Bryant Village II, L.P.",6743,LOS ANGELES,"Village EDC, LLC",25832,2016-12-27,16-17,2026-08-22
"Miller Stanley, L.P.",6744,SANTA BARBARA,Surf Development Company,15513,2016-03-14,16-17,2026-08-22
"Lompoc Gardens, L.P.",6745,SANTA BARBARA,Surf Development Company,15513,2016-05-10,16-17,2026-08-22
"Imperial Urban Housing, L.P.",6747,SAN DIEGO,"Nexus for Affordable Housing, Inc.",17120,2016-01-29,16-17,2026-08-22
"Lincoln Housing Partners, L.P.",6748,ORANGE,"JHC-IHO Lincoln, LLC",25263,2017-02-22,16-17,2026-08-22
"Oakland International Housing Partners, L.P.",6750,ALAMEDA,Acts Community Development,20391,2016-03-14,16-17,2026-08-22
"Alpine Woods, L.P.",6752,SAN BERNARDINO,"AHA Inland MGP, LLC",25659,2016-03-14,16-17,2026-08-22
"Housing Venture I, L.P.",6753,SAN BERNARDINO,"AHA Inland MGP, LLC",25659,2016-05-20,16-17,2026-08-22
"VPM Central Park, L.P.",6754,ALAMEDA,"AHA East Bay MGP, LLC",25840,2016-02-19,16-17,2026-08-22
"Willow Partners, L.P.",6755,CONTRA COSTA,"AHA East Bay MGP, LLC",25840,2016-02-19,16-17,2026-08-22
"Foothill Plaza Housing Associates, L.P.",6756,SACRAMENTO,"Foothill Plaza Mutual Housing Association, LLC",25843,2016-02-18,16-17,2026-08-22
"Oakdale Apartments, L.P.",6758,STANISLAUS,Community Revitalization and Development Corporation,11591,2016-03-10,16-17,2026-08-22
"Blackberry Oaks (Preservation), L.P.",6759,TUOLUMNE,Community Revitalization and Development Corporation,11591,2016-03-10,16-17,2026-08-22
"Parlier Garden (Preservation), L.P.",6760,FRESNO,Community Revitalization and Development Corporation,11591,2016-03-10,16-17,2026-08-22
"Mercy Housing California 68, L.P.",6761,SACRAMENTO,"Land Park Woods, LLC",25848,2016-02-22,16-17,2026-08-22
"Second Avenue Preservation, L.P.",6762,LOS ANGELES,"Second Avenue Cornucopia, LLC",25851,2016-05-13,16-17,2026-08-22
"Madrone Village 2, L.P.",6763,SONOMA,"Madrone Village 2, LLC",25852,2016-02-22,16-17,2026-08-22
"Park Lane, L.P.",6764,SONOMA,"Park Lane Apartments, LLC",25853,2016-02-22,16-17,2026-08-22
"Tower Park, L.P.",6765,STANISLAUS,"Tower Park, LLC",25864,2016-08-10,15-16,2026-08-22
"AMCAL Meridian Fund, L.P.",6766,LOS ANGELES,Faith and Community Empowerment,24445,2018-10-09,18-19,2026-08-22
"East Mountain Housing Associates, L.P.",6767,LOS ANGELES,"Northwest Manors, LLC",25406,2016-03-14,16-17,2026-08-22
"COMM22 Senior Housing, L.P.",6768,SAN DIEGO,"COMM22 Senior GP, LLC",25869,2016-12-09,14-15,2026-08-22
"Mobley Lane Partners, L.P.",6769,RIVERSIDE,Riverside Housing Development Corporation,10544,2016-04-29,16-17,2026-08-22
"491 31st Ave, L.P.",6770,SAN FRANCISCO,"Japanese American Religious Federation Housing, Inc.",6711,2016-07-08,16-17,2026-08-22
"Hunters Point East West, L.P.",6771,SAN FRANCISCO,San Francisco Housing Development Corporation,11057,2016-05-10,16-17,2026-08-22
"RVH Parkside, L.P.",6773,STANISLAUS,Central Valley Coalition for Affordable Housing,2419,2016-05-09,16-17,2026-08-22
"Brawley Pacific Associates, L.P.",6774,IMPERIAL,Central Valley Coalition for Affordable Housing,2419,2016-03-16,16-17,2026-08-22
"Gilroy Pacific Associates, L.P.",6775,SANTA CLARA,Central Valley Coalition for Affordable Housing,2419,2016-05-09,16-17,2026-08-22
"Lincoln Valle Vista, L.P.",6776,PLACER,Central Valley Coalition for Affordable Housing,2419,2016-03-16,16-17,2026-08-22
"MP Foster Square Associates, L.P.",6777,SAN MATEO,"MP Foster Square, LLC",25877,2016-03-21,15-16,2026-08-22
"Robert Pitts Housing Partners, L.P.",6778,SAN FRANCISCO,"Tabernacle III, LLC",25886,2016-06-07,16-17,2026-08-22
"T. Bailey Manor, L.P.",6779,LOS ANGELES,"T. Bailey MGP, LLC",25887,2016-05-09,16-17,2026-08-22
"Lincoln 644, L.P.",6782,PLACER,Riverside Charitable Corporation,10533,2016-04-05,16-17,2026-08-22
"Lincoln 644, L.P.",6783,PLACER,Riverside Charitable Corporation,10533,2016-04-05,16-17,2026-08-22
"Gustine Garden, L.P.",6784,MERCED,Central Valley Coalition for Affordable Housing,2419,2016-03-29,16-17,2026-08-22
"Segundo Terrace, L.P.",6785,LOS ANGELES,Los Angeles County Housing Development Corporation,7551,2016-05-20,15-16,2026-08-22
"Gundry Hill, L.P.",6786,LOS ANGELES,"WCH Affordable XII, LLC",25079,2016-03-04,16-17,2026-08-22
"7301 Santa Fe Avenue, L.P.",6787,LOS ANGELES,"WCH Affordable XII, LLC",25079,2016-03-04,16-17,2026-08-22
"Village at Chowchilla, L.P., The",6788,MADERA,Central Valley Coalition for Affordable Housing,2419,2016-03-28,16-17,2026-08-22
"Jurupa Valley Vista Rio Partners, L.P.",6789,RIVERSIDE,Housing Corporation of America,6275,2016-03-28,16-17,2026-08-22
"Moreno Valley Cottonwood 1R Partners, L.P.",6790,RIVERSIDE,Housing Corporation of America,6275,2017-05-26,16-17,2026-08-22
"Mill Creek Village CIC, L.P.",6791,KERN,Pacific Southwest Community Development Corporation,9498,2016-03-29,16-17,2026-08-22
"Torrey Vale CIC, L.P.",6792,SAN DIEGO,Pacific Southwest Community Development Corporation,9498,2016-03-29,17-18,2026-08-22
"DFA Garden Valley Associates, L.P.",6793,FRESNO,"RCC MGP, LLC",25160,2016-06-06,16-17,2026-08-22
"Hanford 2015 Community Partners, L.P.",6794,KINGS,Central Valley Coalition for Affordable Housing,2419,2016-06-29,16-17,2026-08-22
"IHMDI Dudley Pomona, L.P.",6795,LOS ANGELES,"IH Dudley Pomona, LLC",25915,2016-03-21,16-17,2026-08-22
"Sycamore Terrace Upland, L.P.",6796,SAN BERNARDINO,"Sycamore Terrace, LLC",25919,2016-03-22,16-17,2026-08-22
"Carrington Circle Apartments, L.P.",6797,SAN JOAQUIN,"Carrington Circle Housing, LLC",25920,2016-04-18,16-17,2026-08-22
"PASHPI Stevenson House, L.P.",6798,SANTA CLARA,"PASHPI Stevenson House, LLC",25923,2017-03-30,16-17,2026-08-22
"Tracy Mountain View Associates, L.P.",6799,SAN JOAQUIN,"Tracy Mountain View Development, LLC",25924,2016-04-04,16-17,2026-08-22
"MidPen Donner Associates, L.P.",6800,SANTA CLARA,"MP Donner Lofts, LLC",25925,2017-05-22,15-16,2026-08-22
"MP Westlake Associates, L.P.",6801,SAN MATEO,"MP Westlake, LLC",25926,2016-04-18,16-17,2026-08-22
"Sycamore Bakersfield AR, L.P.",6802,KERN,"TELACU Homes, Inc.",12632,2016-04-29,16-17,2026-08-22
"McCreery Avenue, L.P.",6803,SANTA CLARA,"Avenida Espana HDC, Inc.",22000,2016-07-20,16-17,2026-08-22
"WP Palmer Family Apartments, L.P.",6804,FRESNO,Central Valley Coalition for Affordable Housing,2419,2016-03-30,17-18,2026-08-22
"Miller Stanley, L.P.",6805,SANTA BARBARA,Surf Development Company,15513,2016-03-30,16-17,2026-08-22
"Colorado Park, L.P.",6806,SANTA CLARA,Colorado Park Housing Corporation,3055,2016-05-10,17-18,2026-08-22
"Vintage at Bouquet Canyon, L.P.",6807,LOS ANGELES,"Hearthstone CA Properties I, LLC",24598,2016-06-28,16-17,2026-08-22
"Patios / River Rose Associates, L.P.",6808,YOLO,West Sacramento Housing Development Corporation,13791,2017-03-03,16-17,2026-08-22
"Patios / River Rose Associates, L.P.",6809,YOLO,West Sacramento Housing Development Corporation,13791,2017-03-03,16-17,2026-08-22
"Patios / River Rose Associates, L.P.",6810,YOLO,West Sacramento Housing Development Corporation,13791,2017-03-03,16-17,2026-08-22
"East Cliff VOA Affordable Housing, L.P.",6811,SANTA CRUZ,"East Cliff VOA Affordable Housing, LLC",25950,2017-08-01,16-17,2026-08-22
"Golden Oak Manor II, L.P.",6812,CONTRA COSTA,"Golden Oak Manor EAH, LLC",25951,2016-06-16,16-17,2026-08-22
"Town Park Towers, L.P.",6813,SANTA CLARA,Sequoia Living TPT LLC,25957,2022-11-16,20-21,2026-08-22
"Ethan Terrace Venture, L.P.",6814,SACRAMENTO,Pacific Southwest Community Development Corporation,9498,2016-04-04,16-17,2026-08-22
"1006 Golden Valley Dr., L.P.",6815,COLUSA,Corporation for Better Housing,3474,2016-08-19,16-17,2026-08-22
"Winnetka Senior Apartments, L.P.",6816,LOS ANGELES,"Path Ventures Winnetka, LLC",25966,2016-05-20,16-17,2026-08-22
"Edgewater Isle Associates, L.P.",6817,SAN MATEO,HIP Housing Development Corporation,6274,2016-05-18,16-17,2026-08-22
"Pilgrim Tower Apartments, L.P.",6818,LOS ANGELES,"Pilgrim Tower Apartments, LLC",26006,2016-05-12,16-17,2026-08-22
"Oaks II, L.P.",6819,CONTRA COSTA,"Oaks EAH, LLC",26007,2016-04-26,16-17,2026-08-22
"VDN, L.P.",6820,SAN BERNARDINO,"VDN, LLC",26008,2016-07-14,15-16,2026-08-22
"Wilshire City Lights Associates, L.P.",6821,LOS ANGELES,"AOF Hunt 12, LLC",25373,2016-10-21,16-17,2026-08-22
"Adams City Lights Associates, L.P.",6822,LOS ANGELES,"AOF Hunt 12, LLC",25373,2016-09-26,16-17,2026-08-22
"Cochran City Lights Associates, L.P.",6823,LOS ANGELES,"AOF Hunt 12, LLC",25373,2016-10-21,16-17,2026-08-22
"Mission City Lights Associates, L.P.",6824,LOS ANGELES,"AOF Hunt 12, LLC",25373,2016-10-21,16-17,2026-08-22
"Grandview City Lights Associates, L.P.",6825,LOS ANGELES,"AOF Hunt 12, LLC",25373,2016-10-21,16-17,2026-08-22
"Happy Valley City Lights, L.P.",6826,LOS ANGELES,"AOF Hunt 12, LLC",25373,2016-10-20,16-17,2026-08-22
"Angels City Lights Associates, L.P.",6827,LOS ANGELES,"AOF Hunt 12, LLC",25373,2016-10-21,16-17,2026-08-22
"Garland City Lights Associates, L.P.",6828,LOS ANGELES,"AOF Hunt 12, LLC",25373,2016-10-21,16-17,2026-08-22
"Gateway City Lights Associates, L.P.",6829,LOS ANGELES,"AOF Hunt 12, LLC",25373,2016-10-21,16-17,2026-08-22
"Westlake City Lights, L.P.",6830,LOS ANGELES,"AOF Hunt 12, LLC",25373,2016-10-21,16-17,2026-08-22
"Broadway Vistas, L.P.",6831,LOS ANGELES,"AOF Hunt 12, LLC",25373,2016-10-21,16-17,2026-08-22
"Copper Square Apartments, L.P.",6837,LOS ANGELES,"Hearthstone CA Properties I, LLC",24598,2016-05-27,17-18,2026-08-22
"PSCDC Morro Del Mar, L.P.",6838,SAN LUIS OBISPO,"PSCDC Morro del Mar, LLC",24766,2016-05-26,15-16,2026-08-22
"Silverlake VOA Affordable Housing, L.P.",6839,LOS ANGELES,"Silverlake VOA Affordable Housing, LLC",26013,2017-09-01,14-15,2026-08-22
"HCHC Recap I, L.P.",6840,LOS ANGELES,"HCHC Recap I, LLC",26001,2016-05-18,17-18,2026-08-22
"HCHC Recap I, L.P.",6841,LOS ANGELES,"HCHC Recap I, LLC",26001,2016-05-18,17-18,2026-08-22
"HCHC Recap I, L.P.",6842,LOS ANGELES,"HCHC Recap I, LLC",26001,2016-05-18,17-18,2026-08-22
"Almond Village, L.P.",6843,KERN,"Wasco Almond, LLC",26022,2017-02-07,16-17,2026-08-22
"LPSL, L.P.",6844,ALAMEDA,"LPSL, LLC",26023,2016-10-03,17-18,2026-08-22
"9355 Avenida Maria, L.P.",6846,SAN LUIS OBISPO,Corporation for Better Housing,3474,2016-05-26,16-17,2026-08-22
"COMM22 Family Housing, L.P.",6847,SAN DIEGO,"COMM22 Housing GP, LLC",26030,2016-12-09,14-15,2026-08-22
"Desert Sunrise Apartments of Heber, L.P.",6848,IMPERIAL,"Beneficial Housing Foundation, The",22450,2016-05-26,16-17,2026-08-22
"LIH Liberty Village, L.P.",6849,CONTRA COSTA,"Casa Major, Inc.",15204,2016-05-26,16-17,2026-08-22
"CHHP, L.P.",6850,ALAMEDA,"CHHP, LLC",26034,2016-05-13,17-18,2026-08-22
"CHHP, L.P.",6851,ALAMEDA,"CHHP, LLC",26034,2016-07-07,17-18,2026-08-22
"CHHP, L.P.",6852,ALAMEDA,"CHHP, LLC",26034,2016-06-15,17-18,2026-08-22
"Oak Center Homes Partners, L.P.",6853,ALAMEDA,"Banneker Homes, LLC",19777,2016-04-27,13-14,2026-08-22
"Oak Center Homes Partners, L.P.",6854,ALAMEDA,"Banneker Homes, LLC",19777,2016-04-27,13-14,2026-08-22
"Oak Center Homes Partners, L.P.",6855,ALAMEDA,"Banneker Homes, LLC",19777,2016-04-27,13-14,2026-08-22
"Oak Center Homes Partners, L.P.",6856,ALAMEDA,"Banneker Homes, LLC",19777,2016-04-27,13-14,2026-08-22
"Oak Center Homes Partners, L.P.",6857,ALAMEDA,"Banneker Homes, LLC",19777,2016-04-28,13-14,2026-08-22
"Oak Center Homes Partners, L.P.",6858,ALAMEDA,"Banneker Homes, LLC",19777,2016-04-28,13-14,2026-08-22
"Oak Center Homes Partners, L.P.",6859,ALAMEDA,"Banneker Homes, LLC",19777,2016-04-29,13-14,2026-08-22
"Oak Center Homes Partners, L.P.",6860,ALAMEDA,"Banneker Homes, LLC",19777,2016-04-27,13-14,2026-08-22
"Oak Center Homes Partners, L.P.",6861,ALAMEDA,"Banneker Homes, LLC",19777,2016-04-27,13-14,2026-08-22
"Oak Center Homes Partners, L.P.",6862,ALAMEDA,"Banneker Homes, LLC",19777,2016-04-29,13-14,2026-08-22
"Oak Center Homes Partners, L.P.",6863,ALAMEDA,"Banneker Homes, LLC",19777,2016-04-28,13-14,2026-08-22
"Oak Center Homes Partners, L.P.",6864,ALAMEDA,"Banneker Homes, LLC",19777,2016-04-29,13-14,2026-08-22
"Oak Center Homes Partners, L.P.",6865,ALAMEDA,"Banneker Homes, LLC",19777,2016-04-28,13-14,2026-08-22
"Oak Center Homes Partners, L.P.",6866,ALAMEDA,"Banneker Homes, LLC",19777,2016-04-28,13-14,2026-08-22
"Oak Center Homes Partners, L.P.",6867,ALAMEDA,"Banneker Homes, LLC",19777,2016-04-28,13-14,2026-08-22
"Oak Center Homes Partners, L.P.",6868,ALAMEDA,"Banneker Homes, LLC",19777,2016-04-28,13-14,2026-08-22
"Oak Center Homes Partners, L.P.",6869,ALAMEDA,"Banneker Homes, LLC",19777,2016-04-28,13-14,2026-08-22
"Oak Center Homes Partners, L.P.",6870,ALAMEDA,"Banneker Homes, LLC",19777,2016-04-27,13-14,2026-08-22
"Oak Center Homes Partners, L.P.",6871,ALAMEDA,"Banneker Homes, LLC",19777,2016-04-28,13-14,2026-08-22
"Oak Center Homes Partners, L.P.",6872,ALAMEDA,"Banneker Homes, LLC",19777,2016-04-28,13-14,2026-08-22
"Oak Center Homes Partners, L.P.",6873,ALAMEDA,"Banneker Homes, LLC",19777,2016-04-28,13-14,2026-08-22
"Oak Center Homes Partners, L.P.",6874,ALAMEDA,"Banneker Homes, LLC",19777,2016-04-29,13-14,2026-08-22
"Oak Center Homes Partners, L.P.",6875,ALAMEDA,"Banneker Homes, LLC",19777,2016-04-27,13-14,2026-08-22
"Oak Center Homes Partners, L.P.",6876,ALAMEDA,"Banneker Homes, LLC",19777,2016-04-29,13-14,2026-08-22
"Evergreen Villas, L.P.",6877,ORANGE,"OHDC Properties I, LLC",21852,2016-07-08,17-18,2026-08-22
"Buena Vida, L.P.",6878,VENTURA,"Buena Vida, LLC",25631,2016-10-04,17-18,2026-08-22
"Hunters Point East West, L.P.",6879,SAN FRANCISCO,San Francisco Housing Development Corporation,11057,2016-05-09,16-17,2026-08-22
"Sun House Senior Apartments, L.P.",6880,MENDOCINO,"Caulfield Lane Senior Housing, Inc.",2236,2016-05-27,17-18,2026-08-22
"Segundo Terrace, L.P.",6882,LOS ANGELES,Los Angeles County Housing Development Corporation,7551,2016-05-20,15-16,2026-08-22
"Segundo Terrace, L.P.",6883,LOS ANGELES,Los Angeles County Housing Development Corporation,7551,2016-05-20,15-16,2026-08-22
"Mirage Town Homes II, L.P.",6884,LOS ANGELES,Community Revitalization and Development Corporation,11591,2016-07-07,17-18,2026-08-22
"Mobley Lane Partners, L.P.",6885,RIVERSIDE,Riverside Housing Development Corporation,10544,2016-04-29,16-17,2026-08-22
"Mobley Lane Partners, L.P.",6886,RIVERSIDE,Riverside Housing Development Corporation,10544,2016-04-29,16-17,2026-08-22
"Mobley Lane Partners, L.P.",6887,RIVERSIDE,Riverside Housing Development Corporation,10544,2016-04-29,16-17,2026-08-22
"Delta View Family Apartments, L.P.",6888,CONTRA COSTA,"PacH Affordable Holdings, LLC",26067,2016-07-25,17-18,2026-08-22
"Preservation Vista Park Chino II, L.P.",6889,LOS ANGELES,"Better Housing Foundation, LLC",26075,2016-05-17,16-17,2026-08-22
"Preservation Duarte Manor II, L.P.",6890,LOS ANGELES,"Better Housing Foundation, LLC",26075,2016-05-17,16-17,2026-08-22
"Cannery Lofts Investors, L.P.",6891,YOLO,Community Revitalization and Development Corporation,11591,2016-05-26,17-18,2026-08-22
"Pacific Avenue, L.P.",6892,SAN FRANCISCO,"Chinatown Public Housing, LLC",25685,2016-05-26,16-17,2026-08-22
"Bay Street, L.P.",6893,SAN FRANCISCO,"Chinatown Public Housing, LLC",25685,2016-04-27,16-17,2026-08-22
"Villa Garcia, L.P.",6894,VENTURA,"Villa Garcia, LLC",26082,2016-06-02,16-17,2026-08-22
"Stargell Commons, L.P.",6895,ALAMEDA,"Stargell Commons, LLC",26085,2016-06-03,17-18,2026-08-22
"Sutterview Housing Associates, L.P.",6896,SACRAMENTO,"Sutterview Housing Associates, LLC",26090,2016-07-27,15-16,2026-08-22
"PC Meadowglen, L.P.",6897,SACRAMENTO,"AOF Meadow Glen, LLC",26091,2016-05-20,17-18,2026-08-22
"Mesa Verde CIC, L.P.",6898,SAN DIEGO,Southern California Housing Collaborative,21783,2016-06-10,17-18,2026-08-22
"Villa Ciolino Associates, L.P.",6901,SANTA CLARA,"Villa Ciolino, LLC",26097,2016-07-07,17-18,2026-08-22
"Fairbanks Terrace CIC, L.P.",6902,SAN DIEGO,Pacific Southwest Community Development Corporation,9498,2016-08-03,17-18,2026-08-22
"Norwood Learning Village, L.P.",6903,LOS ANGELES,Housing Corporation of America,6275,2016-06-13,17-18,2026-08-22
"860 on the Wye, L.P.",6905,SAN LUIS OBISPO,San Luis Obispo Nonprofit Housing Corporation,11181,2016-06-07,17-18,2026-08-22
"MORH Community Partners, L.P.",6907,ALAMEDA,"FFAH Morh, LLC",26089,2016-09-15,17-18,2026-08-22
"EMW Affordable, L.P.",6909,TULARE,"NHC MGP I, LLC",25166,2016-08-09,16-17,2026-08-22
"SWM Affordable, L.P.",6910,SAN BERNARDINO,"NHC MGP I, LLC",25166,2016-08-09,16-17,2026-08-22
"CWM Affordable, L.P.",6911,RIVERSIDE,"NHC MGP I, LLC",25166,2016-08-09,16-17,2026-08-22
"MP St. Stephens Associates, L.P.",6912,SANTA CRUZ,"Mid-Peninsula Castroville, LLC",26118,2016-09-06,15-16,2026-08-22
"F Street Family CIC, L.P.",6913,SAN DIEGO,Pacific Southwest Community Development Corporation,9498,2016-06-27,17-18,2026-08-22
"G Street Seniors CIC, L.P.",6914,SAN DIEGO,Pacific Southwest Community Development Corporation,9498,2016-06-06,17-18,2026-08-22
MHDC Esperanza-Colosimo. L.P.,6915,SAN FRANCISCO,"MHDC CA MGP III, LLC",26119,2017-01-10,15-16,2026-08-22
"Camino Esperanza, L.P.",6916,VENTURA,"Camino Esperanza, LLC",26120,2016-06-03,16-17,2026-08-22
"1920 Batson Avenue, L.P.",6917,LOS ANGELES,"AOF Palms, LLC",26121,2016-07-06,17-18,2026-08-22
"Rancho California, L.P.",6918,RIVERSIDE,Housing Corporation of America,6275,2016-06-14,17-18,2026-08-22
"Sutter Place Apartments, L.P.",6919,SACRAMENTO,"AHCDC LOAP, LLC",24876,2016-06-08,17-18,2026-08-22
"Mar Vista Union Housing Partners, L.P.",6920,LOS ANGELES,"Avenida Serra Housing Partners GP, LLC",24749,2016-06-15,16-17,2026-08-22
"SB Housing Partnership IV, L.P.",6921,SANTA BARBARA,"Garden Court, Inc.",21872,2016-08-22,17-18,2026-08-22
"SB Housing Partnership IV, L.P.",6922,SANTA BARBARA,"Garden Court, Inc.",21872,2016-08-22,17-18,2026-08-22
"Hancock Gardens Senior Housing, L.P.",6924,LOS ANGELES,Housing Corporation of America,6275,2016-06-29,17-18,2026-08-22
Wilmington & 118th L.P.,6925,LOS ANGELES,Housing Corporation of America,6275,2016-07-18,17-18,2026-08-22
"Newhall Avenue Housing Partners, L.P.",6926,LOS ANGELES,"National CORE Newhall Avenue Housing MGP, LLC",26002,2016-07-18,17-18,2026-08-22
"Ventaliso Family Housing, L.P.",6927,SAN DIEGO,"Nexus for Affordable Housing, Inc.",17120,2016-06-08,17-18,2026-08-22
"Carr Avenue Limited Partnership, L.P.",6928,MONTEREY,"Community Housing Improvement Systems and Planning Association, Inc.",3196,2016-09-02,16-17,2026-08-22
"Gateway Palms Associates, L.P.",6929,SAN BENITO,"Gateway Palms, LLC",26149,2016-09-06,16-17,2026-08-22
"Holt Family Apartments, L.P.",6930,LOS ANGELES,"Holt Family Apartments, LLC",26151,2017-09-06,16-17,2026-08-22
"HLH Affordable, L.P.",6931,MENDOCINO,"GSCDC Holly Heights I & II, LLC",26152,2016-08-15,17-18,2026-08-22
"Los Angeles Marmion Partners, L.P.",6932,LOS ANGELES,"PV Marmion Way, LLC",26153,2016-07-12,16-17,2026-08-22
"Taylor Yard Senior Housing, L.P.",6933,LOS ANGELES,New Economics for Women,8812,2016-07-27,15-16,2026-08-22
"Santa Cecilia Apartments, L.P.",6934,LOS ANGELES,New Economics for Women,8812,2016-06-29,16-17,2026-08-22
"12415 San Fernando Apartments, L.P.",6935,LOS ANGELES,"WCH Affordable XV, LLC",26158,2016-07-19,17-18,2026-08-22
"Standard Crocker Venture, L.P.",6936,PLACER,"Housing On Merit III, LLC",26159,2016-08-09,17-18,2026-08-22
"Bradford27, L.P.",6937,VENTURA,Area Housing Authority of the County of Ventura,17986,2016-07-07,17-18,2026-08-22
"Villa La Esperanza, L.P.",6938,SANTA BARBARA,"Villa La Esperanza, LLC",26164,2016-09-06,17-18,2026-08-22
"BHC College Park II, L.P.",6940,SAN BERNARDINO,"BHC College Park II, LLC",26172,2016-07-27,16-17,2026-08-22
"Positano Apartments, L.P.",6941,SANTA BARBARA,Surf Development Company,15513,2016-08-09,17-18,2026-08-22
"HLH Affordable, L.P.",6942,MENDOCINO,"GSCDC Holly Heights I & II, LLC",26152,2016-08-15,17-18,2026-08-22
Elderly Development Westminster L.P.,6943,ORANGE,Community Housing Assistance Program Inc.,3192,2016-06-28,17-18,2026-08-22
"Ocean View Manor, L.P.",6944,SAN LUIS OBISPO,People's Self-Help Housing Corporation,9772,2016-07-19,17-18,2026-08-22
"Creston Gardens, L.P.",6945,SAN LUIS OBISPO,People's Self-Help Housing Corporation,9772,2016-07-19,17-18,2026-08-22
"Vintage Woods Apartments, L.P.",6946,RIVERSIDE,"FFAH Vintage Woods, LLC",26116,2016-08-24,17-18,2026-08-22
"Hin-Nu Garvey Associates, L.P.",6947,ALAMEDA,"Hin-Nu Garvey, LLC",26174,2016-07-18,17-18,2026-08-22
"Edmundson Associates, L.P.",6948,SANTA CLARA,"Willows, LLC",26175,2016-07-26,17-18,2026-08-22
"Rancho Rustic, L.P.",6949,SAN BENITO,"Rancho Rustic, LLC",26184,2016-08-30,17-18,2026-08-22
"EB, L.P.",6950,CONTRA COSTA,"EB, LLC",26185,2016-07-25,17-18,2026-08-22
"1880 Pine, L.P.",6951,SAN FRANCISCO,Mercy Housing Calwest,101,2016-07-19,16-17,2026-08-22
"345 Arguello, L.P.",6952,SAN FRANCISCO,Mercy Housing Calwest,101,2016-06-29,16-17,2026-08-22
"Hin-Nu Garvey Associates, L.P.",6953,ALAMEDA,"Hin-Nu Garvey, LLC",26174,2016-07-18,17-18,2026-08-22
"JSM - The Verandas Affordable, L.P.",6954,SANTA CLARA,"AHA San Jose II MGP, LLC",26146,2016-07-19,17-18,2026-08-22
"JSM - Arbor Terraces Affordable, L.P.",6955,SANTA CLARA,"AHA San Jose II MGP, LLC",26146,2016-07-19,17-18,2026-08-22
"Paradise Creek II Housing Partners, L.P.",6956,SAN DIEGO,"CHW Paradise Creek II Development Co., LLC",25977,2017-03-02,17-18,2026-08-22
"LIH Casa Blanca Antioch, L.P.",6959,CONTRA COSTA,Central Valley Coalition for Affordable Housing,2419,2016-07-08,17-18,2026-08-22
"Zettie Miller's Haven, L.P.",6961,SAN JOAQUIN,Service First of Northern California,19565,2016-08-10,16-17,2026-08-22
"Reedley Trailside Terrace, L.P.",6962,FRESNO,"Silvercrest, Inc.",11739,2016-07-19,16-17,2026-08-22
"Fruit Avenue Housing Associates, L.P.",6963,FRESNO,"Ashlan Ave Housing, LLC",26011,2017-03-03,17-18,2026-08-22
"AMCAL Pacific Pointe Fund, L.P.",6964,SAN FRANCISCO,"YCD MGP I, LLC",26217,2017-01-11,15-16,2026-08-22
"WP Overland Court Apartments, L.P.",6965,MERCED,Central Valley Coalition for Affordable Housing,2419,2016-07-25,17-18,2026-08-22
"Courtyard Community Partners, L.P.",6966,SANTA CLARA,Central Valley Coalition for Affordable Housing,2419,2016-07-25,17-18,2026-08-22
"Woodglen Vista Housing Partners, L.P.",6967,SAN DIEGO,"JHC-Woodglen, LLC",26150,2016-07-25,17-18,2026-08-22
"GMB Partners, LP",6968,SAN DIEGO,Bella Affordable Housing Foundation,20820,2016-09-19,17-18,2026-08-22
"Jardin de Las Rosas, L.P.",6969,SANTA BARBARA,People's Self-Help Housing Corporation,9772,2016-08-01,17-18,2026-08-22
"BTW Housing Partners, L.P.",6970,SAN FRANCISCO,Booker T. Washington Community Service Center,1416,2017-01-13,16-17,2026-08-22
"Reliant - Mira Vista, L.P.",6971,CONTRA COSTA,"Rainbow - Mira Vista, LLC",26231,2017-03-03,16-17,2026-08-22
"Shockley Terrace, L.P.",6972,FRESNO,"Silvercrest, Inc.",11739,2016-08-01,17-18,2026-08-22
"Buckingham Venture, L.P.",6973,LOS ANGELES,Pacific Southwest Community Development Corporation,9498,2016-08-16,17-18,2026-08-22
"PC Redding Apartments, L.P.",6974,SHASTA,"Northern Valley Catholic Social Service, Inc.",17449,2016-12-16,16-17,2026-08-22
"Firebaugh Gateway, L.P.",6975,FRESNO,"Silvercrest, Inc.",11739,2016-08-03,16-17,2026-08-22
"Tienda Drive Senior Apartments, L.P.",6976,SAN JOAQUIN,"Tienda Drive Senior Apartments, LLC",26236,2016-07-28,17-18,2026-08-22
"LINC-Pomona Apartments, L.P.",6977,LOS ANGELES,"LINC-Pomona Apartments, LLC",26239,2016-08-09,17-18,2026-08-22
"Cadence Family Irvine Housing Partners, L.P.",6978,ORANGE,Riverside Charitable Corporation,10533,2016-08-03,17-18,2026-08-22
"Rotary Plaza, L.P.",6979,SAN MATEO,"Rotary Plaza Associates, LLC",25847,2016-11-28,16-17,2026-08-22
"Texas Street Senior Housing, L.P.",6980,SAN DIEGO,"Howard Avenue Senior Housing, LLC",26196,2016-10-03,17-18,2026-08-22
"Clayton Crossing 1326, L.P.",6981,CONTRA COSTA,"RCC MGP, LLC",25160,2016-09-08,17-18,2026-08-22
"Clayton Crossing 397, L.P.",6982,CONTRA COSTA,"RCC MGP, LLC",25160,2016-09-08,17-18,2026-08-22
"Clayton Crossing 23780, L.P.",6983,CONTRA COSTA,"RCC MGP, LLC",25160,2016-09-08,17-18,2026-08-22
"El Cazador, L.P.",6984,FRESNO,"AHA SJV MGP, LLC",26194,2016-08-05,17-18,2026-08-22
"Chico Valley View Partners, L.P.",6985,BUTTE,"Northern Valley Catholic Social Service, Inc.",17449,2016-12-08,17-18,2026-08-22
"Bradford27, L.P.",6986,VENTURA,Area Housing Authority of the County of Ventura,17986,2016-08-08,17-18,2026-08-22
"939 & 951 Eddy Associates, L.P.",6987,SAN FRANCISCO,"939 & 951 Eddy GP, LLC",26253,2016-12-20,16-17,2026-08-22
"Cedar Nettleton Housing Associates, L.P.",6988,SAN DIEGO,"Vista Lilac, LLC",26254,2017-03-02,17-18,2026-08-22
"Harper Crossing, L.P.",6989,ALAMEDA,"Satellite AHA Development, Inc.",16,2016-08-10,16-17,2026-08-22
"Lowell Neighborhood Project, L.P.",6990,FRESNO,"Silvercrest, Inc.",11739,2016-08-12,17-18,2026-08-22
"Lowell Neighborhood Project, L.P.",6991,FRESNO,"Silvercrest, Inc.",11739,2016-08-17,17-18,2026-08-22
"KDF Malabar, L.P.",6992,ORANGE,"AHA Orange MGP, LLC",26245,2016-08-26,17-18,2026-08-22
"Pacific Pointe Housing, L.P.",6993,SAN JOAQUIN,"Casa Major AH, LLC",26273,2016-09-06,17-18,2026-08-22
"Granite Ridge Housing, L.P.",6994,SAN JOAQUIN,"Casa Major AH, LLC",26273,2016-09-06,17-18,2026-08-22
"430 Turk Associates, L.P.",6995,SAN FRANCISCO,"430 Turk GP, LLC",26274,2016-12-20,16-17,2026-08-22
"Talmadge Gateway, L.P.",6996,SAN DIEGO,"Wakeland Talmadge Gateway, LLC",26280,2017-01-13,17-18,2026-08-22
"Corralitos Creek Associates, L.P.",6997,SANTA CRUZ,"Corralitos Creek Apartments, LLC",26281,2016-12-14,16-17,2026-08-22
"Berendos, L.P.",6998,LOS ANGELES,A Community of Friends,3218,2017-03-03,15-16,2026-08-22
"Rancho Rustic, L.P.",6999,SAN BENITO,"Rancho Rustic, LLC",26184,2016-08-30,17-18,2026-08-22
"O'Farrell Towers Associates, L.P.",7000,SAN FRANCISCO,"O'Farrell Towers GP, LLC",26302,2016-10-14,16-17,2026-08-22
"Standard VLR Venture, L.P.",7001,SAN DIEGO,"Housing on Merit II, LLC",26303,2016-10-28,17-18,2026-08-22
"Tilden - Redwood, L.P.",7002,SONOMA,Las Palmas Housing and Development Corporation,17925,2017-01-13,17-18,2026-08-22
"Crest Housing Partners, L.P.",7003,ORANGE,"JHC-Crest, LLC",25780,2017-09-20,17-18,2026-08-22
"Eagle Hesperia 55, L.P.",7004,SAN BERNARDINO,"AHA Inland MGP, LLC",25659,2016-12-08,17-18,2026-08-22
"Watts Athens Village, L.P.",7006,LOS ANGELES,Community Advancement Development Corporation,25030,2016-09-27,17-18,2026-08-22
"Watts Athens Village, L.P.",7007,LOS ANGELES,Community Advancement Development Corporation,25030,2016-09-28,17-18,2026-08-22
"Watts Athens Village, L.P.",7008,LOS ANGELES,Community Advancement Development Corporation,25030,2016-09-27,17-18,2026-08-22
"Watts Athens Village, L.P.",7009,LOS ANGELES,Community Advancement Development Corporation,25030,2016-09-27,17-18,2026-08-22
"Watts Athens Village, L.P.",7010,LOS ANGELES,Community Advancement Development Corporation,25030,2016-09-27,17-18,2026-08-22
"Watts Athens Village, L.P.",7011,LOS ANGELES,Community Advancement Development Corporation,25030,2016-09-27,17-18,2026-08-22
"Watts Athens Village, L.P.",7012,LOS ANGELES,Community Advancement Development Corporation,25030,2016-09-27,17-18,2026-08-22
"Watts Athens Village, L.P.",7013,LOS ANGELES,Community Advancement Development Corporation,25030,2016-09-27,17-18,2026-08-22
"Watts Athens Village, L.P.",7014,LOS ANGELES,Community Advancement Development Corporation,25030,2016-09-27,17-18,2026-08-22
"Watts Athens Village, L.P.",7015,LOS ANGELES,Community Advancement Development Corporation,25030,2016-09-27,17-18,2026-08-22
"Mercy Housing California 67, L.P.",7016,SAN FRANCISCO,Mercy Housing Calwest,101,2016-09-15,17-18,2026-08-22
"VB CDT Village Oaks, L.P.",7017,SAN BERNARDINO,Trillium Housing Services,26054,2016-09-06,17-18,2026-08-22
"VB CDT Casa Del Sol, L.P.",7018,KINGS,Trillium Housing Services,26054,2016-09-06,17-18,2026-08-22
"Alice Griffith Phase 3B, L.P.",7019,SAN FRANCISCO,"SFHDC Alice Griffith 3B, LLC",26311,2016-10-25,17-18,2026-08-22
"Alice Griffith Phase 3A, L.P.",7020,SAN FRANCISCO,"SFHDC Alice Griffith 3A, LLC",26312,2016-10-21,17-18,2026-08-22
"South County RAD, L.P.",7021,MONTEREY,"HA RAD, LLC1",26313,2017-03-16,17-18,2026-08-22
"Salinas Family RAD, L.P.",7022,MONTEREY,"HA RAD, LLC2",26314,2017-03-21,17-18,2026-08-22
"East Salinas Family RAD, L.P.",7023,MONTEREY,"HA RAD, LLC3",26315,2017-04-21,17-18,2026-08-22
"Gonzales Family RAD, L.P.",7024,MONTEREY,"HA RAD, LLC4",26316,2017-04-18,17-18,2026-08-22
"MORH Community Partners, L.P.",7025,ALAMEDA,"FFAH Morh, LLC",26089,2016-09-15,17-18,2026-08-22
"MORH Community Partners, L.P.",7026,ALAMEDA,"FFAH Morh, LLC",26089,2016-09-15,17-18,2026-08-22
"Claremont Villas, L.P.",7027,LOS ANGELES,"FFAH II Claremont Villas, LLC",26198,2016-10-03,17-18,2026-08-22
"11J Family Housing, L.P.",7028,ALAMEDA,"11th and Jackson, LLC",26318,2016-12-08,16-17,2026-08-22
"Oxnard Pacific Associates II, L.P.",7029,VENTURA,Riverside Charitable Corporation,10533,2016-09-15,17-18,2026-08-22
"Anchor Place, L.P.",7030,LOS ANGELES,"CVC Phase V, LLC",26333,2017-01-03,16-17,2026-08-22
"Evergreen Villas, L.P.",7032,ORANGE,"OHDC Properties I, LLC",21852,2016-11-03,17-18,2026-08-22
"127th Street Apartments, L.P.",7033,LOS ANGELES,"WCH Affordable XIV, LLC",25077,2016-10-03,17-18,2026-08-22
"Kottinger Gardens Phase 1 Associates, L.P.",7034,ALAMEDA,"Kottinger Gardens Phase 1, LLC",26344,2017-01-11,17-18,2026-08-22
"Santa Rosa Garden Apartments, L.P.",7036,SONOMA,"AHA Santa Clara MGP, LLC",26246,2016-12-29,17-18,2026-08-22
"Florence Morehouse, L.P.",7037,LOS ANGELES,"CADI VII, LLC",26353,2017-01-18,16-17,2026-08-22
"17275 Derian, L.P.",7038,ORANGE,"IHO Derian, LLC",26351,2016-11-04,17-18,2026-08-22
"VL, L.P.",7039,CONTRA COSTA,"VL, LLC",26352,2016-11-01,17-18,2026-08-22
"VL, L.P.",7040,CONTRA COSTA,"VL, LLC",26352,2016-11-01,17-18,2026-08-22
"Vintage at Sonoma, L.P.",7041,SONOMA,"Hearthstone CA Properties I, LLC",24598,2016-11-03,17-18,2026-08-22
"D1 Senior Irvine Housing Partners, L.P.",7042,ORANGE,Riverside Charitable Corporation,10533,2016-11-01,17-18,2026-08-22
"Paramount Family Irvine Housing Partners, L.P.",7043,ORANGE,"OCCHC Paramount, LLC",26354,2017-01-25,17-18,2026-08-22
"Live Oak Pacific Associates, a California Limited Partnership",7044,SUTTER,Sutter Community Affordable Housing,14964,2016-10-31,16-17,2026-08-22
"Evelyn Avenue Family Apartments, L.P.",7045,SANTA CLARA,"PH Canyon Crest Holdings, LLC",23269,2016-11-04,17-18,2026-08-22
"Cedar Springs, L.P.",7046,LOS ANGELES,A Community of Friends,3218,2017-03-02,15-16,2026-08-22
"3101 West Venice, L.P.",7048,LOS ANGELES,"Supportive Housing, LLC",26356,2017-05-26,15-16,2026-08-22
"Rivers Bend Yuba, L.P.",7049,YUBA,"Casa Major AH, LLC",26273,2016-11-14,17-18,2026-08-22
"Mission Cove Senior Housing Associates, L.P.",7050,SAN DIEGO,"Carolyn Compass Rose, LLC",26365,2017-02-16,17-18,2026-08-22
"GVGCV Investors, L.P.",7051,NEVADA,Greek Orthodox Housing Corporation,5735,2016-11-28,15-16,2026-08-22
MHDC Esperanza-Colosimo. L.P.,7053,SAN FRANCISCO,"MHDC CA MGP III, LLC",26119,2017-01-10,15-16,2026-08-22
"CRWC, L.P.",7054,SONOMA,"CRWC, LLC",26400,2016-11-14,17-18,2026-08-22
"CRWC, L.P.",7055,SONOMA,"CRWC, LLC",26400,2016-11-14,17-18,2026-08-22
"GBGEH, L.P.",7056,ALAMEDA,"GBGEH, LLC",26376,2016-11-14,17-18,2026-08-22
"GBGEH, L.P.",7057,ALAMEDA,"GBGEH, LLC",26376,2016-11-14,17-18,2026-08-22
"Monument Boulevard Housing Associates, L.P.",7058,CONTRA COSTA,"Concord Victory Lane, LLC",26402,2017-11-17,18-19,2026-08-22
"Manzanita VOA Affordable Housing, L.P.",7059,PLACER,"Manzanita VOA Affordable Housing, LLC",26403,2018-03-06,17-18,2026-08-22
"LINC-Willowbrook Apartments, L.P.",7066,LOS ANGELES,"LINC-Willowbrook Apartments, LLC",24913,2018-03-06,16-17,2026-08-22
"Martha Bryant Village II, L.P.",7067,LOS ANGELES,"Village EDC, LLC",25832,2016-12-27,16-17,2026-08-22
"Leaster Apartments, L.P.",7068,LOS ANGELES,"Leaster Apartments, LLC",26416,2017-03-30,17-18,2026-08-22
"Leaster Apartments, L.P.",7069,LOS ANGELES,"Leaster Apartments, LLC",26416,2017-03-30,17-18,2026-08-22
"Leaster Apartments, L.P.",7070,LOS ANGELES,"Leaster Apartments, LLC",26416,2017-03-30,17-18,2026-08-22
"Las Palmas Coachella AR, L.P.",7071,RIVERSIDE,"WCH Affordable XI, LLC",24234,2016-12-13,17-18,2026-08-22
"Stockton Meridian Pointe, L.P.",7072,SAN JOAQUIN,Central Valley Coalition for Affordable Housing,2419,2016-12-16,17-18,2026-08-22
"Summer Field Community Partners, L.P.",7073,RIVERSIDE,"JHC-Summer Field, LLC",26003,2016-12-06,16-17,2026-08-22
"San Vicente Soledad AR, L.P.",7074,MONTEREY,"CHBA Affordable VI, LLC",26421,2016-12-13,17-18,2026-08-22
"Schillo Gardens, L.P.",7075,VENTURA,"Schillo Gardens, LLC",26426,2016-12-28,17-18,2026-08-22
"Eden Vista Terrace 2, L.P.",7076,SAN DIEGO,"Eden Vista Terrace GP, LLC",25575,2016-12-28,17-18,2026-08-22
"Riverbank Central Associates, L.P.",7077,STANISLAUS,Valley Initiative for Affordable Housing,22366,2016-12-12,17-18,2026-08-22
"Sendero Bluffs Senior Apartments, L.P.",7078,ORANGE,"Hearthstone CA Properties I, LLC",24598,2017-02-03,17-18,2026-08-22
"Pittsburg Pacific Associates, L.P.",7079,CONTRA COSTA,Central Valley Coalition for Affordable Housing,2419,2016-12-12,17-18,2026-08-22
"Mercy Housing California 64, L.P.",7080,SAN FRANCISCO,"Transbay Block 7, LLC",26147,2016-12-12,17-18,2026-08-22
"Rowland Preservation, L.P.",7082,LOS ANGELES,"JHC-Rowland, LLC",25763,2016-12-12,16-17,2026-08-22
"Esencia Norte Affordable Apartments, L.P.",7083,ORANGE,"Hearthstone CA Properties I, LLC",24598,2017-02-03,17-18,2026-08-22
"St. Timothy's Preservation, L.P.",7084,LOS ANGELES,"St. Timothy's Tower and Manor GP, LLC",26445,2016-12-28,17-18,2026-08-22
"West Villas, L.P.",7085,LOS ANGELES,"Supportive Housing, LLC",26356,2017-03-03,15-16,2026-08-22
"CHISPA Buena Vista, L.P.",7086,SAN BENITO,"CHISPA BV GP, LLC",26447,2017-03-21,16-17,2026-08-22
"Sea Breeze Venture, L.P.",7087,VENTURA,Pacific Southwest Community Development Corporation,9498,2017-02-07,17-18,2026-08-22
"New Village East, L.P.",7088,SAN JOAQUIN,"AHCDC Village East, LLC",25962,2017-01-03,17-18,2026-08-22
"Cathedral/Creekside, L.P.",7089,RIVERSIDE,Central Valley Coalition for Affordable Housing,2419,2017-03-03,17-18,2026-08-22
"Marysville Alberta Gardens, L.P.",7090,YUBA,Central Valley Coalition for Affordable Housing,2419,2017-01-13,17-18,2026-08-22
"City Center Plaza, L.P.",7091,SAN MATEO,"MP City Center Plaza, LLC",26468,2017-03-10,17-18,2026-08-22
"Mission Dolores Housing Associates, L.P.",7093,SAN FRANCISCO,"Mission Dolores GP, LLC",26479,2017-01-11,17-18,2026-08-22
"3850 18th Street Housing Associates, L.P.",7094,SAN FRANCISCO,"3850 18th Street, LLC",26480,2017-01-11,17-18,2026-08-22
"Alemany Housing Associates, L.P.",7095,SAN FRANCISCO,"Alemany Housing, LLC",26481,2017-05-26,17-18,2026-08-22
"Riviera Family Apartments, L.P.",7096,CONTRA COSTA,"Stargell Commons, LLC",26085,2017-01-26,17-18,2026-08-22
"Riviera Family Apartments, L.P.",7097,CONTRA COSTA,"Stargell Commons, LLC",26085,2017-01-26,17-18,2026-08-22
"Warm Springs, L.P.",7098,ALAMEDA,"PacH Anton South Holdings, LLC",23565,2016-12-30,17-18,2026-08-22
"Plum Tree West Preservation, L.P.",7100,SANTA CLARA,"JHC-Plum Tree West, LLC",26053,2017-01-10,17-18,2026-08-22
"Garden Grove Housing Partners, L.P.",7101,ORANGE,"JHC-Garden Grove Housing, LLC",25473,2017-03-17,16-17,2026-08-22
"Village Green at Gilroy, L.P.",7102,SANTA CLARA,"AHA Santa Clara MGP, LLC",26246,2016-12-30,17-18,2026-08-22
"Riverwalk I, L.P.",7103,SACRAMENTO,Ethika Foundation,14295,2017-03-21,17-18,2026-08-22
"Buckingham Venture, L.P.",7104,LOS ANGELES,Pacific Southwest Community Development Corporation,9498,2017-01-19,17-18,2026-08-22
"Buckingham Venture, L.P.",7105,LOS ANGELES,Pacific Southwest Community Development Corporation,9498,2017-01-19,17-18,2026-08-22
"Buckingham Venture, L.P.",7106,LOS ANGELES,Pacific Southwest Community Development Corporation,9498,2017-01-19,17-18,2026-08-22
"Ellis 350 Associates, L.P.",7107,SAN FRANCISCO,"Ellis 350 GP, LLC",26493,2017-12-04,17-18,2026-08-22
"Sea Mist VOA Affordable Housing, L.P.",7108,LOS ANGELES,"Sea Mist VOA Affordable Housing, LLC",26494,2017-08-01,16-17,2026-08-22
"Solutions Escondido Boulevard 33, L.P.",7109,SAN DIEGO,"Solutions Escondido Boulevard, LLC",26495,2017-08-24,17-18,2026-08-22
"Mercy Housing California 69, L.P.",7110,SAN FRANCISCO,"Francis of Assisi, LLC",26496,2017-03-22,17-18,2026-08-22
"Pierce Park Apartment Associates, L.P.",7111,LOS ANGELES,"AOF Pierce Park, LLC",26497,2017-02-01,17-18,2026-08-22
"Quarry Creek CIC, L.P.",7112,SAN DIEGO,Pacific Southwest Community Development Corporation,9498,2017-01-17,17-18,2026-08-22
"Mercy Housing California 48, L.P.",7113,PLACER,"623 Vernon, LLC",26424,2017-01-17,17-18,2026-08-22
"St. James Park RHF Partners, L.P.",7115,LOS ANGELES,"St. James Park RHF Housing, LLC",26412,2018-09-20,17-18,2026-08-22
"Sonata at Riverpark Partners, L.P.",7116,VENTURA,"Sonata RHF Housing, Inc.",26370,2017-06-14,16-17,2026-08-22
"Laurel Grove Lane, L.P.",7117,SANTA CLARA,"Pinmore HDC, Inc.",9849,2017-02-13,17-18,2026-08-22
"Westbrook Housing Partners, L.P.",7119,SAN FRANCISCO,San Francisco Housing Development Corporation,11057,2017-02-16,17-18,2026-08-22
"Wakeland Beacon Apartments, L.P.",7120,SAN DIEGO,"Wakeland Beacon, LLC",26524,2018-03-27,17-18,2026-08-22
"Westside Courts Housing Partners, L.P.",7121,SAN FRANCISCO,"Tabernacle IV, LLC",26530,2017-03-30,17-18,2026-08-22
"Paloma Terrace RHF Partners, L.P.",7122,LOS ANGELES,"Paloma RHF Housing, LLC",26488,2017-01-10,16-17,2026-08-22
"Blue Hibiscus, L.P.",7123,LOS ANGELES,"Blue Hibiscus, LLC",26545,2017-02-27,17-18,2026-08-22
"Movietown Square, L.P.",7124,LOS ANGELES,"Movietown Seniors, LLC",26546,2017-02-14,17-18,2026-08-22
"RHA RAD Housing Partners, L.P.",7125,CONTRA COSTA,"RHA RAD, LLC",26550,2018-02-20,16-17,2026-08-22
"Metro Loma, L.P.",7128,LOS ANGELES,Community Revitalization and Development Corporation,11591,2017-02-14,17-18,2026-08-22
"Manitou Vistas II, L.P.",7129,LOS ANGELES,Community Revitalization and Development Corporation,11591,2017-02-14,17-18,2026-08-22
"Manitou Vistas, L.P.",7130,LOS ANGELES,Community Revitalization and Development Corporation,11591,2017-02-14,17-18,2026-08-22
"Elm Street Commons, L.P.",7131,ORANGE,Community Revitalization and Development Corporation,11591,2017-02-14,17-18,2026-08-22
"Arbor Terrace, L.P.",7132,SAN DIEGO,Community Revitalization and Development Corporation,11591,2017-02-14,17-18,2026-08-22
"Polo Run Family Apartments, L.P.",7133,SAN JOAQUIN,"PH Canyon Crest Holdings, LLC",23269,2017-02-14,17-18,2026-08-22
"PNH Francisquito Senior, L.P.",7134,LOS ANGELES,"PNH Francisquito, LLC",26569,2017-04-28,17-18,2026-08-22
"El Segundo Apartments, L.P.",7135,LOS ANGELES,"WCH Affordable XVI, LLC",26570,2017-03-02,17-18,2026-08-22
"Granger Housing, L.P.",7136,SAN DIEGO,"AHA San Diego MGP, LLC",26571,2017-03-10,17-18,2026-08-22
"Mercy Housing California 76, L.P.",7137,YOLO,"Esperanza Crossing II, LLC",26572,2017-10-04,17-18,2026-08-22
"Navy Village VOA Affordable Housing, L.P.",7138,LOS ANGELES,"Navy Village VOA Affordable Housing, LLC",26573,2018-01-25,15-16,2026-08-22
"Summerhill Bakersfield AR, L.P.",7139,KERN,"WCH Affordable XXIII, LLC",26577,2017-03-10,17-18,2026-08-22
"Harmony Bakersfield AR, L.P.",7140,KERN,"WCH Affordable XXI, LLC",26578,2017-03-10,17-18,2026-08-22
"Crossroads, L.P.",7141,SONOMA,"Crossroads Apartments, LLC",26579,2017-03-30,17-18,2026-08-22
"Village Madera AR, L.P.",7142,MADERA,"WCH Affordable XI, LLC",24234,2017-02-14,17-18,2026-08-22
"Harmony Simi Valley AR, L.P.",7143,VENTURA,"FFAH II Harmony Terrace, LLC",26349,2017-02-08,17-18,2026-08-22
"Villa Storia CIC, L.P.",7144,SAN DIEGO,Pacific Southwest Community Development Corporation,9498,2017-02-14,17-18,2026-08-22
"SFC VHV, L.P.",7145,SAN DIEGO,"Step Forward Communities, A California Nonprofit Public Benefit Corporation",24993,2017-03-24,17-18,2026-08-22
"CAC East, L.P.",7146,LOS ANGELES,"WCH Affordable XIX, LLC",26587,2017-03-10,17-18,2026-08-22
"Loma Linda Vets, L.P.",7147,SAN BERNARDINO,"Loma Linda Veteran Partners, LLC",26588,2017-03-15,17-18,2026-08-22
"Mercy Housing California 57, L.P.",7148,SAN FRANCISCO,Mercy Housing California Special Needs,12143,2017-07-13,16-17,2026-08-22
"Courtyard Fullerton AR, L.P.",7150,ORANGE,"FFAH V Courtyard, LLC",26592,2017-06-22,17-18,2026-08-22
"Seasons San Juan Capistrano AR, L.P.",7151,ORANGE,"LINC-Gardena Associates, LLC",25599,2017-03-29,17-18,2026-08-22
"Seasons Lakewood AR, L.P.",7152,LOS ANGELES,"LINC-Gardena Associates, LLC",25599,2017-05-18,17-18,2026-08-22
"MHDC Betel, L.P.",7153,SAN FRANCISCO,"MHDC CA MGP III, LLC",26119,2017-03-10,16-17,2026-08-22
"East Linda Gardens, L.P.",7154,YUBA,Trillium Housing Services,26054,2017-03-29,17-18,2026-08-22
"Pinewood Village Apartments, L.P.",7155,SAN DIEGO,"CARE Housing Services GP, LLC",24212,2017-05-22,17-18,2026-08-22
"Villages at Westview I, L.P.",7156,VENTURA,"Villages at Westview I, LLC",26446,2017-05-11,17-18,2026-08-22
"Huntington Park Pacific Associates, L.P.",7157,LOS ANGELES,"RCC MGP, LLC",25160,2017-06-15,17-18,2026-08-22
"New Zion Manor 2016, L.P.",7159,SAN BERNARDINO,"AOF New Zion, LLC",25460,2017-04-06,17-18,2026-08-22
"MP Springs Family Associates, L.P.",7160,SONOMA,"MP Springs Family, LLC",26611,2017-03-16,16-17,2026-08-22
"Lion Villas Associates, L.P.",7161,SANTA CLARA,"LV Community Resident Services, LLC",26489,2017-02-28,16-17,2026-08-22
"Columbia Associates II, L.P.",7162,LOS ANGELES,"IAHI-CA, LLC",26262,2017-03-07,18-19,2026-08-22
"Columbia Associates II, L.P.",7163,LOS ANGELES,"IAHI-CA, LLC",26262,2017-03-07,18-19,2026-08-22
"Columbia Associates II, L.P.",7164,LOS ANGELES,"IAHI-CA, LLC",26262,2017-03-07,18-19,2026-08-22
"Columbia Associates II, L.P.",7165,LOS ANGELES,"IAHI-CA, LLC",26262,2017-03-07,18-19,2026-08-22
"Columbia Associates II, L.P.",7166,LOS ANGELES,"IAHI-CA, LLC",26262,2017-03-07,18-19,2026-08-22
"Marygold Associates II, L.P.",7167,SAN BERNARDINO,"IAHI-MG, LLC",26260,2017-03-07,18-19,2026-08-22
"Berendos, L.P.",7168,LOS ANGELES,A Community of Friends,3218,2017-03-03,15-16,2026-08-22
"Monterey Venture, L.P.",7169,CONTRA COSTA,Pacific Southwest Community Development Corporation,9498,2017-04-10,17-18,2026-08-22
"Rolling Hills II, L.P.",7170,SAN LUIS OBISPO,People's Self-Help Housing Corporation,9772,2017-07-06,17-18,2026-08-22
"ABN Property Holding, L.P.",7171,SAN DIEGO,"Nguyen Property Holdings, Inc.",26612,2018-10-26,18-19,2026-08-22
"ABN Property Holding, L.P.",7172,SAN DIEGO,"Nguyen Property Holdings, Inc.",26612,2018-10-26,17-18,2026-08-22
"Canon Kip Associates II, L.P.",7173,SAN FRANCISCO,"Canon Kip, Inc.",2034,2017-05-04,17-18,2026-08-22
"Oakland Affordable Housing Group, L.P.",7174,ALAMEDA,Central Valley Coalition for Affordable Housing,2419,2017-05-03,17-18,2026-08-22
"Sepulveda Senior Housing, L.P.",7175,LOS ANGELES,"Nexus for Affordable Housing, Inc.",17120,2017-11-06,17-18,2026-08-22
"Courtland City Lights Associates, L.P.",7176,LOS ANGELES,"Korean Health, Education, Information and Research Center",7021,2017-05-05,17-18,2026-08-22
"Los Adobes de Maria III, L.P.",7177,SANTA BARBARA,People's Self-Help Housing Corporation,9772,2017-07-06,17-18,2026-08-22
"University Senior Apartments, L.P.",7178,SAN MATEO,"MP-Cando University Avenue Senior Housing, LLC",24398,2017-05-04,16-17,2026-08-22
"2698 California, L.P.",7179,SAN FRANCISCO,Mercy Housing Calwest,101,2017-07-05,17-18,2026-08-22
"AMCAL Villa Encantada Fund, L.P.",7180,SAN DIEGO,Las Palmas Foundation,14526,2018-01-05,17-18,2026-08-22
"JFK Tower, L.P.",7181,SAN FRANCISCO,Mercy Housing Calwest,101,2017-07-05,17-18,2026-08-22
"Guest House, L.P.",7182,ORANGE,"IH Guest House Santa Ana, LLC",26641,2017-07-13,17-18,2026-08-22
"Village at Los Carneros, L.P.",7183,SANTA BARBARA,"Village at Los Carneros, LLC",26644,2017-06-07,17-18,2026-08-22
"MP Edwina Benner Associates, L.P.",7184,SANTA CLARA,"MP 460 Persian, LLC",26671,2017-06-07,16-17,2026-08-22
"King 1101 Apartments, L.P.",7185,LOS ANGELES,"King 1101 Apartments, LLC",26674,2017-09-06,16-17,2026-08-22
"Sunnyvale Life, L.P.",7186,SANTA CLARA,"Sunnyvale Life, LLC",26678,2018-01-05,17-18,2026-08-22
"Shadow Hills, L.P.",7187,VENTURA,"Shadow Hills, LLC",26681,2017-07-05,17-18,2026-08-22
"Casa Montego, L.P.",7188,CONTRA COSTA,"Satellite AHA Development, Inc.",16,2017-05-31,17-18,2026-08-22
"Gonzales Family RAD, L.P.",7189,MONTEREY,"HA RAD, LLC4",26316,2017-04-20,17-18,2026-08-22
"Gonzales Family RAD, L.P.",7190,MONTEREY,"HA RAD, LLC4",26316,2017-04-20,17-18,2026-08-22
"Gonzales Family RAD, L.P.",7191,MONTEREY,"HA RAD, LLC4",26316,2017-04-20,17-18,2026-08-22
"Gonzales Family RAD, L.P.",7192,MONTEREY,"HA RAD, LLC4",26316,2017-04-20,17-18,2026-08-22
"Gonzales Family RAD, L.P.",7193,MONTEREY,"HA RAD, LLC4",26316,2017-04-20,17-18,2026-08-22
"South County RAD, L.P.",7194,MONTEREY,"HA RAD, LLC1",26313,2017-03-16,17-18,2026-08-22
"Salinas Family RAD, L.P.",7195,MONTEREY,"HA RAD, LLC2",26314,2017-03-21,17-18,2026-08-22
"Salinas Family RAD, L.P.",7196,MONTEREY,"HA RAD, LLC2",26314,2017-03-21,17-18,2026-08-22
"East Salinas Family RAD, L.P.",7197,MONTEREY,"HA RAD, LLC3",26315,2017-04-21,17-18,2026-08-22
"East Salinas Family RAD, L.P.",7198,MONTEREY,"HA RAD, LLC3",26315,2017-04-21,17-18,2026-08-22
"East Salinas Family RAD, L.P.",7199,MONTEREY,"HA RAD, LLC3",26315,2017-04-21,17-18,2026-08-22
"East Salinas Family RAD, L.P.",7200,MONTEREY,"HA RAD, LLC3",26315,2017-04-21,17-18,2026-08-22
"East Salinas Family RAD, L.P.",7201,MONTEREY,"HA RAD, LLC3",26315,2017-04-21,17-18,2026-08-22
"East Salinas Family RAD, L.P.",7202,MONTEREY,"HA RAD, LLC3",26315,2017-05-08,17-18,2026-08-22
"GEAHI Green Gardens, L.P.",7203,KERN,"GEAHI Green Gardens, LLC",26676,2017-07-13,17-18,2026-08-22
"East Salinas Family RAD, L.P.",7204,MONTEREY,"HA RAD, LLC3",26315,2017-05-08,17-18,2026-08-22
"East Salinas Family RAD, L.P.",7205,MONTEREY,"HA RAD, LLC3",26315,2017-05-09,17-18,2026-08-22
"East Salinas Family RAD, L.P.",7206,MONTEREY,"HA RAD, LLC3",26315,2017-05-09,17-18,2026-08-22
"East Salinas Family RAD, L.P.",7207,MONTEREY,"HA RAD, LLC3",26315,2017-05-09,17-18,2026-08-22
"East Salinas Family RAD, L.P.",7208,MONTEREY,"HA RAD, LLC3",26315,2017-05-09,17-18,2026-08-22
"East Salinas Family RAD, L.P.",7209,MONTEREY,"HA RAD, LLC3",26315,2017-05-09,17-18,2026-08-22
"East Salinas Family RAD, L.P.",7210,MONTEREY,"HA RAD, LLC3",26315,2017-05-09,17-18,2026-08-22
"East Salinas Family RAD, L.P.",7211,MONTEREY,"HA RAD, LLC3",26315,2017-05-09,17-18,2026-08-22
"East Salinas Family RAD, L.P.",7212,MONTEREY,"HA RAD, LLC3",26315,2017-05-09,17-18,2026-08-22
"East Salinas Family RAD, L.P.",7213,MONTEREY,"HA RAD, LLC3",26315,2017-05-09,17-18,2026-08-22
"Westminster Court, L.P.",7214,LOS ANGELES,"Westminster Court, LLC",26675,2018-03-13,17-18,2026-08-22
"Sequoia Belle Haven, L.P.",7215,SAN MATEO,"Sequoia Belle Haven, LLC",26680,2017-06-20,17-18,2026-08-22
"LINC-Beaumont APTS, L.P.",7216,RIVERSIDE,"LINC-Beaumont APTS, LLC",26679,2017-06-19,17-18,2026-08-22
"UHC 00539 Yucaipa, L.P.",7217,SAN BERNARDINO,"HPI Horizons at Yucaipa, LLC",26677,2018-08-31,16-17,2026-08-22
"East Salinas Family RAD, L.P.",7218,MONTEREY,"HA RAD, LLC3",26315,2017-05-09,17-18,2026-08-22
"1750 McAllister, L.P.",7219,SAN FRANCISCO,CHP 1750 RAD LLC,26672,2017-06-15,17-18,2026-08-22
"Gilroy Transitional Housing Center Associates, L.P.",7220,SANTA CLARA,"Sobrato Transitional, LLC",26673,2017-06-16,18-19,2026-08-22
"Ocean Park Villas, L.P.",7226,LOS ANGELES,"Haven for Affordable Housing-Encino, LLC",23935,2017-09-29,17-18,2026-08-22
"Bonita Ranch Apartments, L.P.",7227,LOS ANGELES,"Haven for Affordable Housing-Encino, LLC",23935,2017-11-17,17-18,2026-08-22
"St. Andrews Gardens, L.P.",7228,LOS ANGELES,"Haven for Affordable Housing-Encino, LLC",23935,2017-11-17,17-18,2026-08-22
"Villa Fontana, L.P.",7229,SAN MATEO,"Haven for Affordable Housing-Encino, LLC",23935,2017-10-04,17-18,2026-08-22
"Lankershim Arms, L.P.",7230,LOS ANGELES,"Haven for Affordable Housing-Encino, LLC",23935,2017-08-02,17-18,2026-08-22
"Mayflower Arms, L.P.",7231,LOS ANGELES,"Haven for Affordable Housing-Encino, LLC",23935,2017-09-29,17-18,2026-08-22
"Monterey Terrace, L.P.",7232,LOS ANGELES,"Haven for Affordable Housing-Encino, LLC",23935,2017-11-17,17-18,2026-08-22
"Palo Verde Apartments, L.P.",7233,LOS ANGELES,"Hollywood Housing Holdings, LLC",26710,2017-10-03,17-18,2026-08-22
"Miraflores Senior, L.P.",7234,CONTRA COSTA,"Miraflores Senior, LLC",26714,2017-06-23,18-19,2026-08-22
"Fore Springville Senior Apartments, L.P.",7235,VENTURA,"Housing On Merit V, LLC",26715,2017-06-22,17-18,2026-08-22
"Antelope Valley Apartment Associates, L.P.",7236,LOS ANGELES,"AOF Antelope Valley, LLC",26716,2017-09-13,17-18,2026-08-22
"500 Folsom, L.P.",7237,SAN FRANCISCO,"Bridge 500 Folsom, LLC",26719,2018-02-20,17-18,2026-08-22
"Mercy Housing California 71, L.P.",7238,LOS ANGELES,"St. Mary Tower, LLC",26722,2017-10-03,17-18,2026-08-22
"El Cerrito Senior, L.P.",7239,CONTRA COSTA,"El Cerrito Senior, LLC",26725,2017-10-19,18-19,2026-08-22
"611 Washington St., L.P.",7240,NAPA,Corporation for Better Housing,3474,2017-08-02,18-19,2026-08-22
"Dudley Oaks Apartments, L.P.",7241,LOS ANGELES,Housing Corporation of America,6275,2017-07-26,18-19,2026-08-22
"Mountain View Community Partners, L.P.",7243,RIVERSIDE,"Beneficial Housing Foundation, The",22450,2017-08-01,17-18,2026-08-22
"Westside Palm Associates of Tulare, L.P.",7244,TULARE,"Beneficial Housing Foundation, The",22450,2017-10-23,17-18,2026-08-22
"Beverly PSH, L.P.",7245,LOS ANGELES,"Supportive Housing, LLC",26356,2017-07-25,17-18,2026-08-22
"Fresno Edison Apartments, L.P.",7246,FRESNO,"Silvercrest, Inc.",11739,2017-07-26,16-17,2026-08-22
"Gilroy Pacific Associates II, L.P.",7247,SANTA CLARA,Central Valley Coalition for Affordable Housing,2419,2017-10-20,17-18,2026-08-22
"Hollister San Juan Associates, L.P.",7249,SAN BENITO,Central Valley Coalition for Affordable Housing,2419,2017-08-01,17-18,2026-08-22
"Grace Village Apartments, L.P.",7250,SANTA BARBARA,"Garden Court, Inc.",21872,2017-07-25,17-18,2026-08-22
"Triangle Terrace Affordable, L.P.",7252,ORANGE,"OSH Triangle Terrace, LLC",26415,2017-05-30,17-18,2026-08-22
"New Park Place, L.P.",7253,LOS ANGELES,"Park Place Terrace Repurchase, LLC",26527,2017-07-27,17-18,2026-08-22
"Evergreen Villas, L.P.",7254,ORANGE,"OHDC Properties I, LLC",21852,2017-07-27,18-19,2026-08-22
"Kings Crossing Housing Partners, L.P.",7255,MERCED,"AOF Atwater, LLC",26736,2017-10-10,17-18,2026-08-22
"Desert Hot Springs Portfolio Housing Partners, L.P.",7256,RIVERSIDE,"AOF Desert Hot Springs, LLC",26737,2017-07-20,17-18,2026-08-22
"Desert Hot Springs Portfolio Housing Partners, L.P.",7257,RIVERSIDE,"AOF Desert Hot Springs, LLC",26737,2017-09-06,17-18,2026-08-22
"Hermosa Village Phase I Housing Partners, L.P.",7259,ORANGE,"Core Hermosa Village 1 MGP, LLC",26747,2017-10-11,17-18,2026-08-22
"TCD Hacienda del Norte, L.P.",7260,SAN LUIS OBISPO,"Step Forward Communities, A California Nonprofit Public Benefit Corporation",24993,2017-12-06,18-19,2026-08-22
"East Salinas Family RAD, L.P.",7261,MONTEREY,"HA RAD, LLC3",26315,2017-05-09,17-18,2026-08-22
"T8 Housing Partners, L.P.",7262,SAN FRANCISCO,"T8 Housing Partners MGP, LLC",26770,2017-08-11,17-18,2026-08-22
"T8 Urban Housing Associates BMR, L.P.",7263,SAN FRANCISCO,"TB8 Urban Residential C MGP, LLC",26771,2017-10-17,17-18,2026-08-22
"Potrero Housing Associates I, L.P.",7264,SAN FRANCISCO,"Potrero Housing I, LLC",26772,2017-08-04,17-18,2026-08-22
"Orchards Morgan Hill, L.P.",7265,SANTA CLARA,"Orchards EAH, LLC",26774,2018-10-18,17-18,2026-08-22
"Uptown Newport Building Owner, L.P.",7266,ORANGE,"AHA MacArthur MGP, LLC",26775,2017-10-03,18-19,2026-08-22
"Summerhouse Housing 3, L.P.",7267,RIVERSIDE,"Bridge SC, LLC",19097,2018-08-03,17-18,2026-08-22
"FC Blossom Plaza Workforce, L.P.",7268,LOS ANGELES,Hearthstone Housing Foundation,5954,2018-08-24,16-17,2026-08-22
"Villa Escondido Apartments, L.P.",7271,SAN DIEGO,"AOF Villa Escondido, LLC",26783,2017-08-18,18-19,2026-08-22
"West Angeles Homes II, L.P.",7272,LOS ANGELES,"WA Homes MGP, LLC",26784,2017-10-05,17-18,2026-08-22
"Rosewood Park Apartments, L.P.",7273,LOS ANGELES,"FFAH II Rosewood Park, LLC",26766,2017-09-06,18-19,2026-08-22
"Beacon Place, L.P.",7274,LOS ANGELES,"CADI VIII, LLC",26785,2018-02-22,18-19,2026-08-22
"Beacon Pointe, L.P.",7275,LOS ANGELES,"CADI IX, LLC",26786,2018-02-22,18-19,2026-08-22
"Sea Wind 2016, L.P.",7276,ORANGE,"AHA Orange MGP, LLC",26245,2018-01-25,18-19,2026-08-22
"Emerald Park 2016, L.P.",7277,ORANGE,"AHA Orange MGP, LLC",26245,2017-07-28,18-19,2026-08-22
"Cypress Villa 2016, L.P.",7278,ORANGE,"AHA Orange MGP, LLC",26245,2017-07-28,18-19,2026-08-22
"Cobblestone 2016, L.P.",7279,ORANGE,"AHA Orange MGP, LLC",26245,2018-01-25,18-19,2026-08-22
"Metro Villas 345, L.P.",7280,LOS ANGELES,"PATH Ventures Metro 345, LLC",26392,2017-09-01,17-18,2026-08-22
"Cielito Lindo Apartments, L.P.",7281,LOS ANGELES,"Cielito Lindo Apartments, LLC",26794,2017-09-11,17-18,2026-08-22
"MP Pippin Associates, L.P.",7285,SANTA CRUZ,"MP Pippin Apartments, LLC",26803,2017-10-23,17-18,2026-08-22
"Sun Sage Homes, L.P.",7286,LOS ANGELES,"Sun Sage Homes, LLC",26742,2018-03-06,17-18,2026-08-22
"Healdsburg Pacific Associates, L.P.",7287,SONOMA,"PacH Affordable Holdings, LLC",26067,2017-08-21,18-19,2026-08-22
"Princess Affordable Apartments, L.P.",7288,LOS ANGELES,"IAHI-Princess, LLC",26259,2017-06-05,18-19,2026-08-22
"Princess Affordable Apartments, L.P.",7289,LOS ANGELES,"IAHI-Princess, LLC",26259,2017-06-05,18-19,2026-08-22
"Princess Affordable Apartments, L.P.",7290,LOS ANGELES,"IAHI-Princess, LLC",26259,2017-06-05,18-19,2026-08-22
"Princess Affordable Apartments, L.P.",7291,LOS ANGELES,"IAHI-Princess, LLC",26259,2017-06-05,18-19,2026-08-22
"Vista del Mar, L.P.",7292,LOS ANGELES,"Vista del Mar MGP, LLC",26741,2018-02-07,17-18,2026-08-22
"Viviendas del Valle, L.P.",7293,LOS ANGELES,"Viviendas del Valle GP, LLC",26814,2017-11-07,17-18,2026-08-22
"Park Avenue Seniors, L.P.",7295,SANTA CLARA,"Pinmore HDC, Inc.",9849,2018-01-26,17-18,2026-08-22
"New Dana Strand IV-A, L.P.",7296,LOS ANGELES,"Mercy Housing Camino GP, LLC",26824,2018-02-20,17-18,2026-08-22
"Walnut Place EAH, L.P.",7297,MARIN,"Walnut Place EAH, LLC",26825,2017-10-20,17-18,2026-08-22
"Mackey Terrace EAH, L.P.",7298,MARIN,"Mackey Terrace EAH, LLC",26828,2018-02-15,17-18,2026-08-22
"Promenade Housing Partners, L.P., The",7299,LOS ANGELES,"Promenade Housing Partners GP, LLC, The",26832,2018-01-12,18-19,2026-08-22
"Mission Cove Family I Housing, L.P.",7300,SAN DIEGO,"Mission Cove Family I MGP, LLC",26833,2017-12-06,17-18,2026-08-22
"Don de Dios, L.P.",7301,SANTA CLARA,"Don de Dios EAH, LLC",26834,2018-09-20,17-18,2026-08-22
"Mission Cove Family II Housing, L.P.",7302,SAN DIEGO,"Southern California Housing Development Corporation of Orange, The",12047,2017-11-06,18-19,2026-08-22
"Boyle Terrace Affordable Apartments, L.P.",7303,LOS ANGELES,"IAHI-Terrace, LLC",26261,2017-06-05,18-19,2026-08-22
"Boyle Terrace Affordable Apartments, L.P.",7304,LOS ANGELES,"IAHI-Terrace, LLC",26261,2017-06-05,18-19,2026-08-22
"Boyle Terrace Affordable Apartments, L.P.",7305,LOS ANGELES,"IAHI-Terrace, LLC",26261,2017-06-05,18-19,2026-08-22
"Boyle Terrace Affordable Apartments, L.P.",7306,LOS ANGELES,"IAHI-Terrace, LLC",26261,2017-06-05,18-19,2026-08-22
"840 W Walnut, L.P.",7307,ORANGE,"OHDC Casa Ramon, LLC",26709,2017-06-23,18-19,2026-08-22
"Evergreen Villas, L.P.",7308,ORANGE,"OHDC Properties I, LLC",21852,2017-09-08,18-19,2026-08-22
"Evergreen Villas, L.P.",7309,ORANGE,"OHDC Properties I, LLC",21852,2017-09-08,18-19,2026-08-22
"Comeback Kid, L.P.",7310,LOS ANGELES,Housing Corporation of America,6275,2017-09-05,18-19,2026-08-22
"1036 Mission Associates, L.P.",7311,SAN FRANCISCO,"1036 Mission GP, LLC",26815,2017-12-04,17-18,2026-08-22
"BIASA II, L.P.",7312,RIVERSIDE,"Kingdom AH I, LLC",26847,2017-10-04,17-18,2026-08-22
"Villa Pacifica II, L.P.",7313,SAN BERNARDINO,"OHDC Villa Pacifica II, LLC",26849,2017-10-11,18-19,2026-08-22
"St. Marks Preservation, L.P.",7314,ALAMEDA,"AOF St. Marks, LLC",26850,2017-10-04,18-19,2026-08-22
"1300 Fourth Street Associates, L.P.",7315,SAN FRANCISCO,"1300 Fourth Street GP, LLC",26853,2018-08-27,17-18,2026-08-22
"Fullerton Supportive Housing, L.P.",7316,ORANGE,"Supportive Housing, LLC",26356,2017-10-05,17-18,2026-08-22
Parc Grove Commons III Limited Partnership,7317,FRESNO,"Silvercrest, Inc.",11739,2017-10-05,18-19,2026-08-22
"Woodstone by Vintage, L.P.",7318,SANTA BARBARA,"Hearthstone CA Properties I, LLC",24598,2017-08-31,18-19,2026-08-22
"Promenade at Creekside Housing Partners II, L.P.",7319,SAN DIEGO,Las Palmas Housing and Development Corporation,17925,2017-09-05,18-19,2026-08-22
"Hemet Vistas 1&2R Partners, L.P.",7320,RIVERSIDE,Las Palmas Foundation,14526,2018-02-20,18-19,2026-08-22
"1702 Studio Housing Partners, L.P.",7321,SACRAMENTO,"PacH Pensione K, LLC",25606,2017-09-19,18-19,2026-08-22
"CAC West, L.P.",7322,LOS ANGELES,"WCH Affordable XXII, LLC",26862,2017-10-09,18-19,2026-08-22
"Watts Arms I Renewal, L.P.",7323,LOS ANGELES,"Watts Arms I MM, LLC",26876,2017-12-29,18-19,2026-08-22
"RP Associates, L.P.",7325,SAN FRANCISCO,"RP GP, LLC",26878,2018-05-09,17-18,2026-08-22
"Villa Rita Housing Partners, L.P.",7326,BUTTE,"AOF Villa Rita, LLC",26879,2017-10-18,18-19,2026-08-22
"Willowbrook Affordable Communities, L.P.",7327,CONTRA COSTA,"Pacific Housing, Inc.",14273,2017-11-15,18-19,2026-08-22
"E. Victor Villa, L.P.",7328,LOS ANGELES,"E. Victor Villa GP, LLC",26875,2017-12-05,17-18,2026-08-22
"Sanger Memorial Village, L.P.",7329,FRESNO,"Silvercrest, Inc.",11739,2018-02-01,18-19,2026-08-22
"Valentine Court, L.P.",7330,SANTA BARBARA,People's Self-Help Housing Corporation,9772,2017-09-05,18-19,2026-08-22
"Fullerton Family Housing Partners, L.P.",7331,ORANGE,"FFAH V Fullerton FHP, LLC",26895,2017-11-06,17-18,2026-08-22
"Miracle Terrace Community Partners, L.P.",7332,ORANGE,"JHC-Miracle Terrace, LLC",26608,2017-07-13,18-19,2026-08-22
"Monte Vista Community Partners, L.P.",7333,SANTA CLARA,"JHC - Monte Vista II, LLC",26805,2017-11-20,17-18,2026-08-22
"Willows/HACSC Associates, L.P.",7334,SANTA CLARA,"Pinmore HDC, Inc.",9849,2018-01-23,17-18,2026-08-22
"Liberty At Aliso 640, L.P.",7335,ORANGE,"FFAH II Liberty Aliso, LLC",26052,2017-09-29,17-18,2026-08-22
"1701 ECR, L.P.",7336,SANTA CLARA,"El Camino Property, LLC",26919,2017-12-05,17-18,2026-08-22
"1626 Lincoln, L.P.",7337,LOS ANGELES,"CCSM Arroyo, LLC",26920,2018-03-13,18-19,2026-08-22
"Waterman Gardens Partners 1, L.P.",7338,SAN BERNARDINO,"WG Partners 1 MGP, LLC",26921,2017-11-30,17-18,2026-08-22
"Sequoia Apartments, L.P.",7339,LOS ANGELES,HFL Sequoia Apartments,24634,2017-09-12,17-18,2026-08-22
"Cesar Chavez Phase II, L.P.",7340,RIVERSIDE,Pacific Southwest Community Development Corporation,9498,2018-08-13,18-19,2026-08-22
"Standard SFV Venture, L.P.",7341,LOS ANGELES,"PSCDC SFV, LLC",26914,2017-10-31,18-19,2026-08-22
"Sequoia Affordable Family Housing, L.P.",7342,KERN,"CARE Housing Services GP, LLC",24212,2017-07-25,17-18,2026-08-22
"Sequoia Affordable Family Housing, L.P.",7343,KERN,"CARE Housing Services GP, LLC",24212,2017-07-25,17-18,2026-08-22
"Sequoia Affordable Family Housing, L.P.",7344,KERN,"CARE Housing Services GP, LLC",24212,2017-07-25,17-18,2026-08-22
"Jewell Avenue Associates, L.P.",7345,MONTEREY,"Vista Point, LLC",26924,2017-11-29,18-19,2026-08-22
"Salinas Road Associates, L.P.",7346,MONTEREY,"Nuevo Amanecer, LLC",26930,2017-11-22,17-18,2026-08-22
"Quail Place Apartment Homes, L.P.",7347,RIVERSIDE,"FFAH V Quail Place, LLC",26926,2018-01-23,18-19,2026-08-22
"Athens Vistas, L.P.",7349,LOS ANGELES,"HDC Athens, LLC",26525,2017-12-05,18-19,2026-08-22
"West Angeles Homes II, L.P.",7350,LOS ANGELES,"WA Homes MGP, LLC",26784,2017-10-05,17-18,2026-08-22
"Mercy Housing California 77, L.P.",7351,SACRAMENTO,Florin Housing Corporation,19959,2017-09-12,18-19,2026-08-22
"Ardmore 959 Partners, L.P.",7352,LOS ANGELES,"RHF Holdings Group, Inc.",24890,2017-09-22,17-18,2026-08-22
"Harbor Park Apartments, L.P.",7353,SOLANO,"Casa Major, Inc.",15204,2017-09-19,18-19,2026-08-22
"Crest Housing Partners, L.P.",7354,ORANGE,"JHC-Crest, LLC",25780,2017-09-19,17-18,2026-08-22
"Crest Housing Partners, L.P.",7355,ORANGE,"JHC-Crest, LLC",25780,2017-09-19,17-18,2026-08-22
"Oak Center Community Partners, L.P.",7357,ALAMEDA,"FFAH Oak Center, LLC",26088,2017-08-11,17-18,2026-08-22
"DT Venture, L.P.",7358,CONTRA COSTA,"PSCDC Deliverance, LLC",26932,2017-09-25,18-19,2026-08-22
"DT Venture, L.P.",7359,CONTRA COSTA,"PSCDC Deliverance, LLC",26932,2017-09-25,18-19,2026-08-22
"Turk & Eddy Associates, L.P.",7361,SAN FRANCISCO,Turk & Eddy GP LLC,23054,2017-09-26,11-12,2026-08-22
"Fresno Edison Apartments II, L.P.",7362,FRESNO,"Silvercrest, Inc.",11739,2017-11-30,18-19,2026-08-22
"Bel Vue Apartments, L.P.",7363,SACRAMENTO,Community Revitalization and Development Corporation,11591,2017-12-04,18-19,2026-08-22
"Lilly Affordable Communities, L.P.",7364,SANTA CLARA,"Pacific Housing, Inc.",14273,2017-09-25,18-19,2026-08-22
"PSH Campus, L.P.",7365,LOS ANGELES,"PSH Campus, LLC",26953,2018-02-20,17-18,2026-08-22
"Gilroy Lewis Street, L.P.",7366,SANTA CLARA,"WCH Affordable XXXI, LLC",26954,2017-12-28,18-19,2026-08-22
"Santa Ana Arts Collective, L.P.",7367,ORANGE,"WCH Affordable XVIII, LLC",26955,2018-02-20,18-19,2026-08-22
"2112 Monterey Road South, L.P.",7368,SANTA CLARA,"2112 Monterey Road, LLC",25003,2017-09-26,17-18,2026-08-22
"Camellia Place 2, L.P.",7369,KERN,Corporation for Better Housing,3474,2017-09-25,18-19,2026-08-22
"Camellia Place 2, L.P.",7370,KERN,Corporation for Better Housing,3474,2017-09-25,18-19,2026-08-22
"1150 Tesoro Grove Way, L.P.",7371,SAN DIEGO,"AOF Tesoro, LLC",26960,2018-01-17,18-19,2026-08-22
"Finley Square Housing Partners, L.P.",7372,LOS ANGELES,"AOF Finley Square, LLC",26961,2018-01-17,18-19,2026-08-22
"Newark 618, L.P.",7373,ALAMEDA,Riverside Charitable Corporation,10533,2017-09-19,18-19,2026-08-22
"Kings Crossing Housing Partners, L.P.",7374,MERCED,"AOF Atwater, LLC",26736,2017-10-10,17-18,2026-08-22
"Everett and Eagle, L.P.",7375,ALAMEDA,"2437 Eagle Avenue, LLC",26967,2018-08-13,18-19,2026-08-22
"Sherman and Buena Vista, L.P.",7376,ALAMEDA,"Del Monte Senior, LLC",26430,2018-04-05,17-18,2026-08-22
"Burnham VDG Venture, L.P.",7377,SANTA CLARA,"Housing on Merit VI, LLC",26972,2018-06-28,18-19,2026-08-22
"16217 Stonebridge Parkway, L.P.",7378,SAN DIEGO,"Korean Health, Education, Information and Research Center",7021,2018-02-15,18-19,2026-08-22
"3801 Duckhorn Drive, L.P.",7379,SACRAMENTO,"Korean Health, Education, Information and Research Center",7021,2018-02-07,18-19,2026-08-22
"1058 S. Winchester Blvd., L.P.",7380,SANTA CLARA,"Korean Health, Education, Information and Research Center",7021,2018-02-07,18-19,2026-08-22
"Gilbert Lindsay Housing, L.P.",7383,LOS ANGELES,Housing Corporation of America,6275,2018-05-08,18-19,2026-08-22
"51 Carol Ln., L.P.",7384,CONTRA COSTA,Corporation for Better Housing,3474,2017-11-29,18-19,2026-08-22
"Ocean Park Villas, L.P.",7385,LOS ANGELES,"Haven for Affordable Housing-Encino, LLC",23935,2017-09-29,17-18,2026-08-22
"Ontario 4th Street, L.P.",7386,RIVERSIDE,"AOF WF Riverside, LLC",26988,2018-02-20,18-19,2026-08-22
"Stoney Creek Two, L.P.",7387,ALAMEDA,"Stoney Creek Two, LLC",26989,2018-02-12,18-19,2026-08-22
"Vista Tower Apartments, L.P.",7388,LOS ANGELES,"Vista Tower Apartments, LLC",26991,2018-05-24,18-19,2026-08-22
"OAHS Verdes del Oriente, L.P.",7389,LOS ANGELES,"PH Fairwood Holdings, LLC",23464,2018-03-06,18-19,2026-08-22
"DFA Oakhurst Associates, L.P.",7390,MADERA,"RCC MGP, LLC",25160,2018-02-02,18-19,2026-08-22
"DFA Pleasant Valley Associates, L.P.",7391,FRESNO,"RCC MGP, LLC",25160,2018-02-02,18-19,2026-08-22
"Herald Apartments, L.P.",7392,SAN FRANCISCO,AOF Herald LLC,26993,2018-02-09,18-19,2026-08-22
"Solano Carolina Partners, L.P.",7393,SOLANO,"Solano Vallejo Housing, LLC",26998,2018-05-18,17-18,2026-08-22
"Vineyard Affordable Family Housing, L.P.",7394,KERN,"CARE Housing Services GP, LLC",24212,2018-03-01,18-19,2026-08-22
"Connell Apartments, L.P.",7395,SANTA CLARA,"Connell Apartments, LLC",27000,2018-02-20,18-19,2026-08-22
"Mission Court Nine, L.P.",7396,ALAMEDA,"Mission Court MGP, LLC",27001,2018-08-10,18-19,2026-08-22
"Park & Market Development Partners, LP",7397,SAN DIEGO,"AHA Park & Market MGP, LLC",27006,2023-12-05,24-25,2026-08-22
"HDP New Palace, L.P.",7398,SAN DIEGO,"HDP New Palace Management, LLC",27007,2018-05-23,18-19,2026-08-22
"Desert Oasis Community Partners, L.P.",7399,RIVERSIDE,"JHC-Desert Oasis, LLC",26990,2018-02-12,18-19,2026-08-22
"La Puente Park Preservation, L.P.",7400,LOS ANGELES,"JHC-La Puente Park, LLC",26804,2017-12-29,18-19,2026-08-22
"Daly City Pacific Associates, L.P.",7402,SAN MATEO,Central Valley Coalition for Affordable Housing,2419,2018-02-26,18-19,2026-08-22
"10632 Bolsa Avenue, L.P.",7403,ORANGE,"AOF Sycamore Court, LLC",27009,2018-02-27,18-19,2026-08-22
"MP Van Buren Associates, L.P.",7404,MONTEREY,"MP Van Buren Apartments, LLC",27010,2018-03-01,18-19,2026-08-22
"Heninger 2016, L.P.",7405,ORANGE,"Heninger MGP, LLC",24716,2018-03-06,18-19,2026-08-22
"PK Tehachapi Senior, L.P.",7406,KERN,Riverside Charitable Corporation,10533,2018-03-13,18-19,2026-08-22
"LIH Delta Pines Antioch, L.P.",7407,CONTRA COSTA,Central Valley Coalition for Affordable Housing,2419,2018-02-26,18-19,2026-08-22
"Owendale Mutual Housing Associates, L.P.",7408,YOLO,"Owendale Mutual Housing Association, LLC",26916,2018-01-26,18-19,2026-08-22
"Windsor at Metropolitan, L.P.",7409,ALAMEDA,Las Palmas Foundation,14526,2018-05-09,18-19,2026-08-22
"Premier Associates II, L.P.",7410,LOS ANGELES,"IAHI-PR, LLC",26258,2017-10-23,18-19,2026-08-22
"Premier Associates II, L.P.",7411,LOS ANGELES,"IAHI-PR, LLC",26258,2017-10-23,18-19,2026-08-22
"Premier Associates II, L.P.",7412,LOS ANGELES,"IAHI-PR, LLC",26258,2017-10-23,18-19,2026-08-22
"Premier Associates II, L.P.",7413,LOS ANGELES,"IAHI-PR, LLC",26258,2017-10-23,18-19,2026-08-22
"Premier Associates II, L.P.",7414,LOS ANGELES,"IAHI-PR, LLC",26258,2017-10-23,18-19,2026-08-22
"Haciendas 3, L.P.",7415,MONTEREY,Housing Authority Limited Liability Company 3,27028,2018-08-30,18-19,2026-08-22
"Rose of Sharon Partners, L.P.",7416,ALAMEDA,"FFAH II Rose of Sharon, LLC",26992,2018-05-18,18-19,2026-08-22
"Hermosa Village Phase I Housing Partners, L.P.",7417,ORANGE,"Core Hermosa Village 1 MGP, LLC",26747,2018-12-06,17-18,2026-08-22
"Hermosa Village Phase I Housing Partners, L.P.",7418,ORANGE,"Core Hermosa Village 1 MGP, LLC",26747,2017-10-11,17-18,2026-08-22
"Hermosa Village Phase I Housing Partners, L.P.",7419,ORANGE,"Core Hermosa Village 1 MGP, LLC",26747,2018-12-06,17-18,2026-08-22
"Hermosa Village Phase I Housing Partners, L.P.",7420,ORANGE,"Core Hermosa Village 1 MGP, LLC",26747,2017-10-11,17-18,2026-08-22
"Hermosa Village Phase I Housing Partners, L.P.",7421,ORANGE,"Core Hermosa Village 1 MGP, LLC",26747,2017-10-11,17-18,2026-08-22
"Casa Puleta Apartments, L.P.",7422,SAN DIEGO,"AOF Casa Puleta, LLC",27036,2018-03-20,18-19,2026-08-22
"Casa La Merced, L.P.",7423,LOS ANGELES,"SPE Merced, LLC",27037,2018-10-25,18-19,2026-08-22
"Newport Veterans Apartments, L.P.",7424,ORANGE,"Mercy House CHDO, Inc.",24930,2018-10-26,18-19,2026-08-22
"Park Vista, Ltd., a California Limited Partnership",7425,ORANGE,"AHA Park Vista MGP, LLC",27040,2018-03-21,18-19,2026-08-22
"SLTSG Apartment Investors, L.P.",7427,EL DORADO,Community Revitalization and Development Corporation,11591,2018-03-14,18-19,2026-08-22
"Fontana Sierra Housing Partners, L.P.",7428,SAN BERNARDINO,"HPI Fontana Sierra Avenue, LLC",27054,2018-12-06,18-19,2026-08-22
"PATH Inglewood Pacific Associates, L.P.",7429,LOS ANGELES,"PV Eucalyptus Villas MGP, LLC",26529,2017-11-21,18-19,2026-08-22
"BLI Affordable, L.P.",7430,SAN BERNARDINO,"AHCDC BLI, LLC",27058,2018-04-09,18-19,2026-08-22
"Avanath Geneva Pointe, L.P.",7431,SACRAMENTO,"COR F3 FNMA, LLC",27059,2018-09-20,18-19,2026-08-22
"Coronel Apartments, L.P.",7432,LOS ANGELES,"HCHC General Partner, LLC",27060,2018-04-09,18-19,2026-08-22
"Viviendas del Valle, L.P.",7433,LOS ANGELES,"Viviendas del Valle GP, LLC",26814,2017-11-07,17-18,2026-08-22
"Viviendas del Valle, L.P.",7434,LOS ANGELES,"Viviendas del Valle GP, LLC",26814,2017-11-07,17-18,2026-08-22
"Avanath Sierra Creek, L.P.",7435,SACRAMENTO,"COR F3 FNMA, LLC",27059,2018-09-20,18-19,2026-08-22
"Montecito Salinas AR, L.P.",7436,MONTEREY,"CHBA Affordable VIII, LLC",27061,2018-05-24,18-19,2026-08-22
"Castroville FLC, L.P.",7437,MONTEREY,Housing Authority Limited Liability Company 5,27062,2018-08-10,18-19,2026-08-22
"Castroville FLC, L.P.",7438,MONTEREY,Housing Authority Limited Liability Company 5,27062,2018-08-10,18-19,2026-08-22
"Casa Rita, L.P.",7439,LOS ANGELES,"CADI Eleven, LLC",27070,2019-01-25,19-20,2026-08-22
"Elk Grove Pacific Associates II, A California Limited Partnership",7441,SACRAMENTO,"PacH Affordable Holdings, LLC",26067,2018-05-17,18-19,2026-08-22
"Elk Grove Pacific Associates III, A California Limited Partnership",7442,SACRAMENTO,"PacH Affordable Holdings, LLC",26067,2018-05-17,18-19,2026-08-22
"Harrison Menlo Preservation, L.P.",7443,ALAMEDA,"RCD GP II, LLC",26748,2018-08-27,19-20,2026-08-22
"Paul Williams Apartments, L.P.",7445,LOS ANGELES,"Hollywood Housing Holdings, LLC",26710,2018-03-13,18-19,2026-08-22
"Eddy & Taylor Associates, L.P.",7446,SAN FRANCISCO,"E&T Housing GP, LLC",27071,2020-07-07,18-19,2026-08-22
"SFC Weitzel, L.P.",7448,SAN DIEGO,"Solutions Weitzel, LLC",27087,2018-09-10,18-19,2026-08-22
"Waverly Place Apartments, L.P.",7449,SAN MATEO,"Waverly Place Apartments, LLC",27020,2018-07-25,18-19,2026-08-22
"New Dana Strand IV-A, L.P.",7450,LOS ANGELES,"Mercy Housing Camino GP, LLC",26824,2018-02-20,17-18,2026-08-22
"Plaza Apartments Associates, L.P.",7451,SAN FRANCISCO,"Plaza Apartments GP, LLC",27090,2018-05-18,16-17,2026-08-22
"Catalonia Two, L.P.",7452,SANTA CLARA,"Catalonia Two, LLC",27091,2018-05-25,18-19,2026-08-22
"MRW, L.P.",7453,SANTA CLARA,"MRW GP, LLC",26115,2018-08-31,18-19,2026-08-22
"Avenal Pacific Associates, L.P.",7454,KINGS,Kaweah Management Company,6907,2018-06-01,16-17,2026-08-22
"Exeter Pacific Associates, L.P.",7455,TULARE,Kaweah Management Company,6907,2019-12-23,16-17,2026-08-22
"Porterville Pacific Associates II, L.P.",7456,TULARE,Kaweah Management Company,6907,2018-06-01,16-17,2026-08-22
"Point Natomas Apartments, L.P.",7458,SACRAMENTO,Rainbow Housing Assistance Corporation,18992,2018-05-24,17-18,2026-08-22
"DHI Kings View Associates, L.P.",7459,FRESNO,Central Valley Coalition for Affordable Housing,2419,2018-04-10,18-19,2026-08-22
"LINC-Anderson Apts, L.P.",7460,SHASTA,"LINC-Anderson Apts, LLC",27099,2018-09-11,18-19,2026-08-22
"Jordan Downs 1A, L.P.",7461,LOS ANGELES,"JD Housing 1A, LLC",27021,2018-03-15,18-19,2026-08-22
"Avanath Lincoln Creek, L.P.",7463,SOLANO,"COR F3 FNMA, LLC",27059,2018-09-20,18-19,2026-08-22
"New Dana Strand IV-A, L.P.",7465,LOS ANGELES,"Mercy Housing Camino GP, LLC",26824,2018-02-20,17-18,2026-08-22
"Camino Del Sol Senior Apartments, L.P.",7466,VENTURA,"AHA Ventura MGP, LLC",27113,2018-05-18,18-19,2026-08-22
"Bella Vista Affordable Communities, L.P.",7467,SAN DIEGO,"Casa Familiar, Inc.",2164,2018-10-12,18-19,2026-08-22
"Premier Associates II, L.P.",7468,LOS ANGELES,"IAHI-PR, LLC",26258,2018-06-01,18-19,2026-08-22
"Samoa Avenue Housing, L.P.",7469,LOS ANGELES,Deep Green Housing and Community Development,1285,2018-10-24,17-18,2026-08-22
"510 Brush St., L.P.",7470,MENDOCINO,Corporation for Better Housing,3474,2018-04-25,18-19,2026-08-22
"Cambridge Court, L.P.",7471,TULARE,Trillium Housing Services,26054,2018-10-18,18-19,2026-08-22
"VB CDT Creekside Apartments, L.P.",7472,MADERA,Trillium Housing Services,26054,2018-10-18,18-19,2026-08-22
"1002 Walnut Ave., L.P.",7473,MONTEREY,Corporation for Better Housing,3474,2018-04-25,18-19,2026-08-22
"Coliseum Transit Village One, L.P.",7474,ALAMEDA,"PacH Affordable Holdings, LLC",26067,2018-10-12,18-19,2026-08-22
"Park Glenn Seniors 2017, L.P.",7475,VENTURA,"AHA Ventura MGP, LLC",27113,2018-05-18,18-19,2026-08-22
"Carena Associates, L.P.",7476,CONTRA COSTA,"RCD GP, LLC",24361,2018-06-19,18-19,2026-08-22
"Carena Associates, L.P.",7477,CONTRA COSTA,"RCD GP, LLC",24361,2018-06-19,18-19,2026-08-22
"Carena Associates, L.P.",7478,CONTRA COSTA,"RCD GP, LLC",24361,2018-06-19,18-19,2026-08-22
"Carena Associates, L.P.",7479,CONTRA COSTA,"RCD GP, LLC",24361,2018-06-19,18-19,2026-08-22
"Carena Associates, L.P.",7480,CONTRA COSTA,"RCD GP, LLC",24361,2018-06-19,18-19,2026-08-22
"Carena Associates, L.P.",7481,CONTRA COSTA,"RCD GP, LLC",24361,2018-06-19,18-19,2026-08-22
"Carena Associates, L.P.",7482,CONTRA COSTA,"RCD GP, LLC",24361,2018-06-19,18-19,2026-08-22
"Carena Associates, L.P.",7483,CONTRA COSTA,"RCD GP, LLC",24361,2018-06-19,18-19,2026-08-22
"Meadows Holly Partners, L.P.",7484,SOLANO,"Eden Meadows Holly, LLC",27136,2018-09-10,18-19,2026-08-22
"Meadows Holly Partners, L.P.",7485,SOLANO,"Eden Meadows Holly, LLC",27136,2018-09-10,18-19,2026-08-22
"Evergreen Villas, L.P.",7487,ORANGE,"OHDC Properties I, LLC",21852,2018-06-18,18-19,2026-08-22
"Evergreen Villas, L.P.",7488,ORANGE,"OHDC Properties I, LLC",21852,2018-06-18,18-19,2026-08-22
"El Dorado II, L.P.",7489,SAN DIEGO,"OHDC El Dorado, LLC",21491,2018-10-24,18-19,2026-08-22
"RAHF IV Casa Panorama, L.P.",7491,LOS ANGELES,"Wakeland Casa Panorama, LLC",27139,2019-01-15,18-19,2026-08-22
"LINC-Westlake Apartments, L.P.",7493,LOS ANGELES,"LINC-Westlake Apartments, LLC",27143,2018-07-05,17-18,2026-08-22
"AGSM Renovation, L.P.",7494,LOS ANGELES,"Manor Renovation GP, LLC",27112,2018-11-28,17-18,2026-08-22
"Lindsay Delta Vista Manor, L.P.",7495,TULARE,Central Valley Coalition for Affordable Housing,2419,2018-07-05,18-19,2026-08-22
"Lincoln Parkview, L.P.",7496,PLACER,Central Valley Coalition for Affordable Housing,2419,2018-07-05,18-19,2026-08-22
"Oak Park 3, L.P.",7498,SAN LUIS OBISPO,Affordable Housing Paso Robles,25209,2018-07-05,18-19,2026-08-22
"Mercy New Hope, L.P.",7500,YOLO,"20 North Cottonwood, LLC",26956,2018-07-25,18-19,2026-08-22
"Williams Senior Associates, L.P.",7501,COLUSA,"Building Better Partnerships, Inc.",24254,2018-07-05,17-18,2026-08-22
"505 Bonnie Brae Partners, L.P.",7502,LOS ANGELES,"RHF Holdings Group, Inc.",24890,2018-06-18,18-19,2026-08-22
"979 Serrano Partners, L.P.",7503,LOS ANGELES,"RHF Holdings Group, Inc.",24890,2018-06-18,18-19,2026-08-22
"1555 Gordon Partners, L.P.",7504,LOS ANGELES,"RHF Holdings Group, Inc.",24890,2018-06-18,18-19,2026-08-22
"Carondelet Court Partners, L.P.",7505,LOS ANGELES,"RHF Holdings Group, Inc.",24890,2018-06-18,18-19,2026-08-22
"Hobart Heights Partners, L.P.",7506,LOS ANGELES,"RHF Holdings Group, Inc.",24890,2018-06-18,18-19,2026-08-22
"Harvard Heights Partners, L.P.",7507,LOS ANGELES,"RHF Holdings Group, Inc.",24890,2018-06-18,18-19,2026-08-22
"Normandie Terrace Partners, L.P.",7508,LOS ANGELES,"RHF Holdings Group, Inc.",24890,2018-06-19,18-19,2026-08-22
"Witmer Heights Partners, L.P.",7509,LOS ANGELES,"RHF Holdings Group, Inc.",24890,2018-06-18,18-19,2026-08-22
"Winchester 12 Partners, L.P.",7510,RIVERSIDE,Inland Empire Affordable Housing Corp.,25642,2018-11-09,19-20,2026-08-22
"Pacific Villas, L.P.",7511,SAN JOAQUIN,"LINC-Pacific Villas, LLC",27166,2019-04-22,20-21,2026-08-22
"Luna Family Housing, L.P.",7512,SAN DIEGO,Las Palmas Foundation,14526,2018-10-24,18-19,2026-08-22
"Heritage Villas Housing Partners, L.P.",7513,ORANGE,"JHC-Heritage Villas, LLC",26413,2018-02-12,18-19,2026-08-22
"Grantville Veteran Housing, L.P.",7514,SAN DIEGO,"Nexus MGP, LLC",27170,2018-07-19,18-19,2026-08-22
"Twain Housing, L.P.",7515,SAN DIEGO,"Nexus MGP, LLC",27170,2018-07-19,18-19,2026-08-22
"Fairmount Family Housing, L.P.",7516,SAN DIEGO,"Nexus MGP, LLC",27170,2018-07-19,18-19,2026-08-22
"Mercy Housing California 74, L.P.",7517,SAN FRANCISCO,Mercy Housing Calwest,101,2018-07-24,18-19,2026-08-22
"HDP Town & Country, L.P.",7518,SAN DIEGO,"HDP Town & Country, LLC",27164,2019-06-20,18-19,2026-08-22
"Embark Apartments, L.P.",7519,ALAMEDA,"Stargell Commons, LLC",26085,2018-10-24,18-19,2026-08-22
"San Pablo Preservation, L.P.",7520,CONTRA COSTA,"RCD GP, LLC",24361,2018-07-24,18-19,2026-08-22
"Second Street Studios, L.P.",7521,SANTA CLARA,"Second Street Studios, LLC",27184,2018-10-12,17-18,2026-08-22
"Alamo Garden Family Apartments, L.P.",7522,SOLANO,"PacH Affordable Holdings, LLC",26067,2018-07-24,18-19,2026-08-22
"Vineyard Oxnard AR, L.P.",7523,VENTURA,"WCH Affordable XXVII, LLC",27189,2018-07-13,18-19,2026-08-22
"MAW, L.P.",7524,LOS ANGELES,"WCH Affordable XVII, LLC",27190,2018-07-16,18-19,2026-08-22
"La Villa Puente Housing, L.P.",7525,LOS ANGELES,"AHA Los Angeles MGP, LLC",27199,2018-07-20,18-19,2026-08-22
"Redwoods Wheeler, L.P.",7526,SANTA CLARA,"Redwoods Wheeler, LLC",27201,2018-07-20,18-19,2026-08-22
"Redwoods Wheeler, L.P.",7527,SANTA CLARA,"Redwoods Wheeler, LLC",27201,2018-07-20,18-19,2026-08-22
"Eden Coronado Terrace 2, L.P.",7528,SAN DIEGO,"Eden Coronado Terrace GP, LLC",25586,2018-07-19,18-19,2026-08-22
"Alice Griffith Phase 4, L.P.",7529,SAN FRANCISCO,"Tabernacle V, LLC",27194,2018-10-18,18-19,2026-08-22
"Campus Oaks Apartments 1, L.P.",7530,PLACER,"CERC of Wisconsin Holdings 1, LLC",27203,2019-01-30,18-19,2026-08-22
"RHA RAD Housing Partners, L.P.",7531,CONTRA COSTA,"RHA RAD, LLC",26550,2018-02-20,16-17,2026-08-22
"El Solyo Village Apartments, L.P.",7533,STANISLAUS,Community Revitalization and Development Corporation,11591,2018-10-25,18-19,2026-08-22
"OP Mace Ranch, L.P.",7534,YOLO,"IH Alhambra Davis, LLC",25155,2018-10-25,18-19,2026-08-22
"JT Mace Ranch, L.P.",7535,YOLO,"IH Alhambra Davis, LLC",25155,2018-10-25,18-19,2026-08-22
"North Maple Avenue 4%, L.P.",7536,KERN,"North Maple Avenue 4%, LLC",27213,2018-10-25,18-19,2026-08-22
"North Maple Avenue 9%, L.P.",7537,KERN,"North Maple Avenue 9%, LLC",27214,2018-10-25,18-19,2026-08-22
"Sun Sage Homes, L.P.",7538,LOS ANGELES,"Sun Sage Homes, LLC",26742,2018-03-06,17-18,2026-08-22
"Normal Heights CIC, L.P.",7539,SAN DIEGO,"Alpha The Lofts, LLC",27223,2018-12-05,18-19,2026-08-22
"HDP West Park, L.P.",7540,SAN DIEGO,"HDP West Park Management, LLC",27224,2020-07-15,20-21,2026-08-22
"March Veterans Village, L.P.",7541,RIVERSIDE,"March Veterans Village, LLC",27225,2019-04-09,17-18,2026-08-22
"East Bay Capital Fund I, L.P.",7542,ALAMEDA,"EBALDC Fund I, LLC",27226,2018-10-12,18-19,2026-08-22
"Millbrook Park Housing, L.P.",7544,FRESNO,Housing Corporation of America,6275,2018-07-24,18-19,2026-08-22
"Kings Canyon Housing, L.P.",7545,FRESNO,Housing Corporation of America,6275,2018-07-24,18-19,2026-08-22
"Carson Figueroa Affordable Housing, L.P.",7546,LOS ANGELES,Housing Corporation of America,6275,2019-03-05,18-19,2026-08-22
"Susie B. Wilson Residence, L.P.",7547,SANTA CLARA,"Susie B. Wilson Residence, LLC",27238,2018-11-28,18-19,2026-08-22
"Rancho Verde Ventura, L.P.",7548,VENTURA,"Rancho Verde, LLC",26250,2018-05-24,19-20,2026-08-22
"BIR Met Lofts, L.P.",7549,LOS ANGELES,"Hearthstone CA Properties I, LLC",24598,2018-07-19,18-19,2026-08-22
"Sierra Village, L.P.",7550,TULARE,"Sierra Village GP, LLC",27237,2018-08-07,18-19,2026-08-22
"Solinas/Almond, L.P.",7551,KERN,"Solinas/Almond, LLC",27234,2018-11-15,18-19,2026-08-22
"Solinas/Almond, L.P.",7552,KERN,"Solinas/Almond, LLC",27234,2018-11-09,18-19,2026-08-22
"Kings Canyon Affordable Housing, L.P.",7553,FRESNO,"Kings Canyon Affordable Housing, LLC",26915,2019-08-09,18-19,2026-08-22
"Richmond Nevin Associates, L.P.",7554,CONTRA COSTA,Central Valley Coalition for Affordable Housing,2419,2018-07-25,18-19,2026-08-22
"1760 Bush, L.P.",7555,SAN FRANCISCO,"Japanese American Religious Federation Housing, Inc.",6711,2018-10-26,17-18,2026-08-22
"Laguna Senior Housing, L.P.",7556,SAN FRANCISCO,"Mercy Laguna, LLC",27002,2018-03-01,18-19,2026-08-22
"Stevenson Place Associates, L.P.",7557,ALAMEDA,"MP Stevenson Place, LLC",26342,2018-08-15,18-19,2026-08-22
"Ortiz Plaza, L.P.",7558,SONOMA,"CHD Ortiz Plaza, LLC",27250,2018-08-15,17-18,2026-08-22
"Ventura Riverside Apartments, L.P.",7559,VENTURA,"IH Riverside Ventura, LLC",27251,2018-08-08,18-19,2026-08-22
"Valley View Senior Homes, L.P.",7560,NAPA,"Valley View Senior Homes, LLC",27259,2018-10-25,18-19,2026-08-22
"Tabora Gardens, L.P.",7561,CONTRA COSTA,"Tabora Gardens, LLC",27264,2018-10-25,17-18,2026-08-22
"Calaveras Housing Partners, L.P.",7562,ALAMEDA,"Satellite AHA Development, Inc.",16,2018-10-26,18-19,2026-08-22
"Park Paseo, L.P.",7563,LOS ANGELES,"Park Paseo, LLC",27265,2018-10-25,18-19,2026-08-22
"Vermont City Lights, L.P.",7564,LOS ANGELES,"Korean Health, Education, Information and Research Center",7021,2018-08-09,18-19,2026-08-22
"Vermont City Lights, L.P.",7565,LOS ANGELES,"Korean Health, Education, Information and Research Center",7021,2018-08-09,18-19,2026-08-22
"Reverend Glenn Allison, L.P.",7566,SAN DIEGO,"TACHS Reverend Glenn Allison Apartments, LLC",22125,2018-07-24,18-19,2026-08-22
"Richman Park Housing Partners, L.P.",7569,ORANGE,"JHC-Richman Park, LLC",26898,2018-03-20,18-19,2026-08-22
"LIH Harbor Magnolia, L.P.",7570,LOS ANGELES,CARE Housing Services Corporation,2069,2018-08-03,18-19,2026-08-22
"Post FCL, L.P.",7571,ORANGE,CARE Housing Services Corporation,2069,2018-08-03,18-19,2026-08-22
"LIH Harbor Magnolia, L.P.",7572,LOS ANGELES,CARE Housing Services Corporation,2069,2018-08-03,18-19,2026-08-22
"Lotus Landing-BC, L.P.",7573,SACRAMENTO,Central Valley Coalition for Affordable Housing,2419,2018-08-03,18-19,2026-08-22
"Miller Avenue Senior Housing, L.P.",7574,SAN MATEO,Rotary Miller Avenue LLC,27273,2018-12-11,18-19,2026-08-22
"RAHF IV Grove, L.P.",7575,SAN BERNARDINO,"Wakeland Grove LA, LLC",27286,2019-10-10,18-19,2026-08-22
"UHC 00596 Santa Rosa, L.P.",7576,SONOMA,Central Valley Coalition for Affordable Housing,2419,2018-08-03,18-19,2026-08-22
"Savi Ranch II Housing Partners, L.P.",7578,ORANGE,"Oakcrest Heights MGP, LLC",26526,2018-08-22,18-19,2026-08-22
"Sunset-Normandie Towers, Ltd.",7581,LOS ANGELES,"Haven for Affordable Housing-Encino, LLC",23935,2018-08-09,18-19,2026-08-22
"Nevada Meadows, A California Limited Partnership",7582,NEVADA,"AHDF-Nevada Meadows-Commons G/P, LLC",27311,2019-03-12,18-19,2026-08-22
"Nevada Commons, A California Limited Partnership",7583,NEVADA,"AHDF-Nevada Meadows-Commons G/P, LLC",27311,2018-12-20,19-20,2026-08-22
"Harbor View SD Partners, L.P.",7584,SAN DIEGO,Central Valley Coalition for Affordable Housing,2419,2018-08-03,19-20,2026-08-22
"Walnut24, L.P.",7585,VENTURA,Area Housing Authority of the County of Ventura,17986,2018-10-24,18-19,2026-08-22
"Richman Park Housing Partners, L.P.",7586,ORANGE,"JHC-Richman Park, LLC",26898,2018-03-20,18-19,2026-08-22
"Richman Park Housing Partners, L.P.",7587,ORANGE,"JHC-Richman Park, LLC",26898,2018-03-20,18-19,2026-08-22
"Richman Park Housing Partners, L.P.",7588,ORANGE,"JHC-Richman Park, LLC",26898,2018-03-20,18-19,2026-08-22
"Richman Park Housing Partners, L.P.",7589,ORANGE,"JHC-Richman Park, LLC",26898,2018-03-27,18-19,2026-08-22
"Vista Del Sol Apartments, L.P.",7590,SAN DIEGO,"Vista Del Sol GP, LLC",27102,2018-10-25,18-19,2026-08-22
"LINC-Compton Ave APTS, L.P.",7591,LOS ANGELES,"LINC-Compton Ave APTS, LLC",27326,2018-09-11,18-19,2026-08-22
"Brisa Apartments, L.P.",7592,ALAMEDA,"PacH Ageno Holdings, LLC",27327,2018-12-07,18-19,2026-08-22
"Brisa Apartments Affordable, L.P.",7593,ALAMEDA,"PacH Ageno Holdings, LLC",27327,2020-10-13,21-22,2026-08-22
"AVA Affordable, L.P.",7594,SAN BERNARDINO,"NHC MGP I, LLC",25166,2018-10-25,17-18,2026-08-22
"VDC Affordable, L.P.",7595,KERN,"NHC MGP I, LLC",25166,2018-10-25,17-18,2026-08-22
"Oak Hills Housing, L.P.",7596,TUOLUMNE,"Casa Major AH, LLC",26273,2018-08-13,17-18,2026-08-22
"Oak Hills Housing, L.P.",7597,TUOLUMNE,"Casa Major AH, LLC",26273,2018-10-25,17-18,2026-08-22
"Oak Hills Housing, L.P.",7598,TUOLUMNE,"Casa Major AH, LLC",26273,2018-10-25,17-18,2026-08-22
"Susanville Garden Apartments, L.P.",7599,LASSEN,Community Revitalization and Development Corporation,11591,2018-08-13,19-20,2026-08-22
"Las Brisas Associates, L.P.",7600,MADERA,"FFAH II Valle De Las Brisas, LLC",27319,2018-09-06,18-19,2026-08-22
"Kensington Apartments, L.P.",7602,SACRAMENTO,"Casa Major, Inc.",15204,2018-08-17,18-19,2026-08-22
"CVII - Ivy Hill, L.P",7603,CONTRA COSTA,Central Valley Coalition for Affordable Housing,2419,2018-08-13,18-19,2026-08-22
"St. Anton Folsom, L.P.",7604,SACRAMENTO,"PacH Anton South Holdings, LLC",23565,2018-08-17,17-18,2026-08-22
"455 Fell, L.P.",7605,SAN FRANCISCO,Mercy Housing Calwest,101,2020-06-30,20-21,2026-08-22
"Mercy Housing California 66, L.P.",7606,SAN MATEO,Mercy Housing Calwest,101,2019-02-06,18-19,2026-08-22
"Northwoods-Cathedral City, L.P.",7607,RIVERSIDE,"AHA Inland II MGP, LLC",27346,2018-10-26,19-20,2026-08-22
"Sunnydale Parcel Q Housing Partners, L.P.",7608,SAN FRANCISCO,"Mercy Transformation, LLC",27289,2018-09-06,19-20,2026-08-22
"San Rafael Apartments, L.P.",7609,ORANGE,"Northpoint Housing, Inc.",9078,2018-08-17,18-19,2026-08-22
"Fairfield Warm Springs Affordable, L.P.",7610,ALAMEDA,"Wakeland Warm Springs Affordable, LLC",27356,2018-12-05,18-19,2026-08-22
"Napa Park Homes, L.P.",7611,NAPA,"Napa Park Homes, LLC",27358,2019-07-11,18-19,2026-08-22
"Cedar Creek, L.P.",7612,LOS ANGELES,"AHA Los Angeles MGP, LLC",27199,2018-07-20,19-20,2026-08-22
"Paseo Del Oro Apartments, L.P.",7613,SAN DIEGO,"Paseo Del Oro GP, LLC",27100,2018-10-25,19-20,2026-08-22
"SVSM Apartments, L.P.",7614,SAN DIEGO,"SVSM GP, LLC",27101,2018-10-12,19-20,2026-08-22
"Longfellow Corner, L.P.",7615,ALAMEDA,"RCD GP III, LLC",26708,2018-08-28,19-20,2026-08-22
"Baldwin Rose, L.P.",7616,LOS ANGELES,"Baldwin Rose, LLC",27363,2019-09-06,18-19,2026-08-22
"Vintage at Napa 2, L.P.",7617,NAPA,"Hearthstone CA Properties II, LLC",27086,2018-05-25,18-19,2026-08-22
"Washington 722, L.P.",7618,LOS ANGELES,"WCH Affordable XXIX, LLC",27374,2018-10-16,18-19,2026-08-22
"WDSE, L.P.",7619,LOS ANGELES,"WCH Affordable XXVI, LLC",27377,2018-10-16,18-19,2026-08-22
"21205 Carson Arts, L.P.",7620,LOS ANGELES,"WCH Affordable XXX, LLC",27378,2018-10-16,18-19,2026-08-22
"DP Emeryville 40th Street Investors, L.P.",7621,ALAMEDA,Housing Corporation of America,6275,2018-08-17,19-20,2026-08-22
"San Diego/Fox Hollow II, L.P.",7622,SAN DIEGO,City Heights Community Development Corporation,2908,2018-08-10,19-20,2026-08-22
"Novato Senior Village, L.P.",7623,MARIN,"AHA Santa Clara MGP, LLC",26246,2018-08-10,19-20,2026-08-22
"MP 21 Soledad Street, L.P.",7624,MONTEREY,"MP 21 Soledad Street, LLC",27384,2018-11-01,19-20,2026-08-22
"LINC-CORE Housing Partners-Glendale, L.P.",7625,LOS ANGELES,"NCRC Glendale GP, LLC",26897,2019-01-18,19-20,2026-08-22
"Junsay Oaks, L.P.",7626,MONTEREY,"CHISPA GP, LLC",27386,2018-10-16,18-19,2026-08-22
"Villas on the Park San Jose, L.P.",7627,SANTA CLARA,"PV Villas on the Park GP, LLC",27387,2018-10-16,19-20,2026-08-22
"Jamacha Glen Housing, L.P.",7628,SAN DIEGO,"Casa Major AH, LLC",26273,2018-08-10,17-18,2026-08-22
"Gal Affordable, L.P.",7629,TULARE,"NHC MGP I, LLC",25166,2019-07-23,19-20,2026-08-22
"SSG Affordable, L.P.",7630,FRESNO,"NHC MGP I, LLC",25166,2018-12-05,18-19,2026-08-22
"DHA Affordable, L.P.",7631,RIVERSIDE,"NHC MGP I, LLC",25166,2019-02-08,18-19,2026-08-22
"AGA Affordable, L.P.",7632,MODOC,"NHC MGP I, LLC",25166,2019-03-19,20-21,2026-08-22
"Ramona Seniors CIC, L.P.",7633,SAN DIEGO,"Ramona SHC Housing, LLC",27396,2018-10-16,18-19,2026-08-22
"Napa Pacific Associates, L.P.",7634,NAPA,"PacH Lancaster Holdings, LLC",23523,2018-08-17,19-20,2026-08-22
"San Pablo Preservation, L.P.",7635,CONTRA COSTA,"RCD GP, LLC",24361,2018-07-24,18-19,2026-08-22
"Panama Apartments, L.P.",7636,LOS ANGELES,Single Room Occupancy Housing Corporation,11749,2018-08-10,17-18,2026-08-22
"Eagle Yucaipa 55, L.P.",7637,SAN BERNARDINO,"AHA Inland MGP, LLC",25659,2018-08-13,19-20,2026-08-22
"SP Commons, L.P.",7638,CONTRA COSTA,"RCD GP III, LLC",26708,2020-05-20,20-21,2026-08-22
"Avon Dakota Housing Partners II, L.P.",7639,ORANGE,"Avon Dakota II MGP, LLC",27413,2018-11-09,19-20,2026-08-22
"Nova Colton Multi, L.P.",7640,SAN BERNARDINO,"FFAH V Nova Point, LLC",27416,2018-12-17,19-20,2026-08-22
"Nova Colton, L.P.",7641,SAN BERNARDINO,"FFAH V Nova Point, LLC",27416,2018-12-17,19-20,2026-08-22
"TMP-Sara's, L.P.",7642,LOS ANGELES,"FFAH V Sara's Apartments, LLC",27417,2018-12-19,19-20,2026-08-22
"Water Street Apartments Investors, L.P.",7643,SANTA CRUZ,"PacH Lancaster Holdings, LLC",23523,2018-08-17,19-20,2026-08-22
"West Angeles Housing Partners, L.P.",7644,LOS ANGELES,"WA City Place Senior Apartments, LLC",27421,2018-11-05,19-20,2026-08-22
"Civita II 9% CIC, L.P.",7645,SAN DIEGO,Pacific Southwest Community Development Corporation,9498,2019-02-05,19-20,2026-08-22
"Ping Yuen Associates, L.P.",7647,SACRAMENTO,"Community Resident Services, Inc.",20833,2018-11-09,19-20,2026-08-22
"Parkwood Manor Housing Partners, L.P.",7648,TULARE,"AOF Parkwood Manor, LLC",27435,2018-11-05,19-20,2026-08-22
"Parkwood Manor Housing Partners, L.P.",7649,TULARE,"AOF Parkwood Manor, LLC",27435,2018-11-05,19-20,2026-08-22
"Parkwood Manor Housing Partners, L.P.",7650,TULARE,"AOF Parkwood Manor, LLC",27435,2018-11-05,19-20,2026-08-22
"Parkwood Manor Housing Partners, L.P.",7651,TULARE,"AOF Parkwood Manor, LLC",27435,2018-11-05,19-20,2026-08-22
"Delano Gardens Housing Partners, L.P.",7652,KERN,"AOF Delano Gardens, LLC",27437,2018-11-05,19-20,2026-08-22
"Casa Paredes Housing Partners, L.P.",7653,LOS ANGELES,"AOF Casa Paredes, LLC",27439,2018-11-16,19-20,2026-08-22
"Ten-O-One West Gonzales, L.P.",7654,VENTURA,"AHA Ventura MGP, LLC",27113,2018-08-13,19-20,2026-08-22
"FS Fortieth Street, L.P.",7655,KERN,"Foundation for Affordable Housing V, Inc.",15733,2018-08-13,19-20,2026-08-22
"Bishop Street Studios, L.P.",7656,SAN LUIS OBISPO,San Luis Obispo Nonprofit Housing Corporation,11181,2018-08-13,19-20,2026-08-22
"Californian Partners, L.P., The",7657,LOS ANGELES,"RHF Holdings Group, Inc.",24890,2018-10-25,18-19,2026-08-22
"Quail Run Alameda County, L.P.",7658,ALAMEDA,"Eden Investments, Inc.",4102,2018-10-26,19-20,2026-08-22
"Phase 2 Spring Lake Mutual Housing Associates, L.P.",7659,YOLO,"Phase 2 Spring Lake Mutual Housing Association, LLC",27446,2018-10-31,19-20,2026-08-22
"Kottinger Gardens Phase 2 Associates, L.P.",7660,ALAMEDA,"Kottinger Gardens Phase 2, LLC",27447,2018-10-31,18-19,2026-08-22
"Civita II 4% CIC, L.P.",7661,SAN DIEGO,Pacific Southwest Community Development Corporation,9498,2019-01-25,19-20,2026-08-22
"AMCAL 1440 Santa Ana Fund, L.P.",7662,ORANGE,Las Palmas Foundation,14526,2018-08-13,19-20,2026-08-22
"HV Partners Block 10, L.P.",7663,SAN FRANCISCO,"HV HPAH Phase II, LLC",24988,2018-08-31,18-19,2026-08-22
"Mercy Housing California 75, L.P.",7664,SAN FRANCISCO,Mercy Housing Calwest,101,2018-08-28,19-20,2026-08-22
"MP Mosaic Garden Associates, L.P.",7665,SAN MATEO,"MP Atherton Court, LLC",26617,2018-08-28,19-20,2026-08-22
"EAH Park Place, L.P.",7666,SANTA CLARA,"EAH Park Place, LLC",27459,2018-11-13,18-19,2026-08-22
"Mercy Housing California 73, L.P.",7667,LOS ANGELES,"Pico Robertson, LLC",27467,2019-09-03,18-19,2026-08-22
"Reliant - Woods Grove, L.P.",7668,CONTRA COSTA,"Rainbow - Woods Grove, LLC",27468,2018-11-27,18-19,2026-08-22
"Iron Works Apartments, L.P.",7669,SAN LUIS OBISPO,San Luis Obispo Nonprofit Housing Corporation,11181,2018-10-25,18-19,2026-08-22
"Santee Affordable Communities, L.P.",7672,SAN DIEGO,"Pacific Housing, Inc.",14273,2018-08-16,19-20,2026-08-22
"East Bay Highland Palms II, L.P.",7673,ALAMEDA,"EBALDC Fund II, LLC",27475,2018-12-05,19-20,2026-08-22
"East Bay Capital Fund II, L.P.",7674,ALAMEDA,"EBALDC Fund II, LLC",27475,2018-12-06,19-20,2026-08-22
"New Providence Place, L.P.",7675,SACRAMENTO,"PacH Lancaster Holdings, LLC",23523,2018-08-17,19-20,2026-08-22
"Rolland Curtis East, L.P.",7676,LOS ANGELES,"Rolland Curtis East GP, LLC",27004,2019-05-03,17-18,2026-08-22
"Rolland Curtis West, L.P.",7677,LOS ANGELES,"Rolland Curtis West GP, LLC",27196,2019-01-11,18-19,2026-08-22
"Camp Anza, L.P.",7678,RIVERSIDE,Wakeland Opportunities for Affordable Housing,27155,2018-08-28,18-19,2026-08-22
"DFA Medici Associates, L.P.",7679,SAN JOAQUIN,"RCC MGP, LLC",25160,2018-11-01,19-20,2026-08-22
"HPA Partners, L.P.",7680,VENTURA,Affordable Housing Solutions,19625,2018-10-26,19-20,2026-08-22
"Stevens Creek, L.P.",7681,SANTA CLARA,"Stevens Creek Charities, LLC",27482,2018-12-20,19-20,2026-08-22
"Santa Inez Apartments, L.P.",7682,SAN MATEO,"AOF Santa Inez, LLC",27484,2018-11-27,19-20,2026-08-22
"LIH Southwind Court, L.P.",7683,SACRAMENTO,Central Valley Coalition for Affordable Housing,2419,2018-08-27,19-20,2026-08-22
"Piper Court Fairfax, L.P.",7685,MARIN,"Piper Court EAH, LLC",27505,2018-11-28,19-20,2026-08-22
"Mt. Rubidoux Manor, L.P.",7686,RIVERSIDE,"Mt. Rubidoux Manor, LLC",27506,2019-08-09,18-19,2026-08-22
"Mercy Housing California 80, L.P.",7687,SACRAMENTO,Florin Housing Corporation,19959,2019-03-29,19-20,2026-08-22
"Clementina Towers Associates, L.P.",7688,SAN FRANCISCO,"Clementina Towers De GP, LLC",27522,2018-12-14,19-20,2026-08-22
"Oak Centers, L.P.",7689,ALAMEDA,Oak Center Towers,9131,2021-06-17,06-07,2026-08-22
"Morgan Tower Housing Associates, L.P.",7690,SAN DIEGO,"CHW Morgan Development, LLC",27521,2019-06-18,20-21,2026-08-22
"Kimball Tower Housing Associates, L.P.",7691,SAN DIEGO,"CHW Kimball Development, LLC",27520,2019-06-18,20-21,2026-08-22
"Mercy Housing California 80, L.P.",7692,SACRAMENTO,Florin Housing Corporation,19959,2019-04-16,19-20,2026-08-22
"Orchards Morgan Hill, L.P.",7693,SANTA CLARA,"Orchards EAH, LLC",26774,2018-10-18,17-18,2026-08-22
"Orchards Morgan Hill, L.P.",7694,SANTA CLARA,"Orchards EAH, LLC",26774,2018-10-18,17-18,2026-08-22
"Santa Ana Village, L.P.",7695,ORANGE,"JHC-Santa Ana Village, LLC",27534,2019-01-28,19-20,2026-08-22
"Ormond Beach, L.P.",7696,VENTURA,"Ormond Beach, LLC",27535,2019-02-12,18-19,2026-08-22
"1912 Santa Fe Apartments, L.P.",7697,LOS ANGELES,"1912 Santa Fe Apartments, LLC",27538,2021-02-04,19-20,2026-08-22
"Highland by Vintage, L.P.",7698,PLACER,Community Revitalization and Development Corporation,11591,2018-10-18,19-20,2026-08-22
"Park Manor Apartments, L.P.",7699,ALAMEDA,"NHC MGP I, LLC",25166,2018-12-21,19-20,2026-08-22
"Village at Willow Glen Housing Partners, L.P.",7700,SANTA CLARA,"AHA San Jose II MGP, LLC",26146,2019-01-11,19-20,2026-08-22
"Luna Family Housing, L.P.",7701,SAN DIEGO,Las Palmas Foundation,14526,2018-10-24,19-20,2026-08-22
"Garden Grove Pacific Associates, L.P.",7702,ORANGE,"FFAH II Garden Grove Senior, LLC",27509,2018-12-21,19-20,2026-08-22
"Danbury Park Community Partners, L.P.",7703,SACRAMENTO,"FFAH V Danbury Park, LLC",27480,2018-11-28,19-20,2026-08-22
"Fellowship Plaza, L.P.",7704,SANTA CLARA,"Fellowship Plaza, LLC",27564,2020-02-14,18-19,2026-08-22
"Mercy Housing California 79, L.P.",7705,SACRAMENTO,"Mercy Mather Veterans 3, LLC",27565,2019-12-12,19-20,2026-08-22
"TRC Manchester, L.P.",7706,ALAMEDA,"IH Tablerock Capital Partnership, LLC",27570,2019-03-15,19-20,2026-08-22
"New Sunset Creek, L.P.",7707,SOLANO,"MP Sunset Creek, LLC",27583,2019-01-10,19-20,2026-08-22
"Renascent Place, L.P.",7708,SANTA CLARA,"Renascent Place Charities, LLC",27585,2018-12-27,18-19,2026-08-22
"Curtis Johnson Community Partners, L.P.",7709,LOS ANGELES,"FFAH Curtis Johnson, LLC",27481,2018-12-26,19-20,2026-08-22
"Curtis Johnson Community Partners, L.P.",7711,LOS ANGELES,"FFAH Curtis Johnson, LLC",27481,2018-12-26,19-20,2026-08-22
"Curtis Johnson Community Partners, L.P.",7712,LOS ANGELES,"FFAH Curtis Johnson, LLC",27481,2018-11-27,19-20,2026-08-22
"Curtis Johnson Community Partners, L.P.",7713,LOS ANGELES,"FFAH Curtis Johnson, LLC",27481,2018-12-26,19-20,2026-08-22
"Curtis Johnson Community Partners, L.P.",7714,LOS ANGELES,"FFAH Curtis Johnson, LLC",27481,2018-12-26,19-20,2026-08-22
"Rocky Hill Investors, L.P.",7715,SOLANO,Community Revitalization and Development Corporation,11591,2018-12-11,19-20,2026-08-22
"Callen Street Investors, L.P.",7716,SOLANO,Community Revitalization and Development Corporation,11591,2019-01-22,19-20,2026-08-22
"Claremont Village Venture, L.P.",7718,LOS ANGELES,"AOF Claremont, LLC",27592,2019-02-05,19-20,2026-08-22
"44000 Sahuayo Street, L.P.",7719,LOS ANGELES,"Abode Communities AV GP, LLC",27188,2018-11-30,18-19,2026-08-22
"North Ping Yuen, L.P.",7720,SAN FRANCISCO,"North Ping Yuen GP De, LLC",27598,2019-02-06,19-20,2026-08-22
"Ping Yuen, L.P.",7721,SAN FRANCISCO,"Ping Yuen GP DE, LLC",27599,2019-01-11,19-20,2026-08-22
"3706 San Pablo Emeryville, L.P.",7722,ALAMEDA,"3706 San Pablo Emeryville EAH, LLC",27602,2019-01-18,18-19,2026-08-22
"Related/Mariposa Development Co., L.P.",7723,SAN FRANCISCO,"Mariposa Housing Partners GP, LLC",27603,2019-04-30,18-19,2026-08-22
"NCRC Encanto, L.P.",7724,SAN DIEGO,National Community Renaissance of California,12046,2019-04-09,19-20,2026-08-22
"Cienega Gardens Preservation, L.P.",7725,LOS ANGELES,"JHC-Cienega Gardens, LLC",27340,2018-11-01,19-20,2026-08-22
"Lake Merritt II Preservation, L.P.",7726,ALAMEDA,"JHC-Lake Merritt, LLC",27169,2018-10-25,18-19,2026-08-22
"Anchor Village Associates, L.P.",7727,SAN JOAQUIN,"Community Resident Services, Inc.",20833,2019-06-21,18-19,2026-08-22
"251 South Hope Associates, L.P.",7731,SANTA BARBARA,"Garden Court, Inc.",21872,2019-01-28,19-20,2026-08-22
"1801 L Street Associates, L.P.",7732,SACRAMENTO,"PacH 1801 L Street Holdings, LLC",27621,2019-03-05,19-20,2026-08-22
"Redondo Senior Partners, L.P.",7733,LOS ANGELES,"FFAH II Heritage Pointe, LLC",27622,2019-05-03,19-20,2026-08-22
"Salvation Army Bell Oasis Apartments, L.P., The",7736,LOS ANGELES,"Salvation Army Westwood Village, Inc., The",18457,2020-04-21,18-19,2026-08-22
"Tower Housing Partners, L.P.",7737,SAN DIEGO,Metro Hotel Community Association,8134,2018-10-12,18-19,2026-08-22
"Channel Island Apartments, L.P.",7738,VENTURA,"AOF Channel, LLC",25172,2018-12-06,19-20,2026-08-22
"CLV Affordable, L.P.",7739,CONTRA COSTA,"NHC MGP I, LLC",25166,2019-04-22,19-20,2026-08-22
"SUV Affordable, L.P.",7740,SUTTER,"NHC MGP I, LLC",25166,2019-04-22,19-20,2026-08-22
"Reliant - Valley, L.P.",7741,FRESNO,"RHAC - Valley, LLC",27629,2019-02-12,19-20,2026-08-22
"Reliant - Valley, L.P.",7742,SAN BERNARDINO,"RHAC - Valley, LLC",27629,2019-02-12,19-20,2026-08-22
"Reliant - Valley, L.P.",7743,YOLO,"RHAC - Valley, LLC",27629,2019-02-12,19-20,2026-08-22
"Reliant - Valley, L.P.",7744,FRESNO,"RHAC - Valley, LLC",27629,2019-02-12,19-20,2026-08-22
"Palmdale Park Apartments, L.P.",7745,LOS ANGELES,"IH CDP Partnership, LLC",27631,2019-06-21,19-20,2026-08-22
"Hermosa Village Phase I Housing Partners, L.P.",7746,ORANGE,"Core Hermosa Village 1 MGP, LLC",26747,2018-11-09,17-18,2026-08-22
"Hermosa Village Phase I Housing Partners, L.P.",7747,ORANGE,"Core Hermosa Village 1 MGP, LLC",26747,2018-11-09,17-18,2026-08-22
"Hermosa Village Phase I Housing Partners, L.P.",7748,ORANGE,"Core Hermosa Village 1 MGP, LLC",26747,2018-11-09,17-18,2026-08-22
"Hermosa Village Phase I Housing Partners, L.P.",7749,ORANGE,"Core Hermosa Village 1 MGP, LLC",26747,2018-11-09,17-18,2026-08-22
"Oakland Pacific Associates, L.P.",7753,ALAMEDA,Riverside Charitable Corporation,10533,2019-02-19,19-20,2026-08-22
"Downtown Redding Investors, L.P.",7754,SHASTA,Community Revitalization and Development Corporation,11591,2019-02-19,19-20,2026-08-22
"1500 Mission Urban Housing, L.P.",7755,SAN FRANCISCO,"1500 Mission Housing Partners GP, LLC",27636,2019-04-30,18-19,2026-08-22
"San Leandro Senior Associates, L.P.",7756,ALAMEDA,"Alameda Senior, LLC",27654,2019-06-06,18-19,2026-08-22
"ERV Community Partners, L.P.",7757,SANTA CLARA,"FFAH V El Rancho Verde, LLC",27623,2019-04-22,19-20,2026-08-22
"Summercrest Apartment Associates, L.P.",7758,SAN DIEGO,"AOF Summercrest, LLC",24689,2019-03-01,19-20,2026-08-22
"Keeler Court Housing Associates, L.P.",7759,SAN DIEGO,"Las Conchas Housing Opportunities, LLC",27658,2020-03-20,20-21,2026-08-22
"AT Cielo Vista, L.P.",7760,RIVERSIDE,Central Valley Coalition for Affordable Housing,2419,2019-02-19,19-20,2026-08-22
"Lincoln Senior 2016, L.P.",7761,PLACER,Cascade Housing Association,2185,2019-03-19,18-19,2026-08-22
"Colonia San Martin Associates, L.P.",7762,SACRAMENTO,Mercy Housing West,13507,2019-03-01,15-16,2026-08-22
"Good Shepherd Homes Preservation, L.P",7763,LOS ANGELES,"Good Shepherd Homes Preservation, LLC",27676,2020-07-29,19-20,2026-08-22
"Chestnut Square Senior Associates, L.P.",7764,ALAMEDA,"MP Chestnut Square Senior, LLC",27677,2019-06-04,18-19,2026-08-22
"MECCA III, L.P.",7765,RIVERSIDE,Trillium Housing Services,26054,2019-03-05,19-20,2026-08-22
"Avon Dakota Housing Partners II, L.P.",7766,ORANGE,"Avon Dakota II MGP, LLC",27413,2018-11-09,19-20,2026-08-22
"Avon Dakota Housing Partners II, L.P.",7767,ORANGE,"Avon Dakota II MGP, LLC",27413,2018-11-09,19-20,2026-08-22
"Avon Dakota Housing Partners II, L.P.",7768,ORANGE,"Avon Dakota II MGP, LLC",27413,2018-11-09,19-20,2026-08-22
"Town Meadows, L.P.",7769,TULARE,Housing Corporation of America,6275,2019-03-05,19-20,2026-08-22
"Casa Carmen Senior Apartments, L.P.",7770,LOS ANGELES,"1010/Casa Carmen, LLC",27713,2019-07-23,18-19,2026-08-22
"Providence House Oakland, L.P.",7771,ALAMEDA,Providence Health System-Southern California,11777,2019-01-11,19-20,2026-08-22
"FC Investment Group, L.P.",7772,FRESNO,"Beneficial Housing Foundation, The",22450,2019-06-13,19-20,2026-08-22
"Middletown Investment Group, L.P.",7773,LAKE,"Beneficial Housing Foundation, The",22450,2020-01-21,18-19,2026-08-22
"FC Investment Group, L.P.",7774,FRESNO,"Beneficial Housing Foundation, The",22450,2019-06-13,19-20,2026-08-22
"Tuolumne City Investment Group II, L.P.",7775,TUOLUMNE,"Beneficial Housing Foundation, The",22450,2019-06-13,18-19,2026-08-22
"Lakeside Apartment Housing, L.P.",7777,SAN MATEO,"AOF Pacific Pines, LLC",27718,2019-08-06,19-20,2026-08-22
"1996 Maple Avenue, L.P.",7778,SAN DIEGO,"AOF Grandon, LLC",27719,2019-06-21,19-20,2026-08-22
"Cobblestone Apartments, L.P.",7779,SAN DIEGO,"Cobblestone GP, LLC",27722,2019-08-06,19-20,2026-08-22
"Parkside SD Apartments, L.P.",7780,SAN DIEGO,"Parkside GP, LLC",27723,2019-06-27,19-20,2026-08-22
"Barrett Plaza Housing, L.P.",7781,CONTRA COSTA,"CHDC Barrett Plaza, LLC",26455,2019-04-12,18-19,2026-08-22
"Claridge Hotel, L.P.",7782,ALAMEDA,Affordable Housing and Homeownership,27633,2019-06-03,20-21,2026-08-22
"Palm Terrace LP, L.P.",7783,TULARE,"Palm Terrace, LLC",27272,2018-11-30,18-19,2026-08-22
"Hanford Associates, L.P.",7784,KINGS,"FFAH II Heritage Park at Hanford, LLC",27632,2019-02-05,19-20,2026-08-22
"When Life Hands You Lemons, L.P.",7785,LOS ANGELES,"People Concern, The",9200,2019-07-25,20-21,2026-08-22
"Hermann Street Associates, L.P.",7786,SAN FRANCISCO,"Hermann Street Associates, LLC",27624,2019-03-01,19-20,2026-08-22
"490 SVN Housing Associates, L.P.",7787,SAN FRANCISCO,"490 SVN Housing Associates, LLC",27656,2019-06-18,19-20,2026-08-22
"Antioch Recap, L.P.",7788,CONTRA COSTA,"RCD GP III, LLC",26708,2019-06-18,19-20,2026-08-22
"Antioch Recap, L.P.",7789,CONTRA COSTA,"RCD GP III, LLC",26708,2019-06-18,19-20,2026-08-22
"Antioch Recap, L.P.",7790,CONTRA COSTA,"RCD GP III, LLC",26708,2019-06-18,19-20,2026-08-22
"Residences at Depot Street, L.P., The",7791,SANTA BARBARA,Surf Development Company,15513,2019-05-06,19-20,2026-08-22
"Escondido Gardens Partners, L.P.",7792,SAN DIEGO,Metro Hotel Community Association,8134,2019-03-11,19-20,2026-08-22
"Stoddard Housing, L.P.",7793,NAPA,"Stoddard Housing, LLC",27256,2019-03-12,19-20,2026-08-22
"Trower Housing Partners, L.P.",7794,SOLANO,"Eden Trower Housing, LLC",27736,2019-07-05,19-20,2026-08-22
"Sun Valley Senior Veterans, L.P.",7795,LOS ANGELES,"Sun Valley Senior Veterans, LLC",27741,2021-05-19,18-19,2026-08-22
"Santa Ana Senior Associates, L.P.",7796,ORANGE,"JHC-Metro East, LLC",27742,2019-07-11,19-20,2026-08-22
"Charles Cypress, L.P.",7797,MONTEREY,"Charles Cypress, LLC",27743,2019-07-15,19-20,2026-08-22
"Charles Cypress, L.P.",7798,MONTEREY,"Charles Cypress, LLC",27743,2019-07-15,19-20,2026-08-22
"Mission Court Four, L.P.",7799,ALAMEDA,"Mission Court MGP, LLC",27001,2019-03-14,19-20,2026-08-22
"LINC-Bartlett Apartments, L.P.",7800,LOS ANGELES,"LINC-Bartlett Apartments, LLC",27748,2019-10-31,19-20,2026-08-22
"C4, L.P.",7802,SAN DIEGO,Coronado Interfaith Housing Corporation,19620,2019-07-03,19-20,2026-08-22
"C4, L.P.",7803,SAN DIEGO,Coronado Interfaith Housing Corporation,19620,2019-07-03,19-20,2026-08-22
"C4, L.P.",7805,SAN DIEGO,Coronado Interfaith Housing Corporation,19620,2019-07-03,19-20,2026-08-22
"C4, L.P.",7806,SAN DIEGO,Coronado Interfaith Housing Corporation,19620,2019-07-03,19-20,2026-08-22
"UHC 00661 Morgan Hill, L.P.",7807,SANTA CLARA,Central Valley Coalition for Affordable Housing,2419,2019-06-03,19-20,2026-08-22
"Playa del Sol CIC, L.P.",7808,SAN DIEGO,"Playa del Sol SCHC, LLC",27753,2019-12-23,19-20,2026-08-22
"Rohnert Park Pacific Associates, L.P.",7809,SONOMA,"PacH Pensione K SLP, LLC",27758,2019-08-02,19-20,2026-08-22
"DFA Cottage Village Associates, L.P.",7810,SAN JOAQUIN,"RCC MGP, LLC",25160,2019-05-29,18-19,2026-08-22
"1020 Kendrea PL., L.P.",7811,KERN,Corporation for Better Housing,3474,2019-06-03,19-20,2026-08-22
"Courtyard at the Meadows, L.P.",7812,SAN LUIS OBISPO,San Luis Obispo Nonprofit Housing Corporation,11181,2019-06-03,19-20,2026-08-22
"Westmore Linden, L.P.",7813,LOS ANGELES,"Westmore Linden, LLC",27776,2019-07-19,19-20,2026-08-22
"LINC-CORE Housing Partners-Glendale, L.P.",7814,LOS ANGELES,"LINC-Glendale APTS, LLC",27645,2019-01-18,19-20,2026-08-22
"1296 Shotwell Housing, L.P.",7815,SAN FRANCISCO,"CCDC 1296 Shotwell, LLC",27767,2019-08-26,19-20,2026-08-22
"NCRC SYSV, L.P.",7816,SAN DIEGO,"San Ysidro Senior Village GP, LLC",27711,2019-05-29,19-20,2026-08-22
"GMA Investors, L.P.",7817,SACRAMENTO,Community Revitalization and Development Corporation,11591,2019-07-01,19-20,2026-08-22
"Oak Park 4, L.P.",7818,SAN LUIS OBISPO,Affordable Housing Paso Robles,25209,2019-05-29,19-20,2026-08-22
"Ping Yuen, L.P.",7819,SAN FRANCISCO,"Ping Yuen GP DE, LLC",27599,2019-01-11,19-20,2026-08-22
"Ping Yuen, L.P.",7820,SAN FRANCISCO,"Ping Yuen GP DE, LLC",27599,2019-01-11,19-20,2026-08-22
"Callen Street Investors, L.P.",7821,SOLANO,Community Revitalization and Development Corporation,11591,2019-01-22,19-20,2026-08-22
"Callen Street Investors, L.P.",7822,SOLANO,Community Revitalization and Development Corporation,11591,2019-01-22,19-20,2026-08-22
"Callen Street Investors, L.P.",7823,SOLANO,Community Revitalization and Development Corporation,11591,2019-01-22,19-20,2026-08-22
"Callen Street Investors, L.P.",7824,SOLANO,Community Revitalization and Development Corporation,11591,2019-01-22,19-20,2026-08-22
"Callen Street Investors, L.P.",7826,SOLANO,Community Revitalization and Development Corporation,11591,2019-01-22,19-20,2026-08-22
"St. Anton ECR, L.P.",7827,SANTA CLARA,"PacH ECR Sunnyvale Holdings, LLC",27780,2019-08-08,19-20,2026-08-22
"Fairfax Affordable Housing, L.P.",7828,MARIN,"RCD GP III, LLC",26708,2019-06-03,19-20,2026-08-22
"MP Acalanes Associates, L.P.",7829,SANTA CLARA,"MP Eight Trees, LLC",26310,2019-10-31,19-20,2026-08-22
"Village at Willow Glen Housing Partners, L.P.",7830,SANTA CLARA,"AHA San Jose II MGP, LLC",26146,2019-01-11,19-20,2026-08-22
"RHC-Oak2, L.P.",7831,ALAMEDA,"FFAH V EC Reems Gardens, LLC",27759,2019-08-27,19-20,2026-08-22
"3800 Crowell, L.P.",7832,STANISLAUS,"AOF Parkwood, LLC",27800,2019-08-15,19-20,2026-08-22
"1625 Rosemarie, L.P.",7833,SAN JOAQUIN,"AOF Delta Village, LLC",27801,2019-08-15,19-20,2026-08-22
"Cal World Butterfly Grove, L.P.",7834,FRESNO,"Housing On Merit IX, LLC",27802,2019-08-15,19-20,2026-08-22
"5471 Bayview Heights, L.P.",7835,SAN DIEGO,"MAAC Bayview Heights, LLC",27803,2019-08-15,19-20,2026-08-22
"Century Beachwood Apartments 2, L.P.",7838,LOS ANGELES,"CADI X, LLC",27027,2019-09-27,18-19,2026-08-22
"San Ysidro CIC, L.P.",7841,SAN DIEGO,"Casa Familiar, Inc.",2164,2020-01-21,19-20,2026-08-22
"Heritage Point A/G, L.P.",7842,CONTRA COSTA,"Heritage Point A/G, LLC",27807,2019-08-21,18-19,2026-08-22
"Island Inn, L.P.",7843,SAN DIEGO,"NHC MGP I, LLC",25166,2019-10-17,19-20,2026-08-22
"J Street Inn, L.P.",7844,SAN DIEGO,"NHC MGP I, LLC",25166,2021-01-31,21-22,2026-08-22
"UHC 00558 Oxnard, L.P.",7845,VENTURA,"Las Cortes, Inc.",22946,2019-12-11,17-18,2026-08-22
"Vista Del Puente, L.P.",7846,SAN DIEGO,"Vista Del Puente, LLC",27808,2019-09-10,18-19,2026-08-22
"7th & Witmer, L.P.",7848,LOS ANGELES,"Viviendas Verde, LLC",27811,2019-08-15,18-19,2026-08-22
"San Antonio Gardens, L.P.",7849,LOS ANGELES,"WCH Affordable XLII, LLC",27812,2019-08-21,19-20,2026-08-22
"CORE/Related GALA Rentals, L.P.",7850,LOS ANGELES,"AHA GALA Rentals MGP, LLC",27813,2019-08-21,19-20,2026-08-22
"Gotta Have Faith, L.P.",7851,ALAMEDA,"Gotta Have Faith, LLC",27814,2019-10-08,19-20,2026-08-22
"Gotta Have Faith, L.P.",7852,ALAMEDA,"Gotta Have Faith, LLC",27814,2019-10-08,19-20,2026-08-22
"813 East Carrillo Street, L.P.",7854,SANTA BARBARA,"Garden Court, Inc.",21872,2019-12-02,19-20,2026-08-22
"980 North Palm, L.P.",7855,LOS ANGELES,"Kingdom 980 North Palm, LLC",27935,2019-12-16,19-20,2026-08-22
"Casa Imperial Housing Partners, L.P.",7856,IMPERIAL,"AOF Casa Imperial, LLC",27931,2019-09-12,19-20,2026-08-22
"BayPoint Family Apartments, L.P.",7857,CONTRA COSTA,"CHBA Affordable IX, LLC",27942,2019-09-03,19-20,2026-08-22
"Buckingham II, L.P.",7858,LOS ANGELES,"WCH Affordable XXVIII, LLC",27945,2019-09-03,19-20,2026-08-22
"Camino 23, L.P.",7859,ALAMEDA,"Satellite AHA Development, Inc.",16,2019-09-24,19-20,2026-08-22
"Hope on Alvarado, L.P.",7860,LOS ANGELES,"FFAH V Hope on Alvarado, LLC",27751,2019-08-26,19-20,2026-08-22
"Santa Ana Pacific Associates, L.P.",7861,ORANGE,"JHC-First Point I, LLC",27765,2019-07-24,19-20,2026-08-22
"Santa Ana Pacific Assoicates II, L.P.",7862,ORANGE,"JHC-First Point II, LLC",27764,2019-09-06,19-20,2026-08-22
"MB3E, L.P.",7863,SAN FRANCISCO,"CCDC-MB3E, LLC",27905,2019-10-09,18-19,2026-08-22
"Mission Trail LE, L.P.",7864,RIVERSIDE,"OHDC Lake Elsinore, LLC",27921,2022-09-20,19-20,2026-08-22
"East 6th Street, L.P.",7865,RIVERSIDE,"OHDC East 6th Street, LLC",27920,2022-09-20,19-20,2026-08-22
"Villa Paseo Palms, L.P.",7866,SAN LUIS OBISPO,"OHDC Paso Robles, LLC",27586,2019-11-06,19-20,2026-08-22
"Judson Terrace Homes Senior Housing, L.P.",7867,SAN LUIS OBISPO,"Judson Terrace Homes GP, LLC",27929,2019-09-09,19-20,2026-08-22
LINC Ontario Apartments L.P.,7868,SAN BERNARDINO,"LINC Ontario Apartments, LLC",27928,2019-10-30,18-19,2026-08-22
"San Pablo Hotel Associates II, LP",7869,ALAMEDA,"San Pablo Hotel Associates II, LLC",27611,2019-12-16,19-20,2026-08-22
"OAHS Fairwood, L.P.",7870,SACRAMENTO,"PH Fairwood Holdings, LLC",23464,2019-09-09,19-20,2026-08-22
"Wahmony Gates, L.P.",7871,LOS ANGELES,Housing Corporation of America,6275,2020-02-28,19-20,2026-08-22
"Gilroy Monterey, L.P.",7872,SANTA CLARA,Community Revitalization and Development Corporation,11591,2019-11-04,19-20,2026-08-22
"Grayson Apartments, L.P.",7873,ALAMEDA,"Satellite AHA Development, Inc.",16,2019-09-03,18-19,2026-08-22
"Hookston II, L.P.",7874,CONTRA COSTA,"Hookston II, LLC",27947,2020-02-11,19-20,2026-08-22
"1950 Mission Housing Associates, LP",7875,SAN FRANCISCO,"1950 Mission Housing Associates, LLC",27749,2019-11-18,19-20,2026-08-22
"Brawley Pacific Associates II, L.P.",7876,IMPERIAL,Central Valley Coalition for Affordable Housing,2419,2019-09-13,19-20,2026-08-22
"Sequoia Knolls, L.P.",7877,FRESNO,Central Valley Coalition for Affordable Housing,2419,2019-11-04,19-20,2026-08-22
"Snapdragon Place II, LP",7879,VENTURA,"Snapdragon Place II, LLC",27903,2019-12-16,19-20,2026-08-22
"Rosedale Seniors Housing, L.P.",7880,MADERA,"CARE Housing Services GP, LLC",24212,2019-12-16,19-20,2026-08-22
"East 35th Street Apartments, L.P.",7881,LOS ANGELES,"Haven for Affordable Housing-Encino, LLC",23935,2019-11-04,19-20,2026-08-22
"Rumrill Gardens, L.P.",7882,CONTRA COSTA,"Haven for Affordable Housing-Encino, LLC",23935,2019-11-04,19-20,2026-08-22
"Entrada SD Investors, L.P.",7883,SAN DIEGO,Central Valley Coalition for Affordable Housing,2419,2020-02-26,20-21,2026-08-22
"5400 Gaddy Ln., L.P.",7884,LAKE,Corporation for Better Housing,3474,2019-11-05,19-20,2026-08-22
"Cambria PSH, L.P.",7886,LOS ANGELES,Las Palmas Foundation,14526,2019-12-17,19-20,2026-08-22
"Solano Vallejo AR, L.P.",7887,SOLANO,Las Palmas Foundation,14526,2019-11-05,19-20,2026-08-22
"Bay Meadows Affordable Associates, L.P.",7889,SAN MATEO,"Bay Meadows Affordable Associates, LLC",27777,2019-10-01,19-20,2026-08-22
"Magill Terrace, L.P.",7891,FRESNO,"Silvercrest, Inc.",11739,2019-11-01,18-19,2026-08-22
"Jordan Downs Phase 1B, L.P.",7892,LOS ANGELES,"La Cienega Lomod, Inc.",7067,2019-11-01,19-20,2026-08-22
"TRC New Hope, L.P.",7893,SACRAMENTO,"IH Tablerock Capital Partnership, LLC",27570,2019-11-01,20-21,2026-08-22
"Southeast Senior Housing Preservation, L.P.",7894,LOS ANGELES,Southeast Senior Housing Preservation LLC,27954,2020-07-30,18-19,2026-08-22
"Post Group X Sunset, L.P.",7896,LOS ANGELES,"FFAH V City of Lights, LLC",27936,2019-11-19,20-21,2026-08-22
"Post Group X Temple, L.P.",7897,LOS ANGELES,"FFAH V City of Lights, LLC",27936,2019-11-19,20-21,2026-08-22
"Post Group X Emerald, L.P.",7898,LOS ANGELES,"FFAH V City of Lights, LLC",27936,2019-11-19,20-21,2026-08-22
"Post Group X Maryland, L.P.",7899,LOS ANGELES,"FFAH V City of Lights, LLC",27936,2019-11-19,20-21,2026-08-22
"Post Group X Burlington, L.P.",7900,LOS ANGELES,"FFAH V City of Lights, LLC",27936,2019-11-19,20-21,2026-08-22
"Post Group X Elysian, L.P.",7901,LOS ANGELES,"FFAH V City of Lights, LLC",27936,2019-11-19,20-21,2026-08-22
"Regency Centre CIC, LP",7902,SAN DIEGO,Pacific Southwest Community Development Corporation,9498,2019-11-05,19-20,2026-08-22
"Post Group X Bentley, L.P.",7903,LOS ANGELES,"FFAH V City of Lights, LLC",27936,2019-11-19,20-21,2026-08-22
"Post Group X Broadway, L.P.",7904,LOS ANGELES,"FFAH V City of Lights, LLC",27936,2019-11-19,20-21,2026-08-22
"Vallejo Imperial Venture, L.P.",7906,SACRAMENTO,"Housing on Merit VII, LLC",27962,2019-09-19,19-20,2026-08-22
"NCRC Encanto, L.P.",7907,SAN DIEGO,National Community Renaissance of California,12046,2019-04-22,19-20,2026-08-22
"When Life Hands You More Lemons, L.P.",7912,LOS ANGELES,"People Concern, The",9200,2019-12-20,19-20,2026-08-22
"McCadden Plaza, L.P.",7913,LOS ANGELES,"McCadden Campus, LLC",27949,2020-03-20,19-20,2026-08-22
"McCadden Plaza TAY Housing, L.P.",7914,LOS ANGELES,"McCadden Campus, LLC",27949,2020-02-10,19-20,2026-08-22
"88th & Vermont, L.P.",7915,LOS ANGELES,88th & Vermont MGP LLC,27906,2020-03-05,19-20,2026-08-22
LA New Directions WestAdams LP,7916,LOS ANGELES,"PC Los Angeles South West View, LLC",27968,2019-10-08,18-19,2026-08-22
"LA78, LP",7917,LOS ANGELES,"IH CDP Partnership, LLC",27631,2019-11-26,19-20,2026-08-22
"LA78, LP",7918,LOS ANGELES,"IH CDP Partnership, LLC",27631,2019-11-21,19-20,2026-08-22
"LA78, LP",7919,LOS ANGELES,"IH CDP Partnership, LLC",27631,2019-11-21,19-20,2026-08-22
"LA78, LP",7920,LOS ANGELES,"IH CDP Partnership, LLC",27631,2019-11-21,19-20,2026-08-22
"LA78, LP",7921,LOS ANGELES,"IH CDP Partnership, LLC",27631,2019-11-21,19-20,2026-08-22
"LA78, LP",7922,LOS ANGELES,"IH CDP Partnership, LLC",27631,2019-11-21,19-20,2026-08-22
"Yuba City Pacific Associates, L.P.",7923,SUTTER,Central Valley Coalition for Affordable Housing,2419,2024-08-08,14-15,2026-08-22
"Lenzen Square Community Partners, L.P.",7924,SANTA CLARA,"FFAH V Lenzen Square, LLC",27941,2019-10-08,20-21,2026-08-22
"Seaview Affordable Communities, L.P.",7925,MONTEREY,"Pacific Housing, Inc.",14273,2019-12-11,20-21,2026-08-22
"Parlier Oak Grove, L.P.",7926,FRESNO,"Silvercrest, Inc.",11739,2020-02-06,19-20,2026-08-22
"Sacramento Affordable Communities, L.P.",7927,SACRAMENTO,"Pacific Housing, Inc.",14273,2019-11-07,20-21,2026-08-22
"Madison Park Housing Associates II, L.P.",7928,ALAMEDA,"Madison Park Housing Associates II, LLC",27694,2019-06-14,20-21,2026-08-22
"Harrison Menlo Preservation, L.P.",7929,ALAMEDA,"RCD GP II, LLC",26748,2019-11-07,20-21,2026-08-22
"VB CDT Meadows, L.P.",7930,KERN,Trillium Housing Services,26054,2019-10-18,20-21,2026-08-22
"VB CDT Maplewood, L.P.",7931,FRESNO,Trillium Housing Services,26054,2019-10-18,20-21,2026-08-22
VB CDT Pineview L.P.,7932,KERN,Trillium Housing Services,26054,2019-10-18,20-21,2026-08-22
"VB CDT Alderwood, L.P.",7933,KINGS,Trillium Housing Services,26054,2019-10-18,20-21,2026-08-22
"VB CDT Mountain View, L.P.",7934,TULARE,Trillium Housing Services,26054,2019-10-18,20-21,2026-08-22
"2060 Folsom Housing, L.P.",7937,SAN FRANCISCO,"CCDC 2060 Folsom, LLC",27969,2020-02-11,19-20,2026-08-22
"Villa Raintree, L.P.",7939,LOS ANGELES,Housing Corporation of America,6275,2019-11-07,20-21,2026-08-22
"Cameron Villa 2018, L.P.",7941,STANISLAUS,"AOF Cameron Villa, LLC",27994,2019-10-09,20-21,2026-08-22
"Standard Heritage Venture, L.P.",7943,SAN DIEGO,"Housing on Merit VIII, LLC",28001,2019-10-01,20-21,2026-08-22
"Day Creek Senior Housing Partners 2, L.P.",7945,SAN BERNARDINO,"Day Creek Senior Housing Partners 2 MGP, LLC",28006,2019-10-08,20-21,2026-08-22
"Cascade Sonrise, L.P.",7946,SAN BERNARDINO,"Cascade Sonrise GP, LLC",28010,2020-02-19,19-20,2026-08-22
"Day Creek Senior Housing Partners, L.P.",7947,SAN BERNARDINO,"Day Creek Senior Housing Partners MGP, LLC",26896,2019-10-03,20-21,2026-08-22
"Post Group X Miramar, L.P.",7948,LOS ANGELES,"FFAH V City of Lights, LLC",27936,2019-11-19,20-21,2026-08-22
"Post Group X Westwood, L.P.",7949,YOLO,"FFAH V City of Lights, LLC",27936,2019-11-19,20-21,2026-08-22
"Post Group X Ardmore, L.P.",7950,LOS ANGELES,"FFAH V City of Lights, LLC",27936,2019-11-19,20-21,2026-08-22
"Roseville Apartments, L.P.",7951,PLACER,"WCH Affordable XXXIX, LLC",28021,2019-10-09,20-21,2026-08-22
"1990 Folsom Housing Associates, L.P.",7952,SAN FRANCISCO,"1990 Folsom TNDC GP, LLC",28023,2020-09-17,20-21,2026-08-22
"Ontario TH Renewal, L.P.",7953,SAN BERNARDINO,"Ontario TH Manager, LLC",28032,2020-05-04,20-21,2026-08-22
"Seminole Gardens, L.P.",7954,RIVERSIDE,"AHA Inland II MGP, LLC",27346,2019-11-08,20-21,2026-08-22
"Alameda Point Senior, L.P.",7955,ALAMEDA,"Alameda Point Senior, LLC",28041,2019-11-07,20-21,2026-08-22
"433 Vermont, L.P.",7956,LOS ANGELES,"WCH Affordable XXIV, LLC",28044,2019-10-14,20-21,2026-08-22
"North White Road Associates, L.P.",7957,SANTA CLARA,"AHA San Jose II MGP, LLC",26146,2020-02-19,20-21,2026-08-22
"Halcyon Collective, L.P",7958,SAN LUIS OBISPO,San Luis Obispo Nonprofit Housing Corporation,11181,2019-12-16,20-21,2026-08-22
"Virginia-Holt Housing, L.P.",7959,SAN BERNARDINO,"NCRC Ontario GP, LLC",27924,2019-11-01,20-21,2026-08-22
"Arden Way Housing Associates, L.P.",7960,SACRAMENTO,"Boxwood Street Housing, LLC",28105,2021-06-04,21-22,2026-08-22
"Brawley Adams I CIC, L.P.",7961,IMPERIAL,Southern California Housing Collaborative,21783,2019-11-08,20-21,2026-08-22
"Westminster Special Needs Housing, L.P.",7962,ORANGE,Community Advancement Development Corporation,25030,2019-12-17,20-21,2026-08-22
"Warm Springs Village Nine, L.P.",7964,ALAMEDA,"Warm Springs Village Nine GP, LLC",28059,2020-05-04,20-21,2026-08-22
"Warm Springs Village Four, L.P.",7965,ALAMEDA,"Warm Springs Village Four GP, LLC",28038,2020-05-04,20-21,2026-08-22
"El Verano Apartments, L.P.",7966,ORANGE,"IHO-EL Verano, LLC",27818,2019-10-08,20-21,2026-08-22
"Namiki Apartments, L.P.",7967,SAN FRANCISCO,"Senior Apartments Namiki, LLC",28135,2020-03-04,07-08,2026-08-22
"Las Praderas CIC, L.P.",7968,IMPERIAL,Pacific Southwest Community Development Corporation,9498,2020-03-10,20-21,2026-08-22
"Crenshaw RHF Partners, L.P.",7969,LOS ANGELES,"Crenshaw RHF Housing, Inc.",28137,2019-11-08,19-20,2026-08-22
"Shasta Hotel Housing Associates, L.P.",7971,SACRAMENTO,"Shasta Hotel Housing Associates, LLC",28131,2019-10-14,20-21,2026-08-22
"Santa Alicia Family Housing Associates, a California, L.P.",7972,ORANGE,Bridge Housing Corporation - Southern California,1567,2019-11-08,19-20,2026-08-22
"Washington Street Apartments, L.P.",7973,RIVERSIDE,Washington Street GP LLC,28154,2020-07-08,19-20,2026-08-22
"Market Heights 2, L.P.",7974,SAN FRANCISCO,"RPMH, LLC",27714,2020-09-15,20-21,2026-08-22
"Heritage Plaza Redding, L.P.",7975,SHASTA,"Kingdom Redding, LLC",29164,2020-01-16,20-21,2026-08-22
"Vistas Del Puerto, L.P.",7976,LOS ANGELES,"Vistas del Puerto, LLC",27638,2019-12-23,19-20,2026-08-22
Sky Parkway II Preservation Limited Partnership,7977,SACRAMENTO,"JHC-Sky Parkway, LLC",27997,2020-02-19,20-21,2026-08-22
Corona Park Preservation Limited Partnership,7978,RIVERSIDE,"JHC-Corona Park, LLC",27998,2019-09-12,20-21,2026-08-22
"Citrus II Preservation, L.P.",7979,SAN BERNARDINO,"JHC-Citrus Grove, LLC",27999,2019-10-18,20-21,2026-08-22
"Metamorphosis on Foothill, L.P.",7980,LOS ANGELES,"Metamorphosis on Foothill, LLC",27640,2020-01-21,20-21,2026-08-22
"AMCAL Las Ventanas Fund, L.P.",7983,LOS ANGELES,Las Palmas Foundation,14526,2019-12-23,19-20,2026-08-22
"Crenshaw Villas Partners, L.P.",7984,LOS ANGELES,"Crenshaw Villas RHF Housing, Inc.",27730,2019-06-27,18-19,2026-08-22
"Culver City Housing Partners, L.P.",7986,LOS ANGELES,"Culver City Housing, LLC",28012,2019-08-06,18-19,2026-08-22
"Park Western Housing, L.P.",7987,LOS ANGELES,"AHA Los Angeles MGP, LLC",27199,2020-01-21,20-21,2026-08-22
"Swansea Park Senior Apartments-Phase 2, L.P.",7988,LOS ANGELES,Deep Green Housing and Community Development,1285,2022-12-14,18-19,2026-08-22
"Corona Villas Housing, L.P.",7989,RIVERSIDE,Housing Corporation of America,6275,2019-12-05,20-21,2026-08-22
"Mission Cottages, L.P.",7990,RIVERSIDE,"AOF Mission Trails, LLC",29206,2019-12-05,20-21,2026-08-22
"Cottonwood Park Apartments, A California Limited Partnership",7991,EL DORADO,"Beneficial Housing Foundation, The",22450,2020-09-04,19-20,2026-08-22
"IDG Jamestown Terrace, LP",7996,TUOLUMNE,"NHC MGP I, LLC",25166,2020-07-27,20-21,2026-08-22
"Los Robles Terrace, L.P.",7997,SAN LUIS OBISPO,People's Self-Help Housing Corporation,9772,2019-12-11,18-19,2026-08-22
"Oak Tree Village Apartments, L.P.",7998,LOS ANGELES,Affordable Housing USA,27315,2019-12-20,20-21,2026-08-22
"Hampstead Park Florin Partners, L.P.",7999,SACRAMENTO,"Park Florin CARE MGP, LLC",29223,2020-02-05,20-21,2026-08-22
"Hampstead Sunrise Partners, L.P.",8000,EL DORADO,"Sunrise CARE MGP, LLC",29224,2019-12-27,19-20,2026-08-22
"DFA Armona Village, L.P.",8001,KINGS,"RCC MGP, LLC",25160,2019-12-11,20-21,2026-08-22
"Reliant - East Bay, L.P.",8002,ALAMEDA,"Rainbow - East Bay, LLC",29233,2019-12-11,20-21,2026-08-22
"Reliant - East Bay, L.P.",8003,CONTRA COSTA,"Rainbow - East Bay, LLC",29233,2019-12-11,20-21,2026-08-22
"Reliant - East Bay, L.P.",8004,CONTRA COSTA,"Rainbow - East Bay, LLC",29233,2019-12-11,20-21,2026-08-22
"555 Ellis Street Housing Partners, L.P.",8005,SAN FRANCISCO,San Francisco Network Ministries Housing Corporation,11066,2019-09-17,20-21,2026-08-22
"Liberty Family Associates, L.P.",8007,TULARE,"WCH Affordable XXXVII, LLC",29236,2019-12-23,20-21,2026-08-22
"Palmdale Housing Investors, L.P.",8008,LOS ANGELES,"WCH Affordable XXXVII, LLC",29236,2019-12-23,20-21,2026-08-22
"Casitas De Mendota Investors, L.P.",8009,FRESNO,"WCH Affordable XXXVIII, LLC",29244,2020-03-17,20-21,2026-08-22
"Imperial Gardens Family Assoicates, L.P.",8010,IMPERIAL,"WCH Affordable XXXVIII, LLC",29244,2019-12-13,20-21,2026-08-22
"Fred Young Phase II Associates, L.P.",9011,RIVERSIDE,Fred Young Phase II LLC,30280,2019-12-23,19-20,2026-08-22
"Mercy Housing California 81, L.P.",9013,SACRAMENTO,"3425 Orange Grove, LLC",27606,2019-09-23,19-20,2026-08-22
"Stockton Sierra Vista I, LP",9014,SAN JOAQUIN,"DCDC Sierra Vista I, LLC",29228,2019-12-30,18-19,2026-08-22
"735 Davis Senior, L.P.",9015,SAN FRANCISCO,"735 Davis Senior Bridge, LLC",27754,2019-10-09,20-21,2026-08-22
"88 Broadway Family, L.P.",9016,SAN FRANCISCO,"88 Broadway Family BRIDGE, LLC",27755,2019-10-09,20-21,2026-08-22
"Gravenstein Apartments, L.P.",9018,SONOMA,"Gravenstein Apartments, LLC",27826,2019-12-11,20-21,2026-08-22
"Magnet Senior Housing Partners, L.P.",9019,ORANGE,Riverside Charitable Corporation,10533,2020-02-11,20-21,2026-08-22
"Civic Center 14, L.P.",9020,ALAMEDA,"CHBA Affordable V, LLC",25081,2020-02-04,20-21,2026-08-22
"RAD 175, L.P.",9021,SAN LUIS OBISPO,San Luis Obispo Nonprofit Housing Corporation,11181,2020-02-26,20-21,2026-08-22
"RAD 175, L.P.",9022,SAN LUIS OBISPO,San Luis Obispo Nonprofit Housing Corporation,11181,2020-02-26,20-21,2026-08-22
"RAD 175, L.P.",9023,SAN LUIS OBISPO,San Luis Obispo Nonprofit Housing Corporation,11181,2020-02-26,20-21,2026-08-22
"RAD 175, L.P.",9024,SAN LUIS OBISPO,San Luis Obispo Nonprofit Housing Corporation,11181,2020-02-26,20-21,2026-08-22
"RAD 175, L.P.",9025,SAN LUIS OBISPO,San Luis Obispo Nonprofit Housing Corporation,11181,2020-02-26,20-21,2026-08-22
"RAD 175, L.P.",9026,SAN LUIS OBISPO,San Luis Obispo Nonprofit Housing Corporation,11181,2020-02-26,20-21,2026-08-22
"RAD 175, L.P.",9027,SAN LUIS OBISPO,San Luis Obispo Nonprofit Housing Corporation,11181,2020-02-26,20-21,2026-08-22
"RAD 175, L.P.",9028,SAN LUIS OBISPO,San Luis Obispo Nonprofit Housing Corporation,11181,2020-02-26,20-21,2026-08-22
"RAD 175, L.P.",9029,SAN LUIS OBISPO,San Luis Obispo Nonprofit Housing Corporation,11181,2020-02-26,20-21,2026-08-22
"RAD 175, L.P.",9030,SAN LUIS OBISPO,San Luis Obispo Nonprofit Housing Corporation,11181,2020-02-26,20-21,2026-08-22
"RAD 175, L.P.",9031,SAN LUIS OBISPO,San Luis Obispo Nonprofit Housing Corporation,11181,2020-02-26,20-21,2026-08-22
"RAD 175, L.P.",9032,SAN LUIS OBISPO,San Luis Obispo Nonprofit Housing Corporation,11181,2020-02-26,20-21,2026-08-22
"RAD 175, L.P.",9033,SAN LUIS OBISPO,San Luis Obispo Nonprofit Housing Corporation,11181,2020-02-26,20-21,2026-08-22
"RAD 175, L.P.",9034,SAN LUIS OBISPO,San Luis Obispo Nonprofit Housing Corporation,11181,2020-02-26,20-21,2026-08-22
"Standard Fairfield Venture, L.P.",9035,SOLANO,"Housing on Merit X, LLC",30310,2019-12-27,20-21,2026-08-22
"Standard Fairfield Venture, L.P.",9036,SOLANO,"Housing on Merit X, LLC",30310,2019-12-27,20-21,2026-08-22
"Summerfield Village Apartments, L.P.",9037,SACRAMENTO,Better Housing Foundation,19760,2020-07-09,20-21,2026-08-22
"St. Regis Park CIC, L.P.",9038,SAN DIEGO,Pacific Southwest Community Development Corporation,9498,2019-12-24,20-21,2026-08-22
"Vista Las Flores, L.P.",9039,SAN DIEGO,"Wakeland Vista Las Flores, LLC",30318,2019-12-26,20-21,2026-08-22
"Hampstead Villa Mirage Partners, L.P.",9040,RIVERSIDE,"AOF Villa Mirage, LLC",30319,2020-01-03,20-21,2026-08-22
"Hampstead Mono Hilltop Partners, L.P.",9041,FRESNO,"AOF Mono Hilltop, LLC",30320,2020-01-03,20-21,2026-08-22
"South Santa Fe Housing Associates, L.P.",9046,SAN DIEGO,"Paseo Artist Village, LLC",30341,2020-07-15,21-22,2026-08-22
"Orchard Park Apartments, L.P.",9047,RIVERSIDE,"FFAH V Orchard Park, LLC",29218,2020-01-21,20-21,2026-08-22
"Imperial VI, L.P.",9049,IMPERIAL,"Beneficial Housing Foundation, The",22450,2020-01-09,20-21,2026-08-22
"Imperial VI, L.P.",9050,IMPERIAL,"Beneficial Housing Foundation, The",22450,2020-01-10,20-21,2026-08-22
"Imperial VI, L.P.",9051,IMPERIAL,"Beneficial Housing Foundation, The",22450,2020-01-10,20-21,2026-08-22
"Imperial VI, L.P.",9052,IMPERIAL,"Beneficial Housing Foundation, The",22450,2019-12-31,20-21,2026-08-22
"Imperial VI, L.P.",9053,IMPERIAL,"Beneficial Housing Foundation, The",22450,2020-01-10,20-21,2026-08-22
"Imperial VI, L.P.",9054,IMPERIAL,"Beneficial Housing Foundation, The",22450,2019-12-31,20-21,2026-08-22
"WP Sierra Heights Apartments, L.P.",9055,BUTTE,Central Valley Coalition for Affordable Housing,2419,2020-01-07,20-21,2026-08-22
"Century Beachwood Apartments 2, L.P.",9056,LOS ANGELES,"CADI X, LLC",27027,2019-09-27,18-19,2026-08-22
"Residences on Main, L.P.",9057,LOS ANGELES,"Residences on Main GP, LLC",30344,2020-03-17,19-20,2026-08-22
"Wesley Terrace Partners, L.P.",9058,SAN DIEGO,"Wesley Developments, LLC",30295,2020-07-17,20-21,2026-08-22
"Main Street Plaza Apartments, L.P.",9059,PLACER,"WCH Affordable XXXIX, LLC",28021,2019-10-09,20-21,2026-08-22
Willett Ranch L.P.,9060,VENTURA,"Willett Ranch, LLC",28000,2020-06-02,21-22,2026-08-22
"LINC-Spark APTS, L.P.",9061,LOS ANGELES,"LINC-Spark APTS, LLC",30357,2020-01-13,20-21,2026-08-22
"Loyalton Sierra Valley, L.P.",9064,SIERRA,Central Valley Coalition for Affordable Housing,2419,2020-01-07,20-21,2026-08-22
"Portola Senior, L.P.",9065,PLUMAS,Central Valley Coalition for Affordable Housing,2419,2020-01-07,20-21,2026-08-22
"Wakeland Grove, L.P.",9068,SAN DIEGO,Wakeland Opportunities for Affordable Housing,27155,2019-10-23,20-21,2026-08-22
"LINC-WB2 Apts, L.P.",9069,LOS ANGELES,"LINC-WB2 Apts, LLC",30364,2021-09-29,20-21,2026-08-22
"Gramercy Place Apartments, L.P.",9070,LOS ANGELES,"HCHC Gramercy Place GP, LLC",30365,2020-01-22,20-21,2026-08-22
"Redwood Oaks Associates II, L.P.",9071,SAN MATEO,"Redwood Oaks - HHDC, LLC",30367,2020-03-10,20-21,2026-08-22
"Victory Trio Mutual Housing Associates, L.P.",9074,SACRAMENTO,"Victory Trio Mutual Housing Association, LLC",30369,2020-01-14,20-21,2026-08-22
"Victory Trio Mutual Housing Associates, L.P.",9075,SACRAMENTO,"Victory Trio Mutual Housing Association, LLC",30369,2020-02-10,20-21,2026-08-22
"Natomas Park Owner, L.P.",9076,SACRAMENTO,"Housing on Merit XI, LLC",30373,2020-01-13,20-21,2026-08-22
"Hidden Cove Apartments, L.P.",9077,CONTRA COSTA,"FFAH V Hidden Cove, LLC",30329,2019-12-27,20-21,2026-08-22
"Fountain Valley Family Housing Partners, L.P.",9078,ORANGE,"FFAH V Fountain Valley FHP, LLC",27956,2020-12-29,21-22,2026-08-22
"Cameron Park Community Partners, L.P.",9079,LOS ANGELES,"FFAH V Cameron Park, LLC",30328,2019-12-30,20-21,2026-08-22
"LEDG Vacaville, L.P.",9080,SOLANO,Central Valley Coalition for Affordable Housing,2419,2020-01-28,20-21,2026-08-22
"Westmont Vista, L.P.",9081,LOS ANGELES,"Westmont Vista GP, LLC",26837,2020-01-24,19-20,2026-08-22
"Stanford Avenue Apartments, L.P.",9082,LOS ANGELES,"Stanford Avenue GP, LLC",30389,2020-01-27,20-21,2026-08-22
"Fresno Mariposa Meadows, L.P.",9083,FRESNO,"Silvercrest, Inc.",11739,2020-12-29,20-21,2026-08-22
"Parlier Orchard Apartments, L.P.",9084,FRESNO,"Silvercrest, Inc.",11739,2021-01-13,20-21,2026-08-22
"Florence Mills Apartments, L.P.",9086,LOS ANGELES,"HCHC Florence Mills GP, LLC",30390,2020-01-14,20-21,2026-08-22
"GMB Partners, LP",9087,SAN DIEGO,Bella Affordable Housing Foundation,20820,2024-05-28,20-21,2026-08-22
"Arminta Meta, L.P.",9093,LOS ANGELES,"WCH Affordable XL, LLC",30400,2020-01-24,20-21,2026-08-22
"Hilarita Belvedere, L.P.",9094,MARIN,"Hilarita Belvedere EAH, LLC",30404,2020-01-30,20-21,2026-08-22
"Tiny Tim, L.P.",9095,ORANGE,"Tiny Tim Mercy House CHDO, LLC",30391,2020-12-16,20-21,2026-08-22
"Aqua Housing, L.P.",9096,ORANGE,"Aqua Mercy House CHDO, LLC",30395,2020-12-16,19-20,2026-08-22
"St. Anton Tasman East, L.P.",9097,SANTA CLARA,"PacH Anton South Holdings, LLC",23565,2020-01-28,20-21,2026-08-22
"DWF V Hollywood & Vine, L.P.",9098,LOS ANGELES,"Hearthstone CA Properties II, LLC",27086,2020-03-20,20-21,2026-08-22
"Penn Valley 2, L.P.",9099,NEVADA,Nevada County Housing Development Corporation,8782,2020-03-17,20-21,2026-08-22
"WP Kimberly Park Apartments, L.P.",9100,SAN BERNARDINO,Central Valley Coalition for Affordable Housing,2419,2020-01-28,20-21,2026-08-22
"Laurel Glen Mer, L.P.",9101,MERCED,Central Valley Coalition for Affordable Housing,2419,2020-01-28,20-21,2026-08-22
"Sango Court, L.P.",9102,SANTA CLARA,"RCD GP III, LLC",26708,2020-01-27,20-21,2026-08-22
"Lakeview Terrace Housing, L.P.",9103,LOS ANGELES,"AHA Lakeview Terrace MGP, LLC",30264,2020-01-13,20-21,2026-08-22
Hoover Housing Partners Limited Partnership,9104,ORANGE,"FFAH II Coventry Heights, LLC",29225,2020-02-21,20-21,2026-08-22
EHDOC Dino Papavero Limited Partnership,9105,SAN BERNARDINO,"EHDOC Dino Papavero GP, LLC",30433,2022-04-08,20-21,2026-08-22
"SOLA at 87th, L.P.",9106,LOS ANGELES,"IHO-SOLA at 87th, LLC",30439,2020-06-04,20-21,2026-08-22
"Galindo, L.P.",9107,CONTRA COSTA,"RCD GP III, LLC",26708,2020-06-01,20-21,2026-08-22
"Walnut Windmere, LP",9108,YOLO,"Walnut Windmere, LLC",27831,2020-06-02,20-21,2026-08-22
"1501 N. Blackstone Ave., L.P.",9109,FRESNO,Corporation for Better Housing,3474,2020-02-26,20-21,2026-08-22
"2821 El Camino Real, L.P.",9110,SAN MATEO,"2821 ECR, LLC",28013,2019-12-23,20-21,2026-08-22
"Pine View Preservation, L.P.",9111,SAN DIEGO,"AOF Pacific CA LAC, LLC",30443,2020-02-13,20-21,2026-08-22
"Holiday Manor Apartments, L.P.",9112,VENTURA,"FFAH V Holiday Manor, LLC",30429,2020-02-11,20-21,2026-08-22
"Holiday Manor Apartments, L.P.",9114,VENTURA,"FFAH V Holiday Manor, LLC",30429,2020-02-11,20-21,2026-08-22
"Holiday Manor Apartments, L.P.",9116,VENTURA,"FFAH V Holiday Manor, LLC",30429,2020-02-11,20-21,2026-08-22
"Windsor Gardens Housing Associates, L.P.",9117,SAN DIEGO,"CHW Windsor Gardens, LLC",30301,2020-03-17,20-21,2026-08-22
"Pacific Palms Apartments, L.P.",9118,RIVERSIDE,"FFAH V PACIFIC PALMS, LLC",30425,2020-03-20,20-21,2026-08-22
"VBC Vizcaya, L.P.",9120,SANTA BARBARA,"Hearthstone CA Properties II, LLC",27086,2020-06-02,20-21,2026-08-22
"La Mesa Springs Preservation, L.P.",9121,SAN DIEGO,"Wakeland La Mesa, LLC",27140,2020-02-13,20-21,2026-08-22
"Cornerstone Housing Partners, L.P.",9123,ORANGE,"JHC-Cornerstone II, LLC",30449,2020-02-13,20-21,2026-08-22
"Hampstead Wasco Arms Partners, L.P.",9124,KERN,"AOF Wasco, LLC",30464,2020-02-13,20-21,2026-08-22
"Simpson Arbor Preservation, L.P.",9125,LOS ANGELES,"Simpson Arbor Apartments, LLC",30465,2020-02-13,20-21,2026-08-22
"Seaview Affordable Communities, L.P.",9126,MONTEREY,"Pacific Housing, Inc.",14273,2019-12-11,20-21,2026-08-22
"Seaview Affordable Communities, L.P.",9127,MONTEREY,"Pacific Housing, Inc.",14273,2019-12-11,20-21,2026-08-22
"Seaview Affordable Communities, L.P.",9128,MONTEREY,"Pacific Housing, Inc.",14273,2019-12-11,20-21,2026-08-22
"Post Sterling Court, L.P.",9130,ORANGE,"FFAH II Sterling Court, LLC",30430,2020-04-09,20-21,2026-08-22
"Seaview Affordable Communities, L.P.",9131,MONTEREY,"Pacific Housing, Inc.",14273,2019-12-11,20-21,2026-08-22
"Seaview Affordable Communities, L.P.",9132,MONTEREY,"Pacific Housing, Inc.",14273,2019-12-11,20-21,2026-08-22
"MHDC Abel Gonzalez, L.P.",9133,SAN FRANCISCO,"1045 Capp Street Housing, LLC",30448,2021-06-16,20-21,2026-08-22
"Seaview Affordable Communities, L.P.",9134,MONTEREY,"Pacific Housing, Inc.",14273,2019-12-11,20-21,2026-08-22
"Seaview Affordable Communities, L.P.",9135,MONTEREY,"Pacific Housing, Inc.",14273,2019-12-11,20-21,2026-08-22
"Seaview Affordable Communities, L.P.",9136,MONTEREY,"Pacific Housing, Inc.",14273,2019-12-11,20-21,2026-08-22
"Seaview Affordable Communities, L.P.",9137,MONTEREY,"Pacific Housing, Inc.",14273,2019-12-11,20-21,2026-08-22
"Creekside Davis, L.P.",9138,YOLO,"DCM Creekside, LLC",30466,2021-02-02,19-20,2026-08-22
"Lakeport Family Associates, a California Limited Partnership",9139,LAKE,Valley Initiative for Affordable Housing,22366,2020-02-10,19-20,2026-08-22
Missouri and Bundy Housing LP,9140,LOS ANGELES,Housing Corporation of America,6275,2020-02-27,20-21,2026-08-22
"Annadale Commons, L.P.",9141,FRESNO,"Annadale Commons, LLC",30470,2020-05-12,20-21,2026-08-22
"Bridge WF CA Crystal View, L.P.",9142,ORANGE,"AHA Orange II MGP, LLC",30399,2020-02-27,20-21,2026-08-22
"Sun Valley Housing, L.P.",9144,LOS ANGELES,"Supportive Housing, LLC",26356,2020-02-10,19-20,2026-08-22
"Sequoia Commons, L.P.",9147,TULARE,"Sequoia Commons, LLC",27950,2020-01-07,19-20,2026-08-22
"Stonegate Village I, L.P.",9154,STANISLAUS,"Stonegate Village I, LLC",30482,2020-09-10,20-21,2026-08-22
"353 Main Street Apartments, L.P.",9155,SAN MATEO,"PacH Affordable Holdings, LLC",26067,2020-02-10,20-21,2026-08-22
"MP Bradford Associates, L.P.",9157,SAN MATEO,"MP Bradford Senior Housing, LLC",30493,2020-02-28,20-21,2026-08-22
"Placentia Veterans Village, L.P.",9159,ORANGE,"Placentia Veterans Village, LLC",30335,2020-01-03,19-20,2026-08-22
"Ulric Street Housing Associates, L.P.",9160,SAN DIEGO,"Ulric Street Housing Opportunities, LLC",30304,2021-06-03,21-22,2026-08-22
"Live Oak Pacific Associates II, L.P.",9162,SUTTER,Sutter Community Affordable Housing,14964,2020-02-05,20-21,2026-08-22
"Pavilion Park Plaza, L.P.",9163,LOS ANGELES,Affordable Housing Solutions,19625,2020-03-20,20-21,2026-08-22
"Melrose PSH, L.P.",9164,LOS ANGELES,Las Palmas Foundation,14526,2020-02-10,20-21,2026-08-22
"Placentia Veterans Village, L.P.",9165,ORANGE,"Placentia Veterans Village, LLC",30335,2020-01-03,19-20,2026-08-22
"Cypress Village CIC, LP",9166,ORANGE,"UCP-LA MGP, LLC",30507,2020-01-29,20-21,2026-08-22
"Sterling - Berkeley Addison, L.P.",9167,ALAMEDA,"CVCAH Addison, LLC",30509,2020-05-14,20-21,2026-08-22
"Sterling - Berkeley Haste, L.P.",9170,ALAMEDA,"CVCAH Haste, LLC",30512,2020-04-10,20-21,2026-08-22
"Sterling - Berkeley Allston, L.P.",9171,ALAMEDA,"CVCAH Allston, LLC",30513,2020-04-10,20-21,2026-08-22
"Sterling - Berkeley Oxford, L.P.",9172,ALAMEDA,"CVCAH Oxford, LLC",30514,2020-04-10,20-21,2026-08-22
"Fairfield Park Villas, L.P.",9173,SAN DIEGO,"RCC MGP, LLC",25160,2020-03-17,20-21,2026-08-22
"Cypress - Tara Village, L.P.",9174,ORANGE,"AHA Orange II MGP, LLC",30399,2020-03-20,20-21,2026-08-22
"Mariposa Oaks, L.P.",9175,MARIPOSA,"Mariposa Oaks, LLC",30510,2020-04-02,20-21,2026-08-22
"Campus Oaks Apartments 2, L.P.",9177,PLACER,"CERC of Wisconsin Holdings 2, LLC",30524,2020-07-08,20-21,2026-08-22
"Dover Woods Venture, L.P.",9178,SOLANO,"FFAH II Dover Woods, LLC",30520,2020-06-02,20-21,2026-08-22
"Villa Del Sol Apartments, LP",9179,LOS ANGELES,"FFAH V Villa Del Sol, LLC",30527,2021-08-26,22-23,2026-08-22
"Stockton Sierra Vista II, L.P.",9181,SAN JOAQUIN,"DCDC Sierra Vista II, LLC",30528,2020-07-30,20-21,2026-08-22
"2620 Menlo, L.P.",9183,LOS ANGELES,"Korean Health, Education, Information and Research Center",7021,2020-04-23,20-21,2026-08-22
"3673 San Fernando, L.P.",9184,LOS ANGELES,"Korean Health, Education, Information and Research Center",7021,2020-04-23,20-21,2026-08-22
"1760 Gardena, L.P.",9185,LOS ANGELES,"Korean Health, Education, Information and Research Center",7021,2020-04-23,20-21,2026-08-22
"9015 Orion, L.P.",9186,LOS ANGELES,"Korean Health, Education, Information and Research Center",7021,2020-04-23,20-21,2026-08-22
"1975 Lake, L.P.",9187,ORANGE,"Korean Health, Education, Information and Research Center",7021,2020-04-23,20-21,2026-08-22
"1814 Vassar, L.P.",9188,LOS ANGELES,"Korean Health, Education, Information and Research Center",7021,2020-04-24,20-21,2026-08-22
"11919 Figueroa, L.P.",9189,LOS ANGELES,"Korean Health, Education, Information and Research Center",7021,2020-04-23,20-21,2026-08-22
"716 Yale Terrace, L.P.",9190,LOS ANGELES,"Korean Health, Education, Information and Research Center",7021,2020-04-20,20-21,2026-08-22
"831 Seventieth, L.P.",9191,LOS ANGELES,"Korean Health, Education, Information and Research Center",7021,2020-04-20,20-21,2026-08-22
"1643 Pacific, L.P.",9192,LOS ANGELES,"Korean Health, Education, Information and Research Center",7021,2020-04-20,20-21,2026-08-22
"JK - Geneva Village, L.P.",9193,FRESNO,"Korean Health, Education, Information and Research Center",7021,2020-04-20,20-21,2026-08-22
"JK - Tanager Springs 1, L.P.",9194,FRESNO,"Korean Health, Education, Information and Research Center",7021,2020-04-20,20-21,2026-08-22
"JK - Tanager Springs 2, L.P.",9195,FRESNO,"Korean Health, Education, Information and Research Center",7021,2020-04-20,20-21,2026-08-22
"435 Alturas, L.P.",9196,SAN DIEGO,"Korean Health, Education, Information and Research Center",7021,2020-04-22,20-21,2026-08-22
"639 Commonwealth, L.P.",9197,LOS ANGELES,"Korean Health, Education, Information and Research Center",7021,2020-04-22,20-21,2026-08-22
"5950 Main, L.P.",9198,LOS ANGELES,"Korean Health, Education, Information and Research Center",7021,2020-04-22,20-21,2026-08-22
"952 Harvard, L.P.",9199,LOS ANGELES,"Korean Health, Education, Information and Research Center",7021,2020-06-22,20-21,2026-08-22
"1800 Temple, L.P.",9200,LOS ANGELES,"Korean Health, Education, Information and Research Center",7021,2020-04-22,19-20,2026-08-22
"1320 Sunset, L.P.",9201,LOS ANGELES,"Korean Health, Education, Information and Research Center",7021,2020-04-22,20-21,2026-08-22
"2620 Menlo, L.P.",9202,LOS ANGELES,"Korean Health, Education, Information and Research Center",7021,2020-04-23,20-21,2026-08-22
"MP Springs Senior Associates, L.P.",9203,SONOMA,"MP Springs Senior, LLC",30529,2020-04-06,18-19,2026-08-22
"1820 14th Street, L.P.",9204,LOS ANGELES,"Greenway Meadows, LLC",30522,2020-05-20,20-21,2026-08-22
"Whispering Oaks Senior Apartments, LP",9205,LOS ANGELES,"FFAH II Whispering Oaks, LLC",30521,2020-10-21,20-21,2026-08-22
"Post Cedar, LP",9206,LOS ANGELES,"FFAH II Cedar Town Square, LLC",30519,2021-11-01,20-21,2026-08-22
"Vista Ballona, L.P.",9208,LOS ANGELES,"Vista Ballona, LLC",30526,2020-06-02,20-21,2026-08-22
"Quetzal Gardens, L.P.",9209,SANTA CLARA,"RCD GP III, LLC",26708,2020-04-08,20-21,2026-08-22
"Fairfield Hilltop, L.P.",9210,CONTRA COSTA,"RCC MGP, LLC",25160,2020-04-10,20-21,2026-08-22
"448 Ropes Ave., L.P.",9211,TULARE,Corporation for Better Housing,3474,2020-04-10,21-22,2026-08-22
"WDNW, L.P.",9214,LOS ANGELES,"WCH Affordable XXV, LLC",30549,2020-04-10,20-21,2026-08-22
"Chestnut Square Family Associates, L.P.",9216,ALAMEDA,"MP Chestnut Square Family, LLC",30551,2021-09-16,18-19,2026-08-22
"Victory Trio Mutual Housing Associates, L.P.",9217,SACRAMENTO,"Victory Trio Mutual Housing Association, LLC",30369,2020-02-10,20-21,2026-08-22
"Mercy Housing California 84, L.P.",9218,MARIN,Mercy Housing Calwest,101,2020-02-10,20-21,2026-08-22
"Oak Groves Senior Housing, L.P.",9219,ALAMEDA,"RHI Oak Groves GP, LLC",27828,2020-07-07,20-21,2026-08-22
PC Redding Apartments II L.P.,9220,SHASTA,"Northern Valley Catholic Social Service, Inc.",17449,2020-07-09,20-21,2026-08-22
"Florence Fund, L.P.",9221,LOS ANGELES,WORKS Florence Fund LLC,30592,2020-07-10,20-21,2026-08-22
"Mercy Housing California 83, L.P.",9222,ALAMEDA,Mercy Housing Calwest,101,2020-12-22,20-21,2026-08-22
"Rio Dell Rigby, L.P.",9223,HUMBOLDT,Community Revitalization and Development Corporation,11591,2020-07-07,20-21,2026-08-22
"Kennett Investors I, L.P.",9224,SHASTA,Community Revitalization and Development Corporation,11591,2020-04-28,20-21,2026-08-22
"Samoa Vance Ave, L.P.",9225,HUMBOLDT,Community Revitalization and Development Corporation,11591,2020-07-20,20-21,2026-08-22
"HWD El Centro Housing, L.P.",9227,LOS ANGELES,Housing Corporation of America,6275,2020-05-18,20-21,2026-08-22
"Figueroa Senior Housing Preservation, L.P.",9229,LOS ANGELES,"New Life Economic Development, Inc.",8845,2020-07-27,20-21,2026-08-22
"MacArthur PSH, L.P.",9230,ALAMEDA,Las Palmas Foundation,14526,2020-05-21,20-21,2026-08-22
"Downtown Truckee Investors, L.P.",9231,NEVADA,Community Revitalization and Development Corporation,11591,2020-05-18,20-21,2026-08-22
"Agave by Vintage, L.P.",9232,SACRAMENTO,"Hearthstone CA Properties II, LLC",27086,2020-05-15,21-22,2026-08-22
"Mercy Housing California 78, L.P.",9233,SAN FRANCISCO,Mercy Housing Calwest,101,2021-02-06,20-21,2026-08-22
"Miramar Tower Preservation, L.P.",9234,LOS ANGELES,"Wakeland Miramar, LLC",27138,2020-10-05,20-21,2026-08-22
"Charter Oaks Apartments II, L.P.",9235,NAPA,"Community Resident Services, Inc.",20833,2020-05-22,20-21,2026-08-22
"South Sunshine Associates, L.P.",9236,SAN DIEGO,"Community Resident Services, Inc.",20833,2020-12-22,19-20,2026-08-22
"Cascade Village Apartments II, L.P.",9237,SACRAMENTO,"Community Resident Services, Inc.",20833,2021-02-25,20-21,2026-08-22
"Mountain View Village, L.P.",9239,KERN,"GEAHI Mountain View Village, LLC",30594,2020-05-01,20-21,2026-08-22
"Lakeside Drive Senior Housing, L.P.",9241,ALAMEDA,"EBALDC 1515 Lakeside, LLC",30596,2020-09-30,20-21,2026-08-22
"LIH Arbor Square, L.P.",9242,SANTA BARBARA,"AOF Pacific CA LIH, LLC",30598,2020-04-28,20-21,2026-08-22
"Golden West Community Partners, L.P.",9243,LOS ANGELES,"AHA Los Angeles II MGP, LLC",30611,2020-07-15,21-22,2026-08-22
"Mercy Housing California 59, L.P.",9244,SAN FRANCISCO,"3001 24th Street, LLC",30613,2020-05-01,20-21,2026-08-22
OakmontSL of Alameda L.P.,9245,ALAMEDA,"Casa Major, Inc.",15204,2020-06-19,20-21,2026-08-22
"3268 San Pablo, L.P.",9249,ALAMEDA,"3268 San Pablo, LLC",30647,2020-09-04,20-21,2026-08-22
"Sunflower Irby, L.P.",9250,ALAMEDA,"Sunflower Irby, LLC",30648,2021-02-27,20-21,2026-08-22
"Woodbridge Apartments, LP",9251,LOS ANGELES,"CADI XII, LLC",30651,2021-01-19,21-22,2026-08-22
"Woodbridge Apartments, LP",9252,LOS ANGELES,"CADI XII, LLC",30651,2021-01-19,21-22,2026-08-22
Sierra Housing Partners LP,9253,SAN BERNARDINO,"JHC-Sierra, LLC",30450,2020-09-09,20-21,2026-08-22
"A0690 Windsor, L.P.",9254,SONOMA,"Windsor Veterans Village, LLC",30538,2021-08-13,20-21,2026-08-22
"Ridgecrest Housing Investors, A Califorina Limited Partnership",9255,KERN,Central Valley Coalition for Affordable Housing,2419,2020-05-26,20-21,2026-08-22
"Villa Valley Apartments, LP",9256,LOS ANGELES,AOF Pacific CA-1 LLC,30667,2020-05-28,20-21,2026-08-22
"Unruh 1040, L.P.",9257,LOS ANGELES,"WCH Affordable XLVIII, LLC",30550,2020-12-24,20-21,2026-08-22
"Westminster Crossing, L.P.",9258,ORANGE,"WCH Affordable XLVII, LLC",30548,2020-04-09,20-21,2026-08-22
"Monterey Family Apartments, a California Limited Partnership",9259,SANTA CLARA,Central Valley Coalition for Affordable Housing,2419,2020-05-26,20-21,2026-08-22
"WP Gateway Villas Apartments, LP",9260,FRESNO,Central Valley Coalition for Affordable Housing,2419,2020-05-27,20-21,2026-08-22
"Lakeport Family Associates II, a Califormia Limited Partnership",9261,LAKE,Valley Initiative for Affordable Housing,22366,2020-05-28,20-21,2026-08-22
"Santa Cruz Pacific Associates, a California Limited partnership",9262,SANTA CRUZ,Central Valley Coalition for Affordable Housing,2419,2020-05-28,19-20,2026-08-22
"Holtville Pacific Associates, a California Limited Partnership",9263,IMPERIAL,Central Valley Coalition for Affordable Housing,2419,2020-05-28,20-21,2026-08-22
"Coliseum Place II, L.P.",9264,ALAMEDA,"RCD GP, LLC",24361,2022-04-12,22-23,2026-08-22
"Markham Plaza I, LP",9265,SANTA CLARA,"EAH Markham I, LLC",30552,2020-07-15,20-21,2026-08-22
"Stone Pine Meadow Two, L.P.",9266,SAN JOAQUIN,Stone Pine Meadow Two LLC,30669,2020-05-26,21-22,2026-08-22
"Kingsburg Linnaea Villas, LP",9267,FRESNO,"Silvercrest, Inc.",11739,2020-06-01,20-21,2026-08-22
"Villages at Paragon, LP, The",9268,FRESNO,"Silvercrest, Inc.",11739,2020-06-01,20-21,2026-08-22
"Villa De Vida Poway, L.P.",9269,SAN DIEGO,Villa de Vida GP LLC,30671,2020-05-28,20-21,2026-08-22
"Clovis Solivita, LP",9270,FRESNO,"Silvercrest, Inc.",11739,2020-06-01,20-21,2026-08-22
"Brooklyn Basin Associates I, L.P.",9271,ALAMEDA,MP Brooklyn Basin I LLC,30682,2020-06-12,19-20,2026-08-22
"Brooklyn Basin Associates V, L.P.",9272,ALAMEDA,MP Brooklyn Basin V LLC,30680,2020-06-12,19-20,2026-08-22
"Brooklyn Basin Associates II, L.P.",9273,ALAMEDA,MP Brooklyn Basin II LLC,30681,2020-06-12,19-20,2026-08-22
"Elk Grove Pacific Associates IV, L.P.",9275,SACRAMENTO,"PacH Lancaster Holdings, LLC",23523,2020-06-22,20-21,2026-08-22
"Hobart Affordable, L.P.",9276,LOS ANGELES,Las Palmas Housing and Development Corporation,17925,2020-06-24,21-22,2026-08-22
"Longshore Cove, LP",9277,SOLANO,"Longshore Vallejo Housing, LLC",30685,2020-08-31,21-22,2026-08-22
"Fruitvale Transit Village II-A, L.P.",9278,ALAMEDA,"EBALDC Transit Village, LLC",27930,2020-07-15,18-19,2026-08-22
"Waterman Gardens Partners 2, L.P.",9279,SAN BERNARDINO,"WG Partners 2 WGP, LLC",30687,2020-05-27,20-21,2026-08-22
"Jackson Aisle Apartments, L.P.",9280,ORANGE,"Helping Our Mentally Ill Experience Success, Incorporated",5983,2022-02-17,20-21,2026-08-22
"Robert Western Preservation, L.P.",9282,LOS ANGELES,Affordable Housing Solutions,19625,2020-06-01,20-21,2026-08-22
"Robert Western Preservation, L.P.",9283,LOS ANGELES,Affordable Housing Solutions,19625,2020-06-01,20-21,2026-08-22
"Ethel Arnold Preservation, L.P.",9284,LOS ANGELES,Affordable Housing Solutions,19625,2020-12-16,20-21,2026-08-22
"LINC-CORE Fairview Metro, LP",9286,LOS ANGELES,"NCRC Fairview MGP, LLC",30689,2022-03-30,20-21,2026-08-22
"Reliant - Santa Cruz, LP",9287,SANTA CRUZ,"Rainbow - Santa Cruz, LLC",30690,2020-12-14,21-22,2026-08-22
"Reliant - River Park, LP",9288,NAPA,"Rainbow - River Park, LLC",30691,2020-06-24,21-22,2026-08-22
"Whitfield Manor II, LP",9289,LOS ANGELES,"WLCAC Whitfield Manor, LLC",30688,2021-10-13,20-21,2026-08-22
Posada de Colores LP,9290,ALAMEDA,Posada de Colores LLC,30692,2020-07-15,19-20,2026-08-22
"Irvine Inn Apartments, LP",9291,ORANGE,"FFAH V Irvine Inn, LLC",30614,2020-05-06,21-22,2026-08-22
"Evoy, L.P.",9292,ALAMEDA,"RCD GP III, LLC",26708,2020-06-23,20-21,2026-08-22
Brookside Senior 2018 Limited Partnership,9294,PLACER,Cascade Housing Association,2185,2020-09-09,19-20,2026-08-22
"Sterling - Berkeley University Avenue, L.P.",9295,ALAMEDA,"CVCAH University Avenue, LLC",30715,2020-05-06,20-21,2026-08-22
"Heritage Oaks WCC, LP",9296,YOLO,"AHA Heritage Oaks, LLC",30720,2020-06-23,21-22,2026-08-22
"Centralia Affordable Communities, L.P.",9297,LOS ANGELES,"Pacific Housing, Inc.",14273,2020-06-29,21-22,2026-08-22
"El Centro Affordable Communites, L.P.",9298,IMPERIAL,"Pacific Housing, Inc.",14273,2020-06-29,21-22,2026-08-22
"Paseo III Housing Associates, L.P.",9299,RIVERSIDE,Paseo III LLC,30722,2020-06-18,18-19,2026-08-22
El Portal Ventura LP,9300,VENTURA,El Portal Ventura LLC,30670,2020-07-08,21-22,2026-08-22
"Valley Oaks Apartments, L.P.",9301,MADERA,Valley Oaks LLC,30686,2020-06-29,21-22,2026-08-22
"Blue Mountain Terrace Associates, L.P.",9302,YOLO,"Community Resident Services, Inc.",20833,2021-06-17,19-20,2026-08-22
"Palm Court San Jose, LP",9303,SANTA CLARA,"Palm Court San Jose, LLC",30723,2020-09-18,20-21,2026-08-22
"SoLa Impact Fund II, LP",9305,LOS ANGELES,"Sola Foundation, The",30724,2024-06-27,24-25,2026-08-22
"Parkside Gardens Apartments, L.P.",9313,SANTA BARBARA,Surf Development Company,15513,2020-09-09,21-22,2026-08-22
"Marina Heights Apartments, LP",9314,CONTRA COSTA,"FFAH V Marina Heights, LLC",30717,2020-08-10,21-22,2026-08-22
"Cinnamon Ridge Apts, LP",9315,SAN BERNARDINO,"FFAH II Cinnamon Ridge, LLC",27760,2020-06-29,21-22,2026-08-22
11681 Foothill L.P.,9316,LOS ANGELES,11681 Foothill GP LLC,30744,2020-12-29,20-21,2026-08-22
"Donner Trail Housing Partners, L.P.",9317,YUBA,AOF Donner Trail LLC,30743,2020-10-09,21-22,2026-08-22
"Dutton Flats, LP",9322,SONOMA,"IH Dutton Flats Santa Rosa, LLC",30431,2020-06-02,20-21,2026-08-22
Breezewood 2019 LP,9323,RIVERSIDE,"AHA Inland II MGP, LLC",27346,2020-07-13,21-22,2026-08-22
Huntington Pointe 2019 LP,9324,ORANGE,"AHA Orange MGP, LLC",26245,2020-07-13,21-22,2026-08-22
"Tripp Avenue Housing Associates, LP",9325,SANTA CLARA,"CHW Parkside Terrace, LLC",30767,2020-10-19,20-21,2026-08-22
"Mission Terrace Housing Partners, L.P.",9326,SAN DIEGO,"Mission Terrace MGP, LLC",30768,2020-09-17,21-22,2026-08-22
"Summerfield Village Apartments, L.P.",9328,SACRAMENTO,Better Housing Foundation,19760,2020-07-27,20-21,2026-08-22
"833 Bryant, L.P.",9329,SAN FRANCISCO,"833 Bryant, LLC",30772,2020-09-23,21-22,2026-08-22
"Santa Rosa Quail Run, L.P.",9330,SONOMA,Santa Rosa Quail Run LLC,30773,2021-09-07,21-22,2026-08-22
Veterans Park Fund L.P.,9331,LOS ANGELES,NCRC Pomona Veterans LLC,30525,2020-09-10,20-21,2026-08-22
"Temecula Gardens II, L.P.",9332,RIVERSIDE,Las Palmas Foundation,14526,2020-09-22,21-22,2026-08-22
"No More Lemons, LP",9333,LOS ANGELES,"People Concern, The",9200,2020-07-13,20-21,2026-08-22
Valley Palms 2018 LP,9334,SANTA CLARA,"AHA San Jose II MGP, LLC",26146,2020-07-27,21-22,2026-08-22
Salinas Pointe 2019 LP,9335,MONTEREY,"AHA Santa Clara MGP, LLC",26246,2020-07-27,21-22,2026-08-22
"Oak Groves Senior Housing, L.P.",9336,ALAMEDA,"RHI Oak Groves GP, LLC",27828,2020-07-07,20-21,2026-08-22
"Old Elm Partners II, L.P.",9337,SONOMA,Old Elm Partners II LLC,30781,2020-10-05,21-22,2026-08-22
"Linda Vista Housing Associates, L.P.",9338,SAN DIEGO,CHW Linda Vista LLC,30436,2024-04-29,23-24,2026-08-22
"Simi Vintage Sycamore 650, L.P.",9339,VENTURA,99Sycamore LLC,30783,2020-09-29,21-22,2026-08-22
"1SF-R AFF, LP",9340,LOS ANGELES,"Hearthstone CA Properties II, LLC",27086,2020-08-12,21-22,2026-08-22
PBOne OSF-R L.P.,9341,LOS ANGELES,"Hearthstone CA Properties II, LLC",27086,2020-08-12,21-22,2026-08-22
Hermosa 2019 LP,9342,ORANGE,AOF Hermosa LLC,30782,2020-10-09,21-22,2026-08-22
Hallmark 2017 LP,9343,SAN MATEO,"AHA Santa Clara MGP, LLC",26246,2020-08-04,21-22,2026-08-22
Riverside Cedar Glen Partners II LP,9344,RIVERSIDE,Las Palmas Housing and Development Corporation,17925,2020-08-10,21-22,2026-08-22
"Mt. Alifan Apartments, LP",9345,SAN DIEGO,"Wakeland Mt. Alifan, LLC",30789,2020-09-02,20-21,2026-08-22
"Villages at Broadway, LP, The",9346,FRESNO,"Silvercrest, Inc.",11739,2020-08-10,21-22,2026-08-22
Santa Ana Housing LP,9347,ORANGE,Housing Corporation of America,6275,2020-08-11,21-22,2026-08-22
Coldstream Commons LP,9348,NEVADA,"PacH Coldstream Holdings, LLC",30791,2020-10-20,21-22,2026-08-22
"Miramonte PSH, L.P.",9349,LOS ANGELES,"Supportive Housing, LLC",26356,2020-12-28,20-21,2026-08-22
Wakeland Trinity Place LP,9350,SAN DIEGO,Wakeland Opportunities for Affordable Housing,27155,2021-05-07,21-22,2026-08-22
Glen Haven 2018 LP,9351,ALAMEDA,"AHA East Bay MGP, LLC",25840,2020-08-05,21-22,2026-08-22
"Burlingame Pacific Associates, A California Limited Partnership",9352,SAN MATEO,Riverside Charitable Corporation,10533,2020-08-11,21-22,2026-08-22
"Carmichael 683, L.P.",9354,SACRAMENTO,Riverside Charitable Corporation,10533,2020-08-11,21-22,2026-08-22
"Fowler Walnut Grove Villa, L.P.",9355,FRESNO,Central Valley Coalition for Affordable Housing,2419,2020-08-21,21-22,2026-08-22
"San Jose Virginia Associates, A California Limited Partnership",9356,SANTA CLARA,Central Valley Coalition for Affordable Housing,2419,2020-08-21,21-22,2026-08-22
"Quincy Mountain View, LP",9357,PLUMAS,Central Valley Coalition for Affordable Housing,2419,2020-10-15,21-22,2026-08-22
"Nupchi Xo'oy, L.P.",9359,TULARE,Nupchi Xo'oy LLC,30811,2021-06-17,20-21,2026-08-22
Manchester Housing Partners LP,9360,ORANGE,"JHC-Manchester, LLC",30812,2020-08-21,21-22,2026-08-22
"La Palma Housing Partners, LP",9361,ORANGE,JHC-La Palma LLC,30813,2020-12-29,20-21,2026-08-22
"Willow Terrace Associates, LP",9362,MENDOCINO,Willow Terrace LLC,30810,2021-04-21,19-20,2026-08-22
"Gilroy Glen Loma Pacific Associates, A California Limited Partnership",9363,SANTA CLARA,Central Valley Coalition for Affordable Housing,2419,2020-10-16,21-22,2026-08-22
"DWF V Wilshire Vermont, LP",9364,LOS ANGELES,"Hearthstone/KC JV, LLC",23610,2020-12-28,21-22,2026-08-22
"National City Pacific Associates, A California Limited Partnership",9365,SAN DIEGO,Riverside Charitable Corporation,10533,2020-09-17,21-22,2026-08-22
"Pacific Landing Santa Monica, L.P.",9366,LOS ANGELES,"Pacific Landing Santa Monica, LLC",30630,2021-02-12,21-22,2026-08-22
"Stonegate Village II, L.P.",9367,STANISLAUS,Stonegate Village II LLC,30499,2021-05-25,20-21,2026-08-22
"Sunnydale Block 6 Housing, L.P.",9368,SAN FRANCISCO,Sunnydale Block 6 LLC,30822,2021-08-12,20-21,2026-08-22
"San Leandro Parrott, L.P.",9369,ALAMEDA,San Leandro Parrott LLC,30823,2021-04-23,20-21,2026-08-22
"Village Pointe Community Partners, LP",9370,LOS ANGELES,"AHA High Desert MGP, LLC",30833,2020-09-25,21-22,2026-08-22
"Arcata 7th Street, LP",9371,HUMBOLDT,Community Revitalization and Development Corporation,11591,2020-10-06,21-22,2026-08-22
"Beacon Villa, LP",9372,CONTRA COSTA,"FFAH V Beacon Villa, LLC",30796,2020-10-06,21-22,2026-08-22
"HDP Mariner's Village, LP",9374,SAN DIEGO,"HDP Mariner's Village Management, LLC",30790,2020-12-17,21-22,2026-08-22
"Creekside Village Senior Apartments, LP",9375,SACRAMENTO,IH Peak Capital Partnership LLC,30838,2020-10-01,21-22,2026-08-22
Rx Aster Apartments LP,9376,LOS ANGELES,"Housing on Merit XII, LLC",30839,2021-01-13,21-22,2026-08-22
Aldea Park Housing LP,9377,KERN,PSCDC Aldea Park LLC,30840,2020-10-07,21-22,2026-08-22
"Cordova Trolley, LP",9378,SAN DIEGO,"Cordova Trolley Management, LLC",30392,2021-05-11,20-21,2026-08-22
"Washington View, LP",9379,LOS ANGELES,Las Palmas Housing and Development Corporation,17925,2020-09-30,20-21,2026-08-22
"Maudelle Shirek, L.P.",9380,ALAMEDA,"RCD GP III, LLC",26708,2020-10-01,20-21,2026-08-22
"Ukiah Pacific Associates, A California Limited Partnership",9381,MENDOCINO,Central Valley Coalition for Affordable Housing,2419,2020-10-02,21-22,2026-08-22
"Willow Family Associates, A California Limited Partnership",9382,GLENN,Central Valley Coalition for Affordable Housing,2419,2020-10-06,21-22,2026-08-22
Denair Manor 2019 Limited Partnership,9383,STANISLAUS,"AOF Cameron Villa, LLC",27994,2021-02-02,21-22,2026-08-22
"Las Haciendas Housing Associates, L.P.",9385,RIVERSIDE,CHW Las Haciendas LLC,30849,2024-04-10,22-23,2026-08-22
"RAD Pilot, LP",9388,SACRAMENTO,"RAD Pilot, LLC",30479,2021-06-18,21-22,2026-08-22
Bay Family Estates LP,9389,RIVERSIDE,"Hearthstone CA Properties II, LLC",27086,2021-06-16,21-22,2026-08-22
"DP Fremont Monroe, LP",9390,ALAMEDA,Housing Corporation of America,6275,2021-07-22,21-22,2026-08-22
"Twin Rivers Phase 2, L.P.",9391,SACRAMENTO,"Mirasol Village, LLC",30643,2020-09-18,21-22,2026-08-22
"1112 S. I St., L.P.",9396,FRESNO,Corporation for Better Housing,3474,2020-12-09,20-21,2026-08-22
"FD Haynes Apartments, L.P.",9398,SAN FRANCISCO,FD Haynes Apartments GP LLC,30864,2020-10-27,21-22,2026-08-22
"Mercy Housing California 87, L.P.",9400,YOLO,"1721 West Capitol, LLC",30799,2021-02-24,20-21,2026-08-22
"Castle Argyle, L.P.",9401,LOS ANGELES,Castle Argyle LLC,30872,2020-10-27,21-22,2026-08-22
"Vista Valle Townhomes, LP",9402,LOS ANGELES,"FFAH V Vista Valle Townhomes, LLC",30834,2020-12-28,21-22,2026-08-22
"RISE Housing, LP",9403,LOS ANGELES,Single Room Occupancy Housing Corporation,11749,2021-06-15,20-21,2026-08-22
Meadow View Place LP,9405,PLACER,"PacH Lancaster Holdings, LLC",23523,2020-10-22,21-22,2026-08-22
Constitution and Eagle LP,9406,ALAMEDA,Rosefield LLC,30884,2021-06-11,21-22,2026-08-22
"Cal World Village Lakeside, LP",9407,KERN,Housing on Merit XIV LLC,30893,2021-01-19,21-22,2026-08-22
"CP Senior Apartments, L.P.",9408,RIVERSIDE,CP Senior GP LLC,30897,2020-12-18,21-22,2026-08-22
"1064 Mission, L.P.",9409,SAN FRANCISCO,1064 Mission LLC,30814,2022-05-19,21-22,2026-08-22
"Concord RHF Partners, LP",9410,LOS ANGELES,"Concord MGP, LLC",30914,2022-03-11,21-22,2026-08-22
"Elden Elms, LP",9411,LOS ANGELES,Elden Elms LLC,30928,2020-10-20,19-20,2026-08-22
"Folsom Pacific Associates, A California Limited Partnership",9412,SACRAMENTO,"PacH Lancaster Holdings, LLC",23523,2021-02-06,21-22,2026-08-22
"8811 Sepulveda, L.P.",9413,LOS ANGELES,"FFAH V Sepulveda Apartments, LLC",30874,2021-02-06,21-22,2026-08-22
"Sierra Madre Cottages, L.P.",9415,SANTA BARBARA,Sierra Madre Cottages LLC,30933,2021-08-12,20-21,2026-08-22
"Doragon @ Chinatown, LP",9416,FRESNO,"Silvercrest, Inc.",11739,2021-02-06,21-22,2026-08-22
"Altamira, L.P.",9417,SONOMA,Altamira LLC,30944,2021-02-22,20-21,2026-08-22
LINC-PCH LP,9418,LOS ANGELES,LINC-PCH LLC,30945,2021-02-06,21-22,2026-08-22
HIFI Collective LP,9419,LOS ANGELES,HIFI Collective LLC,30946,2022-03-09,21-22,2026-08-22
LINC-Central LP,9420,LOS ANGELES,LINC-Central LLC,30947,2021-02-06,21-22,2026-08-22
"Mercy Housing California 99, L.P.",9421,PLACER,Mercy Housing California 99 LLC,30766,2022-07-28,21-22,2026-08-22
"Sacramento 695, L.P.",9422,SACRAMENTO,Riverside Charitable Corporation,10533,2021-02-13,21-22,2026-08-22
Colorado East L.P.,9423,LOS ANGELES,"RCC MGP, LLC",25160,2021-02-06,21-22,2026-08-22
"El Monte Metro Veteran Housing, LP",9424,LOS ANGELES,"El Monte Metro Veteran Housing, LLC",30966,2021-02-26,21-22,2026-08-22
"Vista Park I, L.P.",9425,SANTA CLARA,"Vista Park I, LLC",30967,2021-02-22,20-21,2026-08-22
"Hayward Mission Meta, L.P.",9426,ALAMEDA,"FFAH V Hayward Mission, LLC",30858,2021-02-09,21-22,2026-08-22
"Colusa Devonshire, LP",9427,COLUSA,"Devonshire-BBP, LLC",30979,2021-09-30,21-22,2026-08-22
"Manzanita, L.P.",9428,NAPA,"Satellite AHA Development, Inc.",16,2021-08-25,21-22,2026-08-22
Westview Village III LP,9429,VENTURA,Westview Village III LLC,30981,2023-08-18,21-22,2026-08-22
"Carlsbad Veteran Housing, L.P.",9430,SAN DIEGO,Las Palmas Foundation,14526,2021-02-13,21-22,2026-08-22
"Carlsbad Veteran Housing, L.P.",9431,SAN DIEGO,Las Palmas Foundation,14526,2021-02-13,21-22,2026-08-22
Five Points Housing LP,9432,ORANGE,"AHA Orange II MGP, LLC",30399,2021-02-19,21-22,2026-08-22
"South Santa Fe Housing Associates, L.P.",9433,SAN DIEGO,"Paseo Artist Village, LLC",30341,2020-12-01,21-22,2026-08-22
"Guadalupe Court, LP",9434,SANTA BARBARA,People's Self-Help Housing Corporation,9772,2021-06-03,20-21,2026-08-22
Yorba Linda Altrudy LP,9435,ORANGE,"OHDC Altrudy, LLC",30333,2021-02-24,21-22,2026-08-22
VH Runnymede LP,9436,LOS ANGELES,"Community Resident Services, Inc.",20833,2021-09-17,21-22,2026-08-22
"VH Cortez, LP",9437,LOS ANGELES,"Community Resident Services, Inc.",20833,2021-09-17,21-22,2026-08-22
"Courtyards at Cottonwood, L.P.",9439,RIVERSIDE,"KDI Cottonwood, LLC",30985,2021-06-14,21-22,2026-08-22
"Jordan, L.P.",9440,ALAMEDA,Jordan GP LLC,30988,2022-01-19,22-23,2026-08-22
"Seaside Housing, L.P.",9441,MONTEREY,"Del Monte Manor, LLC",30998,2021-09-22,20-21,2026-08-22
"Oak Village Preservation, L.P.",9442,ALAMEDA,COR Community Development Corporation,23379,2021-01-12,21-22,2026-08-22
"Cordova Trolley, LP",9443,SAN DIEGO,"Cordova Trolley Management, LLC",30392,2021-05-27,20-21,2026-08-22
East Hills Associates LP,9444,KERN,GEAHI East Hills LLC,31004,2021-06-17,21-22,2026-08-22
"950 El Camino Real, L.P.",9445,SANTA CLARA,950 ECR LLC,31005,2021-11-03,21-22,2026-08-22
"Summer Park Fresno, L.P.",9446,FRESNO,"Summer Park EAH, LLC",31006,2021-02-13,19-20,2026-08-22
"Avenal Pacific Associates II, A California Limited Partnership",9447,KINGS,Kaweah Management Company,6907,2021-04-01,19-20,2026-08-22
SJC Groves LP,9448,ORANGE,"RCC MGP, LLC",25160,2021-05-12,21-22,2026-08-22
"Kernwood Terrace Community Partners, LP",9449,LOS ANGELES,"FFAH II Kernwood Terrace, LLC",30980,2021-06-17,21-22,2026-08-22
"Scripps AU Owner, L.P.",9450,SAN DIEGO,AOFP LA MGP LLC,30860,2024-07-09,24-25,2026-08-22
"IDG Grass Valley, LP",9451,NEVADA,"Grass Valley Terrace-BBP, LLC",31007,2021-08-09,21-22,2026-08-22
"Cielito Lindo Apartments - Phase II, L.P.",9452,LOS ANGELES,Cielito Lindo Apartments - Phase II LLC,31008,2021-02-12,19-20,2026-08-22
"Lavender Housing Associates, L.P.",9453,SACRAMENTO,Lavender Mutual Housing LLC,30759,2021-08-12,21-22,2026-08-22
"Mutual Housing 5th Street, L.P.",9454,YOLO,Fifth Street Mutual Housing LLC,30758,2021-08-12,21-22,2026-08-22
"Miramar Gold, L.P.",9455,LOS ANGELES,Miramar Gold LLC,31013,2023-01-26,23-24,2026-08-22
"Light Tree Two, L.P.",9456,SAN MATEO,"Light Tree Two, LLC",31014,2022-01-28,21-22,2026-08-22
"Light Tree Three, L.P.",9457,SAN MATEO,Light Tree Three LLC,31016,2022-01-28,21-22,2026-08-22
"Tulare Pacific Associates II, L.P.",9459,TULARE,Kaweah Management Company,6907,2021-02-27,19-20,2026-08-22
"220 W Broadway Development Partners, L.P.",9460,SAN DIEGO,"AHA SDCC MGP, LLC",31038,2021-09-16,21-22,2026-08-22
"2575 Railroad Ave., L.P.",9461,CONTRA COSTA,Corporation for Better Housing,3474,2021-07-16,21-22,2026-08-22
"Veterans Square, L.P.",9463,CONTRA COSTA,Veterans Square LLC,31039,2021-08-27,21-22,2026-08-22
"500 Kawana Springs Rd., L.P.",9464,SONOMA,Corporation for Better Housing,3474,2021-06-18,21-22,2026-08-22
Fairfield Park Crest LP,9465,SAN DIEGO,"RCC MGP, LLC",25160,2021-07-28,21-22,2026-08-22
"Panorama City 684, L.P.",9466,LOS ANGELES,Riverside Charitable Corporation,10533,2021-02-27,21-22,2026-08-22
Mountain View 77 LP,9468,VENTURA,Mountain View 77 LLC,31041,2021-08-09,21-22,2026-08-22
"Whittier PSH Phase II, L.P.",9469,LOS ANGELES,Whittier PSH Phase II LLC,31042,2022-05-02,20-21,2026-08-22
"Livingston Harvest Garden, LP",9470,MERCED,Central Valley Coalition for Affordable Housing,2419,2021-02-27,21-22,2026-08-22
"Sonoma County Pacific Associates, LP",9471,SONOMA,Central Valley Coalition for Affordable Housing,2419,2021-02-27,21-22,2026-08-22
"El Centro Pacific Associates, LP",9472,IMPERIAL,Central Valley Coalition for Affordable Housing,2419,2021-02-27,21-22,2026-08-22
"Alder Pacific Associates II, LP",9473,NEVADA,Central Valley Coalition for Affordable Housing,2419,2021-02-27,21-22,2026-08-22
"Brawley Pacific Associates III, LP",9474,IMPERIAL,Central Valley Coalition for Affordable Housing,2419,2021-02-27,21-22,2026-08-22
"720 Rose, L.P.",9475,LOS ANGELES,720 Rose LLC,30950,2021-08-12,21-22,2026-08-22
"Willow Glen Partners, L.P.",9476,SONOMA,Willow Glen LLC,31043,2022-11-07,21-22,2026-08-22
"Oakley Senior Housing, LP",9477,CONTRA COSTA,"WCH Affordable LI, LLC",31044,2022-05-26,21-22,2026-08-22
Redlands Valencia Grove I Associates LP,9478,SAN BERNARDINO,HPI Valencia Grove LLC,31045,2022-07-29,18-19,2026-08-22
"Golden Apartments San Bernardino, LP",9479,SAN BERNARDINO,"Golden Apartments HPI, LLC",31046,2022-05-26,19-20,2026-08-22
"Maceo May Apts, L.P.",9480,SAN FRANCISCO,CCDC-Maceo May Apt LLC,31048,2023-08-16,21-22,2026-08-22
"1480 Skelton St., L.P.",9481,FRESNO,Corporation for Better Housing,3474,2021-03-17,21-22,2026-08-22
"Turk 500 Associates, L.P.",9482,SAN FRANCISCO,Turk 500 GP LLC,30965,2021-02-11,21-22,2026-08-22
"West Cox Cottages, LP",9483,SANTA BARBARA,"WCC MGP, LLC",31051,2021-08-31,21-22,2026-08-22
82nd St Development PSH 2 LP,9484,LOS ANGELES,"People Concern, The",9200,2021-04-02,21-22,2026-08-22
"Owensmouth 6940, L.P.",9485,LOS ANGELES,"WCH Affordable XLVI, LLC",31061,2021-05-20,21-22,2026-08-22
"Juniper Grove Apartments, L.P.",9486,LOS ANGELES,"WCH Affordable XLV, LLC",31062,2021-05-20,21-22,2026-08-22
"Penn Valley Pacific Associates, A California Limited Partnership",9487,NEVADA,"Lone Oak I-BBP, LLC",31063,2022-01-31,21-22,2026-08-22
"Orange Tree Village Affordable Housing Partners, L.P.",9488,LOS ANGELES,"WCH Affordable XXXII, LLC",31064,2021-05-20,21-22,2026-08-22
Florence Towne LP,9489,LOS ANGELES,"Nest On Florence LLC, The",31065,2022-11-03,21-22,2026-08-22
"1st & Rowan Apartments, L.P.",9490,LOS ANGELES,1st & Rowan Apartments LLC,31066,2022-05-02,19-20,2026-08-22
"Rosa de Castilla, L.P.",9491,LOS ANGELES,Rosa de Castilla LLC,31067,2022-08-04,20-21,2026-08-22
VA Building 207 LP,9492,LOS ANGELES,Housing Corporation of America,6275,2021-09-17,21-22,2026-08-22
Reseda Theater Senior Housing L.P.,9493,LOS ANGELES,Housing Corporation of America,6275,2021-04-07,21-22,2026-08-22
"Avena Bella II, L.P.",9494,STANISLAUS,"Avena Bella II EAH, LLC",31050,2021-07-07,20-21,2026-08-22
Oakland Venture LP,9495,ALAMEDA,"Oakland Venture MGP, LLC",31068,2021-04-09,21-22,2026-08-22
Oakland Venture LP,9496,ALAMEDA,"Oakland Venture MGP, LLC",31068,2021-04-09,21-22,2026-08-22
Oakland Venture LP,9497,ALAMEDA,"Oakland Venture MGP, LLC",31068,2021-04-28,21-22,2026-08-22
"Sugar Pine, L.P.",9498,MADERA,Sugar Pine LLC,31069,2021-04-16,21-22,2026-08-22
"PC Beachview, LP",9499,ORANGE,"AHA Orange III MGP, LLC",31070,2021-04-16,21-22,2026-08-22
Standard Villa Raymond Venture Lp,9500,LOS ANGELES,Housing on Merit XIII LLC,31103,2021-07-16,21-22,2026-08-22
"Yuba City PSH Pacific Associates, A California Limited Partnership",9501,SUTTER,"New Haven-SCAH, LLC",31104,2022-02-16,21-22,2026-08-22
"Bernal Gateway 2, LP",9502,SAN FRANCISCO,"RPBG, LLC",27721,2021-10-04,20-21,2026-08-22
Amani Apartments LP,9503,LOS ANGELES,Wakeland Amani LLC,31105,2022-03-10,20-21,2026-08-22
Mission Heritage LP,9505,RIVERSIDE,Wakland Mission Heritage LLC,31113,2021-07-22,20-21,2026-08-22
"Pointe on Vermont, L.P.",9506,LOS ANGELES,"Pointe on Vermont EAH, LLC",31114,2021-07-20,20-21,2026-08-22
"Magnolia Villas, L.P.",9507,LOS ANGELES,"Magnolia Villas EAH, LLC",31017,2021-04-16,21-22,2026-08-22
"Frank G Mar, L.P.",9508,ALAMEDA,Frank G Mar LLC,30721,2021-03-12,21-22,2026-08-22
"Mercy Housing California 87, L.P.",9509,YOLO,"1721 West Capitol, LLC",30799,2021-03-02,21-22,2026-08-22
"AMCAL Antioch Fund, LP",9510,CONTRA COSTA,"Kingdom Antioch, LLC",31137,2021-07-20,21-22,2026-08-22
"Hollywood Arts Collective, LP",9511,LOS ANGELES,Actors Fund Housing Development Corporation,31138,2022-04-20,22-23,2026-08-22
"One Lake Meta, LP",9512,SOLANO,"FFAH V One Lake, LLC",31003,2021-05-20,21-22,2026-08-22
"FCTC Senior, LP",9513,FRESNO,Community Revitalization and Development Corporation,11591,2021-05-21,21-22,2026-08-22
Block 7 Downtown Investors L.P.,9514,SHASTA,Community Revitalization and Development Corporation,11591,2021-07-20,21-22,2026-08-22
"Hayward Senior Apartments, LP",9515,ALAMEDA,"Hearthstone CA Properties II, LLC",27086,2022-03-07,22-23,2026-08-22
Beach Avenue Housing LP,9516,LOS ANGELES,Housing Corporation of America,6275,2021-07-27,21-22,2026-08-22
"Sunny Garden Apartments 2, LP",9517,LOS ANGELES,Community Revitalization and Development Corporation,11591,2021-11-05,21-22,2026-08-22
"Otay Affordable I V8, L.P.",9518,SAN DIEGO,"FFAH V Otay Ranch I, LLC",31071,2023-05-05,22-23,2026-08-22
Town Center Studios LP,9519,SAN JOAQUIN,Central Valley Low Income Housing Corporation,17884,2022-01-31,21-22,2026-08-22
Fort Bragg South Street L.P.,9520,MENDOCINO,Community Revitalization and Development Corporation,11591,2021-08-25,21-22,2026-08-22
"Parque Vista, L.P.",9521,LOS ANGELES,New Economics for Women,8812,2021-08-10,21-22,2026-08-22
"Hope on Broadway, Lp",9522,LOS ANGELES,Riverside Charitable Corporation,10533,2021-08-10,22-23,2026-08-22
Pacific Rim Apartments L.P.,9523,SACRAMENTO,Community Revitalization and Development Corporation,11591,2021-08-10,21-22,2026-08-22
"Mercy Housing California 90, L.P.",9524,SACRAMENTO,1121 9th Street LLC,31130,2021-07-20,21-22,2026-08-22
Mesa Family Estates L.P.,9525,SAN DIEGO,"RCC MGP, LLC",25160,2021-11-04,22-23,2026-08-22
"Orange Cove Amaya Associates, A California limited Partnership",9526,FRESNO,Deep Green Housing and Community Development,1285,2021-10-05,20-21,2026-08-22
Centennial Place Limited Partnership,9527,LOS ANGELES,"Centennial Place GP, LLC",30668,2021-10-12,20-21,2026-08-22
"2905 Santa Rosa Ave., L.P.",9528,SONOMA,Corporation for Better Housing,3474,2021-07-16,22-23,2026-08-22
"Countryside II CIC, LP",9529,IMPERIAL,Southern California Housing Collaborative,21783,2021-08-25,21-22,2026-08-22
"Village at Victorville, L.P., The",9531,SAN BERNARDINO,Trillium Housing Services,26054,2022-03-17,21-22,2026-08-22
"Cherry Tree Village Partners, L.P.",9532,STANISLAUS,Affordable Housing USA,27315,2021-08-27,21-22,2026-08-22
"Pueblo del Sol I Housing Partners, L.P.",9533,LOS ANGELES,LOMOD PDS LLC,30785,2021-10-04,21-22,2026-08-22
San Jacinto Vista Apartments No. Two,9534,RIVERSIDE,CHOC San Jacinto LLC,31148,2022-01-28,21-22,2026-08-22
"Grass Valley PSH Associates, A California Limited Partnership",9536,NEVADA,"Brunswick-BBP, LLC",31150,2022-01-31,21-22,2026-08-22
"LINC Library Apts, LP",9537,LOS ANGELES,"LINC Library GP, LLC",31151,2022-03-10,21-22,2026-08-22
LINC-Wilmington Apts LP,9538,LOS ANGELES,LINC-Wilmington Apts LLC,31152,2022-11-18,21-22,2026-08-22
Santa Rosa Boyd L.P.,9539,SONOMA,Community Revitalization and Development Corporation,11591,2021-08-10,21-22,2026-08-22
Santa Rosa College Ave LP,9540,SONOMA,Community Revitalization and Development Corporation,11591,2021-11-10,21-22,2026-08-22
"Merced CA Apartments, L.P.",9541,MERCED,Merced Child & B Street LLC,31153,2021-12-07,21-22,2026-08-22
Navy Blue Apartments Limited Partnership,9542,LOS ANGELES,Venice Community Housing Corporation,13384,2022-02-14,21-22,2026-08-22
"Hope on Hyde Park, LP",9543,LOS ANGELES,Riverside Charitable Corporation,10533,2021-08-03,22-23,2026-08-22
"Sycamore Village Partners, L.P.",9544,LOS ANGELES,Affordable Housing USA,27315,2021-08-12,21-22,2026-08-22
"Prototypes Pomona Apartments, L.P.",9546,LOS ANGELES,HealthRIGHT 360,23120,2022-06-14,17-18,2026-08-22
"Avanath Grove, LP",9547,ORANGE,COR Community Development Corporation,23379,2021-08-10,21-22,2026-08-22
"AMCAL Las Terrazas Fund, L.P.",9548,SAN BERNARDINO,"Brandon Affordable Housing, LLC",19414,2021-06-03,21-22,2026-08-22
OAHS Shiloh Apartments LP,9549,SACRAMENTO,"Pacific Housing, Inc.",14273,2021-06-01,22-23,2026-08-22
Mooney Sequoia LP,9551,TULARE,Housing on Merit XVII LLC,31158,2023-06-19,22-23,2026-08-22
Truckee Senior 2019 Limited Partnership,9552,PLACER,Cascade Housing Association,2185,2022-10-20,22-23,2026-08-22
"Avanath Vintage Tower, LP",9553,SANTA CLARA,COR Community Development Corporation,23379,2021-12-28,21-22,2026-08-22
2407 Park West LP,9554,FRESNO,Spectrum Alamos GP LLC,31178,2022-05-04,22-23,2026-08-22
5631 Cedar Tree LP,9555,FRESNO,CARE Housing Services Corporation,2069,2021-10-28,21-22,2026-08-22
5631 Cedar Tree LP,9556,FRESNO,CARE Housing Services Corporation,2069,2021-10-28,21-22,2026-08-22
"River Gardens Nevada, L.P.",9557,SAN BERNARDINO,"New Life Economic Development, Inc.",8845,2021-10-29,21-22,2026-08-22
"252 Rampart Apartments, L.P.",9558,LOS ANGELES,West Hollywood Community Housing Corporation,13779,2021-10-01,18-19,2026-08-22
"Burlington Arms, L.P.",9559,LOS ANGELES,"Haven for Affordable Housing-Encino, LLC",23935,2021-09-28,21-22,2026-08-22
"Grandview Terrace, L.P.",9560,LOS ANGELES,"Haven for Affordable Housing-Encino, LLC",23935,2021-09-22,21-22,2026-08-22
"Berendo Sage, L.P.",9562,LOS ANGELES,Berendo Sage LLC,31182,2021-10-05,21-22,2026-08-22
Third Thyme L.P.,9563,LOS ANGELES,Third Thyme LLC,31183,2023-04-21,23-24,2026-08-22
"Vision 17, L.P.",9564,SAN JOAQUIN,"Vision 17 GP, LLC",31184,2022-10-12,21-22,2026-08-22
"Mission Bay 9, L.P.",9565,SAN FRANCISCO,"Mission Bay 9 CHP, LLC",31185,2023-04-27,21-22,2026-08-22
"Pavilion Affordable Housing, L.P.",9566,LOS ANGELES,"Kingdom Pavilion, LLC",31186,2022-01-14,21-22,2026-08-22
"Isla de Los Angeles, L.P.",9567,LOS ANGELES,Isla LA LLC,27639,2022-06-16,21-22,2026-08-22
"Fairbanks Terrace II CIC, L.P.",9568,SAN DIEGO,Pacific Southwest Community Development Corporation,9498,2021-09-28,21-22,2026-08-22
"Poway Commons Affordable CIC, LP",9569,SAN DIEGO,Pacific Southwest Community Development Corporation,9498,2022-01-28,21-22,2026-08-22
"RAD Pilot, LP",9579,SACRAMENTO,"RAD Pilot, LLC",30479,2021-06-18,21-22,2026-08-22
"RAD Pilot, LP",9580,SACRAMENTO,"RAD Pilot, LLC",30479,2021-06-18,21-22,2026-08-22
"RAD Pilot, LP",9581,SACRAMENTO,"RAD Pilot, LLC",30479,2021-06-18,21-22,2026-08-22
"RAD Pilot, LP",9582,SACRAMENTO,"RAD Pilot, LLC",30479,2021-06-18,21-22,2026-08-22
"RAD Pilot, LP",9583,SACRAMENTO,"RAD Pilot, LLC",30479,2021-06-18,21-22,2026-08-22
"El Dorado II, L.P.",9584,SAN DIEGO,"OHDC El Dorado, LLC",21491,2021-06-17,21-22,2026-08-22
"Las Flores Apartments, L.P.",9585,LOS ANGELES,Las Flores Apartments Santa Monica LLC,31200,2022-03-10,21-22,2026-08-22
"Portola Senior Housing Associates, L.P.",9586,ORANGE,Lake Forest Housing Opportunities LLC,31201,2024-05-23,23-24,2026-08-22
"Fairmount Senior Housing CIC, LP",9587,SAN DIEGO,"Fairmount SHC Housing, LLC",31202,2021-10-19,21-22,2026-08-22
"Fairmount Family Housing CIC, LP",9588,SAN DIEGO,"Fairmount and El Cajon Realty, LLC",27996,2021-08-17,21-22,2026-08-22
Commonwealth Housing Partners LP,9589,ORANGE,"JHC-Commonwealth, LLC",30862,2021-07-29,21-22,2026-08-22
San Ysidro Housing Partners LP,9590,SAN DIEGO,JHC-San Ysidro LLC,31206,2021-10-19,21-22,2026-08-22
Royals 4 Preservation Limited Partnership,9591,LOS ANGELES,JHC-Royals II LLC,30830,2022-01-31,21-22,2026-08-22
Royals 4 Preservation Limited Partnership,9592,LOS ANGELES,JHC-Royals II LLC,30830,2022-01-31,21-22,2026-08-22
Royals 4 Preservation Limited Partnership,9593,LOS ANGELES,JHC-Royals II LLC,30830,2022-05-04,21-22,2026-08-22
Royals 4 Preservation Limited Partnership,9594,LOS ANGELES,JHC-Royals II LLC,30830,2022-01-31,21-22,2026-08-22
"Oak Leaf Meadows, L.P.",9595,STANISLAUS,VHB Oak Leaf LLC,31208,2022-11-22,20-21,2026-08-22
"Alameda Point Family, L.P.",9596,ALAMEDA,Alameda Point Family LLC,31209,2021-10-14,21-22,2026-08-22
"Twin Rivers Phase 1, L.P.",9597,SACRAMENTO,Mirasol Village Block A LLC,31210,2022-02-28,21-22,2026-08-22
"681 Florida Housing Associates, L.P.",9598,SAN FRANCISCO,681 Florida TNDC LLC,31216,2021-10-19,21-22,2026-08-22
Kennett Investors II LP,9599,SHASTA,Community Revitalization and Development Corporation,11591,2021-09-22,22-23,2026-08-22
"MP Shorebreeze Associates, L.P.",9600,SANTA CLARA,MP Shorebreeze Expansion LLC,31232,2021-09-01,20-21,2026-08-22
Olive Ranch Apartments I LP,9601,BUTTE,Community Revitalization and Development Corporation,11591,2021-08-13,22-23,2026-08-22
"Hope on Avalon, LP",9602,LOS ANGELES,"FFAH V Hope on Avalon, LLC",31072,2021-10-28,21-22,2026-08-22
"Alpine Family Apartments, LP",9603,SAN DIEGO,"PacH Lancaster Holdings, LLC",23523,2021-11-03,21-22,2026-08-22
"4305 Centinela Partners, A California Limited Partnership",9604,LOS ANGELES,"CARE Housing Services GP, LLC",24212,2021-08-12,21-22,2026-08-22
"4305 Centinela Partners, A California Limited Partnership",9605,LOS ANGELES,"CARE Housing Services GP, LLC",24212,2021-08-12,21-22,2026-08-22
"14414-24 Plummer Street Partners, L.P.",9606,LOS ANGELES,"CARE Housing Services GP, LLC",24212,2021-08-13,21-22,2026-08-22
"14414-24 Plummer Street Partners, L.P.",9607,LOS ANGELES,"CARE Housing Services GP, LLC",24212,2021-08-13,21-22,2026-08-22
Chesterfield Apartments LP,9608,LOS ANGELES,Wakeland Chesterfield LLC,31106,2021-12-30,20-21,2026-08-22
FC Orange Associates LP,9609,ORANGE,"FFAH V The Knolls, LLC",31124,2021-08-11,22-23,2026-08-22
BH Preservation Associates LP,9610,LOS ANGELES,"FFAH V Baldwin Hills, LLC",31229,2021-07-29,22-23,2026-08-22
"LINC-CORE Fairview Metro, LP",9611,LOS ANGELES,LINC-Fairview LLC,31073,2022-03-30,20-21,2026-08-22
LINC-Avocado Heights LP,9612,LOS ANGELES,LINC-Avocado Heights LLC,31233,2022-03-11,21-22,2026-08-22
"Villages at Barstow, LP, The",9613,FRESNO,"Silvercrest, Inc.",11739,2021-12-07,21-22,2026-08-22
"Merced 204 Owner, LP",9615,MERCED,Central Valley Coalition for Affordable Housing,2419,2021-12-21,22-23,2026-08-22
"1st and Kern Affordable Apartments, LP",9616,SANTA CLARA,"PacH Affordable Holdings, LLC",26067,2021-10-14,22-23,2026-08-22
"Nipomo 40, LP",9617,SAN LUIS OBISPO,San Luis Obispo Nonprofit Housing Corporation,11181,2022-01-31,21-22,2026-08-22
"Guadalupe Housing Partners, LP",9618,SAN DIEGO,"Guadalupe Plaza Housing, LLC",31249,2021-10-07,22-23,2026-08-22
"St. John's Plaza Housing Partners, LP",9619,SAN DIEGO,"St. John's Plaza Housing, LLC",31250,2021-10-07,22-23,2026-08-22
Wilton ECR L.P.,9620,SANTA CLARA,Wilton Court LLC,31251,2022-04-14,21-22,2026-08-22
"Metro Villas Phase 2 Los Angeles, L.P.",9621,LOS ANGELES,"PV Metro Villas Phase 2 GP, LLC",31283,2022-01-28,20-21,2026-08-22
Montclair LA LP,9622,LOS ANGELES,"Montclair GP, LLC",30372,2022-10-27,19-20,2026-08-22
"Douglas Park Community Partners, LP",9623,LOS ANGELES,"FFAH V Douglas Park, LLC",31230,2021-08-12,22-23,2026-08-22
Redwood Gardens Renewal LP,9624,ALAMEDA,Redwood Gardens Manager LLC,31284,2022-11-16,22-23,2026-08-22
"West Mission Housing Partners, LP",9625,LOS ANGELES,"JHC-West Mission, LLC",31285,2021-09-16,22-23,2026-08-22
"North Harbor Housing Partners, LP",9626,ORANGE,"JHC-North Harbor, LLC",31286,2021-08-31,21-22,2026-08-22
"ABS Coronel, LP",9627,LOS ANGELES,Affordable Housing USA,27315,2021-09-23,22-23,2026-08-22
"Walnut Street, LP",9628,SAN MATEO,"Walnut Street Charities, LLC",31294,2022-03-23,21-22,2026-08-22
"LINC-CORE San Pedro Lofts, LP",9629,LOS ANGELES,"NCRC San Pedro MGP, LLC",31295,2021-10-04,21-22,2026-08-22
"Grand and Linden Family Apartments, LP",9630,SAN MATEO,"PacH Affordable Holdings, LLC",26067,2021-09-23,22-23,2026-08-22
"Grand and Linden Family Apartments, LP",9631,SAN MATEO,"PacH Affordable Holdings, LLC",26067,2021-09-23,22-23,2026-08-22
"SAHA Arya, L.P.",9632,SANTA CLARA,SAHA Arya LLC,31301,2022-01-31,22-23,2026-08-22
"Pacifica Villages, LP",9633,SAN MATEO,Housing on Merit XVIII LLC,31287,2021-10-04,22-23,2026-08-22
Lexington ECJ Housing LP,9637,SAN DIEGO,Housing Corporation of America,6275,2022-01-31,21-22,2026-08-22
"DP Fremont Monroe, LP",9638,ALAMEDA,Housing Corporation of America,6275,2021-07-22,21-22,2026-08-22
"San Mateo Rotary Floritas, L.P.",9639,SAN MATEO,Rotary Floritas LLC,30446,2021-08-11,22-23,2026-08-22
"DHI Tamarisk Associates, L.P.",9640,RIVERSIDE,Quality Housing Development Corporation,10191,2023-03-02,18-19,2026-08-22
"Stockton Affordable Housing, LP",9641,SAN JOAQUIN,Central Valley Coalition for Affordable Housing,2419,2022-08-30,23-24,2026-08-22
"Allied 2595 Depot, L.P.",9642,ALAMEDA,Allied 2595 Depot LLC,30859,2022-02-28,22-23,2026-08-22
Pioneer Cottages LP,9644,KERN,GEAHI Pioneer Cottages LLC,31305,2021-09-28,22-23,2026-08-22
"Hermosa Village Phase II Housing Partners, L.P.",9645,ORANGE,NCRC Hermosa Village II MGP LLC,31306,2022-08-02,21-22,2026-08-22
"Allied 2904 Corvin, L.P.",9646,SANTA CLARA,Allied 2904 Corvin LLC,30915,2021-11-04,20-21,2026-08-22
Wakeland Anita LP,9647,SAN DIEGO,Wakeland Anita LLC,31309,2021-09-16,21-22,2026-08-22
PATH Villas South Gate LP,9648,LOS ANGELES,"PV South Gate GP, LLC",26528,2022-12-23,18-19,2026-08-22
"Sanger Pacific Associates II, LP",9649,FRESNO,Central Valley Coalition for Affordable Housing,2419,2022-04-27,22-23,2026-08-22
"Ukiah Pacific Associates II, A California Limited Partnership",9650,MENDOCINO,Central Valley Coalition for Affordable Housing,2419,2022-03-14,22-23,2026-08-22
"Pleasant Village Preservation, L.P.",9651,FRESNO,Affordable Housing Solutions,19625,2021-09-23,22-23,2026-08-22
"Cherry on Top, LP",9652,LOS ANGELES,Housing Corporation of America,6275,2021-11-18,22-23,2026-08-22
"Step Up On Second Preservation, LP",9653,LOS ANGELES,"Step Up On Second Preservation, LLC",30999,2023-11-21,20-21,2026-08-22
"CG Apartments, LP",9654,RIVERSIDE,"FFAH V Casa Grande, LLC",31319,2021-10-04,22-23,2026-08-22
"Casa La Paz Apartments, LP",9655,RIVERSIDE,"FFAH V Casa La Paz, LLC",31318,2021-10-04,22-23,2026-08-22
Oakland Telegraph LP,9656,ALAMEDA,"Operation Dignity, Inc.",16461,2022-03-09,21-22,2026-08-22
"Lancaster 690, L.P.",9657,LOS ANGELES,Riverside Charitable Corporation,10533,2021-09-29,22-23,2026-08-22
"Woodman Arleta Housing, LP",9658,LOS ANGELES,"AHA Los Angeles II MGP, LLC",30611,2021-09-30,22-23,2026-08-22
"Woodman Arleta Housing, LP",9659,LOS ANGELES,"AHA Los Angeles II MGP, LLC",30611,2021-09-30,22-23,2026-08-22
"Sylmar II, L.P.",9660,LOS ANGELES,L.A. Family Housing Corporation,7561,2022-12-01,21-22,2026-08-22
"Bidwell Place, LP",9661,SACRAMENTO,"PacH Anton South Holdings, LLC",23565,2021-09-30,22-23,2026-08-22
"Northlake Senior Affordable, LP",9662,SACRAMENTO,"PacH Anton South Holdings, LLC",23565,2021-09-30,22-23,2026-08-22
"Bayshore Affordable, L.P.",9663,SAN MATEO,Central Valley Coalition for Affordable Housing,2419,2022-03-09,22-23,2026-08-22
"Avanath Festival, LP",9664,ORANGE,COR Community Development Corporation,23379,2021-09-29,22-23,2026-08-22
"Creekside Place, L.P.",9665,BUTTE,Creekside Place LLC,31125,2022-01-31,21-22,2026-08-22
"DHI Pacific Coast Villa Associates, L.P.",9666,LOS ANGELES,"Community Resident Services, Inc.",20833,2022-05-04,21-22,2026-08-22
"6512 Rugby Avenue, L.P.",9667,LOS ANGELES,"WCH Affordable XLIV, LLC",31351,2021-11-02,22-23,2026-08-22
"6604 West PSH, L.P.",9668,LOS ANGELES,"Supportive Housing, LLC",26356,2022-01-06,21-22,2026-08-22
"Vacaville Depot Limited, LP",9669,SOLANO,"FFAH V Lincoln Corner, LLC",31276,2022-02-28,22-23,2026-08-22
"Vacaville Meadows Limited, a California Limited Partnership",9670,SOLANO,"FFAH V Vacaville Meadows, LLC",31277,2022-04-27,22-23,2026-08-22
Parkside Apartments Delano LP,9691,KERN,GEAHI Parkside Apartments LLC,31358,2021-10-21,22-23,2026-08-22
"545 Work Street, LP",9692,MONTEREY,"Step Up GP, LLC",31360,2022-12-30,23-24,2026-08-22
"923 Kenmore, L.P.",9695,LOS ANGELES,"Community Resident Services, Inc.",20833,2024-02-15,22-23,2026-08-22
"Red Bluff Housing Investors, LP",9696,TEHAMA,FFAH V Creekside Village Red Bluff LLC,31334,2021-10-04,22-23,2026-08-22
"PHK HoJo, L.P.",9697,LOS ANGELES,PHK HoJo LLC,31361,2022-07-28,21-22,2026-08-22
"Brooklyn Basin Associates III, L.P.",9700,ALAMEDA,MP Brooklyn Basin III LLC,31363,2022-09-16,21-22,2026-08-22
Standard Foothill Venture LP,9701,SAN BERNARDINO,Housing on Merit XV LLC,31364,2022-06-22,22-23,2026-08-22
VS Phase 1 LP,9702,SAN DIEGO,VS Phase 1 GP LLC,31115,2021-09-17,22-23,2026-08-22
"6th & Cesar Chavez CIC, LP",9703,RIVERSIDE,"Pueblo PSCDC, LLC",31367,2022-06-09,22-23,2026-08-22
"Shaw Housing Partners, L.P.",9706,FRESNO,"Housing on Merit XXI, LLC",31373,2021-10-21,22-23,2026-08-22
"Village Housing Partners, L.P.",9707,FRESNO,"Housing on Merit XX, LLC",31375,2021-10-22,21-22,2026-08-22
"Eastern Park Apartments, L.P.",9708,SAN FRANCISCO,Sequoia Living EPA LLC,31365,2022-11-03,20-21,2026-08-22
Inglewood Oaks Apartments LP,9712,SAN JOAQUIN,"Step Forward Communities, A California Nonprofit Public Benefit Corporation",24993,2022-05-11,22-23,2026-08-22
"UPH Butterfly Gardens, LP",9713,FRESNO,Butterfly Gardens SHE LLC,31378,2021-11-16,22-23,2026-08-22
"Olivehurst Pacific Associates, a California Limited Partnership",9714,YUBA,Cedar Lane-BBP LLC,31381,2022-04-14,22-23,2026-08-22
"Olivehurst PSH Pacific Associates, a California Limited Partnership",9715,YUBA,Cedar Lane PSH-BBP LLC,31383,2022-04-06,22-23,2026-08-22
"Granite Ridge Investors, L.P.",9716,ALAMEDA,"Eden Sequoia, LLC",31384,2021-12-09,21-22,2026-08-22
"ECB Housing Partners, LP",9717,SAN DIEGO,"735 ECB, LLC",31385,2021-12-13,22-23,2026-08-22
"Lompoc Village 88, L.P.",9718,SANTA BARBARA,"RCC MGP, LLC",25160,2022-02-28,22-23,2026-08-22
"HSRE Oakmont Chino Hills, LP",9719,SAN BERNARDINO,"Casa Major, Inc.",15204,2021-11-30,22-23,2026-08-22
"HSRE Oakmont Escondido, LP",9720,SAN DIEGO,"Casa Major, Inc.",15204,2021-11-30,22-23,2026-08-22
"HSRE Oakmont Montecito, LP",9721,CONTRA COSTA,"Casa Major, Inc.",15204,2021-11-30,22-23,2026-08-22
"Grant Heights II, L.P.",9722,SAN DIEGO,"SDCHC Grant Heights II, LLC",31386,2022-02-10,22-23,2026-08-22
"Grant Heights II, L.P.",9723,SAN DIEGO,"SDCHC Grant Heights II, LLC",31386,2022-02-10,22-23,2026-08-22
Benton Park Cottages LP,9724,KERN,GEAHI Benton Park Cottages LLC,31392,2022-03-28,22-23,2026-08-22
VCOR Limited Partnership,9725,SAN JOAQUIN,Grand View Village LLC,31393,2022-09-15,21-22,2026-08-22
"Winona Avenue Housing Associates, L.P.",9728,SAN DIEGO,CHW Winona Avenue LLC,31397,2025-05-02,25-26,2026-08-22
"El Monte Metro Family Housing, LP",9729,LOS ANGELES,"El Monte Metro Family Housing, LLC",31398,2022-03-23,21-22,2026-08-22
Coachella/Cedar Springs L.P.,9730,RIVERSIDE,"RCC MGP, LLC",25160,2022-02-28,22-23,2026-08-22
Borregas Court Limited Partnership,9731,SANTA CLARA,"WCH Affordable LVI, LLC",31400,2022-03-09,22-23,2026-08-22
"Main 50 Housing, LP",9732,LOS ANGELES,"WCH Affordable XXXV, LLC",31401,2021-11-04,20-21,2026-08-22
"Mariposa Lily, L.P.",9733,LOS ANGELES,Mariposa Lily LLC,31402,2021-12-23,22-23,2026-08-22
"Hayes Valley III, LP",9734,SAN FRANCISCO,SFHDC Hayes Valley North LLC,31410,2022-09-02,22-23,2026-08-22
"Bernal Homes, LP",9735,SAN FRANCISCO,SFHDC Bernal LLC,31411,2021-12-27,21-22,2026-08-22
"Hayes Valley IV, LP",9736,SAN FRANCISCO,SFHDC Hayes Valley South LLC,31412,2022-03-10,21-22,2026-08-22
"TRC Cascades, LP",9737,SACRAMENTO,"IH Tablerock Capital Partnership, LLC",27570,2022-10-11,22-23,2026-08-22
PD Hovley 1R Limited Partnership,9738,RIVERSIDE,Las Palmas Housing and Development Corporation,17925,2022-02-03,22-23,2026-08-22
"Cherry Creek Village, L.P.",9739,SONOMA,"Wallace House Cherry Creek, LLC",31415,2022-08-11,22-23,2026-08-22
KDF Glenview L.P.,9740,ALAMEDA,"AHA East Bay MGP, LLC",25840,2022-01-18,22-23,2026-08-22
"South Gate Pacific Associates, a California Limited Partnership",9741,LOS ANGELES,Central Valley Coalition for Affordable Housing,2419,2021-12-02,22-23,2026-08-22
"Hawthorne Pacific Associates, a California Limited Partnership",9742,LOS ANGELES,Central Valley Coalition for Affordable Housing,2419,2021-12-02,22-23,2026-08-22
Fairfield Harvard Yard Glenmary LP,9743,LOS ANGELES,"RCC MGP, LLC",25160,2022-04-27,22-23,2026-08-22
Fairfield Harvard Yard Glenmary LP,9744,LOS ANGELES,"RCC MGP, LLC",25160,2022-04-27,22-23,2026-08-22
Villa Lakeshore 2020 LP,9745,SAN DIEGO,Villa Lakeshore MGP 2020 LLC,31423,2022-12-06,22-23,2026-08-22
"Plaza de Cabrillo, LP",9747,LOS ANGELES,CVC Phase II LLC,31437,2022-09-15,21-22,2026-08-22
"5th and Howard Associates, L.P.",9748,SAN FRANCISCO,5H GP LLC,31438,2022-02-10,22-23,2026-08-22
"Allied 38631 Fremont, L.P.",9749,ALAMEDA,Allied 38631 Fremont LLC,31439,2022-06-09,21-22,2026-08-22
"Coachella Housing Investors, L.P.",9750,RIVERSIDE,"WCH Affordable LV, LLC",31440,2022-03-30,22-23,2026-08-22
"WP Oroville Heights Apartments, LP",9751,BUTTE,Central Valley Coalition for Affordable Housing,2419,2022-03-07,22-23,2026-08-22
"GAV Community Partners, LP",9752,SACRAMENTO,"FFAH V Grand Avenue Villa, LLC",31417,2022-09-01,22-23,2026-08-22
"Maison's Palmdale, LP",9753,LOS ANGELES,"AHA High Desert MGP, LLC",30833,2022-03-17,22-23,2026-08-22
"SJP Preservation, LP",9754,SAN DIEGO,"St. James Plaza Housing, LLC",31455,2021-10-19,22-23,2026-08-22
"Central Plaza Apartments Resyndication, L.P.",10754,SANTA BARBARA,Surf Central Plaza LLC,31456,2022-03-30,22-23,2026-08-22
"PHK Pano, L.P.",10755,LOS ANGELES,PHK Pano LLC,31390,2022-02-24,21-22,2026-08-22
WP Sierra Heights Apartments Phase II Limited Partnership,10756,BUTTE,Central Valley Coalition for Affordable Housing,2419,2022-03-17,22-23,2026-08-22
"Nevada City Cashin's Field, L.P.",10757,NEVADA,"Cashin's Field-BBP, LLC",32454,2022-03-10,22-23,2026-08-22
"Winchester Sustainable, L.P.",10758,SANTA CLARA,CVCAH Agrihood LLC,32455,2022-03-10,22-23,2026-08-22
Westlake Christian Terrace West LP,10759,ALAMEDA,WCTW Housing LLC,32456,2023-01-27,21-22,2026-08-22
Eureka 4th Street LP,10760,HUMBOLDT,"Eureka Veterans Village, LLC",30857,2021-12-21,20-21,2026-08-22
"Pueblo Del Sol II Housing Partners, L.P.",10761,LOS ANGELES,LOMOD PDS LLC,30785,2022-03-04,22-23,2026-08-22
"Jeanne D'Arc Manor, LP",10762,SANTA CLARA,"Jeanne D'Arc Manor, LLC",32457,2022-08-19,22-23,2026-08-22
Wakeland Price UB LP,10763,SAN DIEGO,Wakeland Price UB LLC,32458,2022-06-09,22-23,2026-08-22
"CDV, L.P.",10764,LOS ANGELES,CDV LLC,32461,2022-07-27,22-23,2026-08-22
"CNS La Villa Lake, LP",10765,LOS ANGELES,"AHA Los Angeles II MGP, LLC",30611,2022-02-10,22-23,2026-08-22
Bruce Village Commons LP,10766,BUTTE,Community Revitalization and Development Corporation,11591,2022-02-23,22-23,2026-08-22
"Downtown Madera Housing Associates, a California Limited Partnership",10767,MADERA,"Madera Opportunities For Resident Enrichment and Services, Inc.",20620,2023-04-27,21-22,2026-08-22
SF Steinbeck Commons LP,10768,MONTEREY,Trillium Housing Services,26054,2022-02-10,22-23,2026-08-22
VDS Valle Del Sol LP,10769,IMPERIAL,"FFAH V Valle Del Sol, LLC",31416,2022-02-10,22-23,2026-08-22
Sun King LP,10777,LOS ANGELES,"Sun King, LLC",31074,2021-12-28,21-22,2026-08-22
"Ambassador Nine Percent, L.P.",10779,SAN FRANCISCO,Ambassador Nine Percent GP LLC,32484,2022-02-17,22-23,2026-08-22
"Page Street, L.P.",10780,SANTA CLARA,Page Street Charities LLC,32485,2022-02-10,21-22,2026-08-22
"Daybreak Apartments Housing Investors, L.P.",10781,KERN,"WCH Affordable LXII, LLC",32490,2022-04-20,22-23,2026-08-22
"Avanath Acton, LP",10782,ALAMEDA,COR Community Development Corporation,23379,2022-03-17,22-23,2026-08-22
"S. Broadway SH, L.P.",10783,LOS ANGELES,Las Palmas Foundation,14526,2022-07-28,22-23,2026-08-22
"Seaview Plaza, LP",10784,ORANGE,"Housing Preservation, Inc.",24392,2022-08-23,22-23,2026-08-22
"Redwood Seniors, LP",10785,SANTA CLARA,"Housing Preservation, Inc.",24392,2022-08-26,22-23,2026-08-22
"Monte Vina, LP",10786,SONOMA,"Monte Vina, LLC",30317,2022-06-01,22-23,2026-08-22
Catalina TSA Housing LP,10787,LOS ANGELES,Housing Corporation of America,6275,2022-06-09,22-23,2026-08-22
"Satellite First Communities, L.P.",10788,ALAMEDA,"Satellite First Communities, LLC",23294,2022-01-31,20-21,2026-08-22
"Satellite First Communities, L.P.",10789,ALAMEDA,"Satellite First Communities, LLC",23294,2022-01-31,20-21,2026-08-22
"Satellite First Communities, L.P.",10790,ALAMEDA,"Satellite First Communities, LLC",23294,2022-01-31,20-21,2026-08-22
"Satellite First Communities, L.P.",10791,ALAMEDA,"Satellite First Communities, LLC",23294,2022-01-31,20-21,2026-08-22
"Rose Hill Courts I Housing Partners, L.P.",10792,LOS ANGELES,"LOMOD RHC I, LLC",31366,2022-06-23,22-23,2026-08-22
Olive Ranch Apartments II LP,10793,BUTTE,Community Revitalization and Development Corporation,11591,2022-02-28,22-23,2026-08-22
Kennett Court Senior Apartments LP,10794,SHASTA,Community Revitalization and Development Corporation,11591,2022-02-24,22-23,2026-08-22
MLV Affordable LP,10795,LASSEN,"NHC MGP I, LLC",25166,2022-03-22,21-22,2026-08-22
"Shermanair Apartments Owner, LP",10796,LOS ANGELES,Housing Corporation of America,6275,2022-03-02,22-23,2026-08-22
"Markham Plaza II, LP",10797,SANTA CLARA,"EAH Markham II, LLC",32517,2022-02-10,22-23,2026-08-22
"Alora Family Housing Partners, L.P.",10798,SAN DIEGO,"CFAH Housing, LLC",31329,2022-02-10,22-23,2026-08-22
"Compton Garden, L.P.",10799,LOS ANGELES,Shield of Faith Economic Development,19987,2022-06-16,19-20,2026-08-22
"Ambassador Ritz Four Percent, L.P.",10800,SAN FRANCISCO,Ambassador Ritz Four Percent GP LLC,32519,2022-03-02,22-23,2026-08-22
"Orr Creek Commons, LP",10801,MENDOCINO,"Orr Creek Commons, LLC",32525,2022-06-09,21-22,2026-08-22
Washington Court Renewal LP,10802,LOS ANGELES,Washington Court MM LLC,32535,2023-04-26,22-23,2026-08-22
"Casa de Rosas Campus, L.P.",10803,LOS ANGELES,WEDC MGP LLC,32492,2021-11-15,20-21,2026-08-22
"Mercy Housing California 94, L.P.",10804,LOS ANGELES,Mercy Housing California 94 LLC,32537,2022-09-02,20-21,2026-08-22
"Tyler-Valley Metro Housing, LP",10805,LOS ANGELES,"Tyler-Valley Metro Housing, LLC",32539,2022-10-04,22-23,2026-08-22
Park Avenue Housing Partners LP,10806,BUTTE,JHC-Park Avenue LLC,32540,2022-06-01,22-23,2026-08-22
4th St San Jose LP,10807,LOS ANGELES,4th St MGP LLC,31292,2022-08-23,22-23,2026-08-22
"SBV Housing Preservation, L.P.",10808,LOS ANGELES,"Rainbow - SBV, LLC",32551,2022-06-23,22-23,2026-08-22
11010 SMB LP,10809,LOS ANGELES,11010 SMB LLC,32556,2022-05-18,22-23,2026-08-22
"Imperial County Housing Partners, LP",10810,IMPERIAL,Community Revitalization and Development Corporation,11591,2022-02-24,22-23,2026-08-22
"Moonlight Housing Partners, LP",10811,SOLANO,Community Revitalization and Development Corporation,11591,2022-02-24,22-23,2026-08-22
Montclair LA LP,10813,LOS ANGELES,"Montclair GP, LLC",30372,2022-10-27,20-21,2026-08-22
"APD CA RD 2008, LP",10814,IMPERIAL,Community Revitalization and Development Corporation,11591,2022-02-24,22-23,2026-08-22
"Sunset Street Housing Partners, LP",10815,PLACER,Community Revitalization and Development Corporation,11591,2022-02-24,22-23,2026-08-22
"APD CA RD 2008, LP",10816,IMPERIAL,Community Revitalization and Development Corporation,11591,2022-02-24,22-23,2026-08-22
"Placer West Housing Partners, LP",10817,PLACER,Community Revitalization and Development Corporation,11591,2022-02-24,22-23,2026-08-22
"Imperial County Housing Partners, LP",10818,IMPERIAL,Community Revitalization and Development Corporation,11591,2022-02-24,22-23,2026-08-22
"Imperial County Housing Partners, LP",10819,IMPERIAL,Community Revitalization and Development Corporation,11591,2022-02-24,22-23,2026-08-22
"APD CA RD 2008, LP",10820,IMPERIAL,Community Revitalization and Development Corporation,11591,2022-02-24,22-23,2026-08-22
"Village at Santa Teresa, LP",10821,SANTA CLARA,"PacH Affordable Holdings, LLC",26067,2022-03-08,22-23,2026-08-22
"S. Main PSH, L.P.",10822,LOS ANGELES,Community Advancement Development Corporation,25030,2022-03-15,22-23,2026-08-22
"Elk Grove Pacific Associates V, A California Limited Partnership",10824,SACRAMENTO,"PacH Lancaster Holdings, LLC",23523,2022-03-08,22-23,2026-08-22
PVH LA LP,10825,LOS ANGELES,PVH GP LLC,31293,2022-08-23,20-21,2026-08-22
"Avanath River Run, LP",10826,RIVERSIDE,"AHA Inland III MGP, LLC",30471,2022-03-08,22-23,2026-08-22
"Folsom 670, L.P.",10827,SACRAMENTO,Riverside Charitable Corporation,10533,2022-04-06,22-23,2026-08-22
"Weingart Tower II, LP",10828,LOS ANGELES,WC Towers II LLC,32568,2022-09-08,22-23,2026-08-22
"Weingart Tower, LP",10829,LOS ANGELES,WC Towers LLC,32578,2022-09-08,22-23,2026-08-22
"MP Avance Associates, L.P.",10831,ALAMEDA,MP Avance LLC,32585,2023-06-21,21-22,2026-08-22
"1819 Pico Blvd., L.P.",10832,LOS ANGELES,1819 Pico Blvd. LLC,32586,2022-03-23,22-23,2026-08-22
"Calms at Burgess, LP",10833,SOLANO,"Benicia Calms, LLC",32587,2022-08-17,22-23,2026-08-22
"PC CA Sterling Village, LP",10834,SAN BERNARDINO,"AHA San Bernardino MGP, LLC",32591,2022-04-29,22-23,2026-08-22
"PC CA CDLH, LP",10835,LOS ANGELES,"AHA Orange III MGP, LLC",31070,2022-04-06,22-23,2026-08-22
"PC CA Parkview, LP",10836,SACRAMENTO,"AHA Sacramento II MGP, LLC",32595,2022-04-29,22-23,2026-08-22
"PC CA Baywood, LP",10837,ALAMEDA,"AHA Sacramento II MGP, LLC",32595,2022-05-05,22-23,2026-08-22
"PC CA Ridgewood, LP",10838,SACRAMENTO,"AHA Sacramento II MGP, LLC",32595,2022-04-29,22-23,2026-08-22
"PC CA Ridgewood, LP",10839,SACRAMENTO,"AHA Sacramento II MGP, LLC",32595,2022-04-29,22-23,2026-08-22
"PC CA Hemet Estates, LP",10840,RIVERSIDE,"AHA Riverside West MGP, LLC",32598,2022-04-29,22-23,2026-08-22
"Carson Terrace Partners, LP",10841,LOS ANGELES,"Los Angeles Housing Partnership, Inc.",7568,2022-02-25,21-22,2026-08-22
"PC CA Indio Gardens, LP",10842,RIVERSIDE,"AHA Coachella MGP, LLC",32599,2022-04-29,22-23,2026-08-22
"PC CA Palm Springs Pointe, LP",10843,RIVERSIDE,"AHA Coachella MGP, LLC",32599,2022-05-05,22-23,2026-08-22
"Benson Place, LP",10844,SAN DIEGO,Benson Place LLC,32603,2022-08-03,20-21,2026-08-22
Delano Villas Santa Fe Apartments L.P.,10845,KERN,Las Palmas Foundation,14526,2022-04-07,22-23,2026-08-22
"1064 Walnut Ave., L.P.",10846,MONTEREY,Corporation for Better Housing,3474,2022-04-06,22-23,2026-08-22
Sunrise Point Housing Partners LP,10847,SACRAMENTO,JHC-Sunrise Point LLC,32604,2022-08-17,22-23,2026-08-22
"WAC, L.P.",10848,LOS ANGELES,"WCH Affordable XXXIII, LLC",32605,2022-04-01,21-22,2026-08-22
"Palmdale Terrace Apartments, L.P.",10849,LOS ANGELES,"WCH Affordable LIV, LLC",32606,2022-05-03,22-23,2026-08-22
"14th & Commercial CIC, LP",10850,SAN DIEGO,"C14 Tower, LLC",32607,2022-08-18,21-22,2026-08-22
"Ridgecrest Family Associates, A California Limited Partnership",10851,KERN,Central Valley Coalition for Affordable Housing,2419,2022-04-06,22-23,2026-08-22
"Santa Maria Pacific Associates, A California Limited Partnership",10853,SANTA BARBARA,Central Valley Coalition for Affordable Housing,2419,2022-04-06,22-23,2026-08-22
"PV West Carson, LP",10854,LOS ANGELES,"WCV MGP, LLC",31291,2022-11-03,22-23,2026-08-22
"14th & Commercial CIC-VHHP, LP",10855,SAN DIEGO,"C14 VHHP, LLC",32623,2022-08-18,21-22,2026-08-22
"Vallejo PSH, L.P.",10856,SOLANO,Vallejo PSH LLC,32625,2022-04-15,22-23,2026-08-22
"Stockton Boulevard Housing Associates, L.P.",10857,SACRAMENTO,Stockton Boulevard Mutual Housing LLC,32626,2022-07-27,21-22,2026-08-22
"Leigh Avenue Apartments, LP",10858,SANTA CLARA,"Leigh Avenue Apartments, LLC",32627,2022-11-15,19-20,2026-08-22
"North San Pedro Apartments, LP",10861,SANTA CLARA,"North San Pedro Apartments, LLC",32628,2022-11-14,20-21,2026-08-22
Archway EAH II LP,10862,STANISLAUS,Archway EAH II LLC,32629,2022-04-12,22-23,2026-08-22
"Los Pinos KPS, LP",10863,SANTA BARBARA,Santa Barbara Housing Assistance Corporation,11239,2022-09-08,22-23,2026-08-22
"El Centro Pacific Associates II, A California Limited Partnership",10865,IMPERIAL,Central Valley Coalition for Affordable Housing,2419,2022-04-21,22-23,2026-08-22
"1032 Walnut Ave., L.P.",10866,MONTEREY,Corporation for Better Housing,3474,2022-04-21,22-23,2026-08-22
"Villa Jardin/Cobles Gables, L.P.",10867,SACRAMENTO,"PacH Lancaster Holdings, LLC",23523,2022-04-20,22-23,2026-08-22
"Jordan Downs 2B, LP",10868,LOS ANGELES,"JD Housing 2B, LLC",32639,2022-10-19,21-22,2026-08-22
"UPH Porterville, LP",10869,TULARE,"Finca Serena SHE, LLC",32640,2022-08-03,22-23,2026-08-22
Thatcher Yard Housing LP,10870,LOS ANGELES,Housing Corporation of America,6275,2022-04-14,22-23,2026-08-22
"Live Oak Pacific Associates III, A California Limited Partnership",10871,SUTTER,"Kristen Court III-SCAH, LLC",32641,2022-09-27,22-23,2026-08-22
St Michaels LP,10872,RIVERSIDE,St Michaels Mercy House CHDO LLC,32601,2022-03-30,21-22,2026-08-22
"Topanga Canyon SH, L.P.",10873,LOS ANGELES,"CFAH Housing, LLC",31329,2022-04-21,22-23,2026-08-22
"Sunnyvale Block 15 Housing Partners, L.P.",10874,SANTA CLARA,"AHA Sunnyvale MGP, LLC",32644,2022-04-19,22-23,2026-08-22
"Chico North Creek, LP",10875,BUTTE,Butte County Affordable Housing Development Corporation,1658,2022-11-03,22-23,2026-08-22
"MP 1700 Santa Monica Associates, L.P.",10876,SOLANO,MP 1700 Santa Monica LLC,32646,2022-08-18,22-23,2026-08-22
"Coggins Square Apartments, L.P.",10877,CONTRA COSTA,Coggins Square Apartments LLC,32647,2022-12-02,21-22,2026-08-22
BRIDGE Berkeley Way LP,10878,ALAMEDA,BRIDGE Berkeley Way LLC,32650,2022-10-20,21-22,2026-08-22
BFHP Hope Center LP,10879,ALAMEDA,Hope Center Housing LLC,32651,2023-04-28,21-22,2026-08-22
"110 South Boyle, L.P.",10880,LOS ANGELES,110 South Boyle MGP LLC,31335,2022-08-26,22-23,2026-08-22
"Junction Station, L.P.",10882,PLACER,"PacH Anton South Holdings, LLC",23565,2022-04-27,22-23,2026-08-22
"Ashley Willowbrook, L.P.",10883,LOS ANGELES,CRCD LLC,32655,2022-08-10,21-22,2026-08-22
"619 Westlake, L.P.",10884,LOS ANGELES,"Westlake Affordable Housing, LLC",32657,2022-10-04,22-23,2026-08-22
"Sequoia Commons II, L.P.",10885,TULARE,Sequoia Commons II LLC,32660,2022-08-03,21-22,2026-08-22
Bakersfield Brentwood LP,10886,KERN,Valley Initiative for Affordable Housing,22366,2022-04-26,22-23,2026-08-22
"CHP, LP",10887,LOS ANGELES,"Hearthstone CA Properties III, LLC",31435,2022-03-22,22-23,2026-08-22
"Highlander Apartments, LP",10888,RIVERSIDE,"New Life Economic Development, Inc.",8845,2022-08-29,22-23,2026-08-22
"Mariposa Club Apartments I, LP",10889,SANTA CLARA,"Hearthstone CA Properties III, LLC",31435,2024-01-11,22-23,2026-08-22
"MCP El Sereno, LP",10890,SAN BERNARDINO,Housing on Merit XXIV LLC,32668,2022-07-29,22-23,2026-08-22
AG Sunset Ridge Owner LP,10891,LOS ANGELES,Housing on Merit XXV LLC,32671,2022-10-14,22-23,2026-08-22
"Sanger Pacific Associates II, LP",10892,FRESNO,Central Valley Coalition for Affordable Housing,2419,2022-04-27,22-23,2026-08-22
Aurora 1 SPE LP,10893,LOS ANGELES,Housing on Merit XXIII LLC,32672,2022-05-09,22-23,2026-08-22
"Siesta Senior Apartments, LP",10895,SONOMA,"PacH Lancaster Holdings, LLC",23523,2022-05-17,22-23,2026-08-22
AFH Casa Paloma LP,10896,ORANGE,AFH Casa Paloma GP LLC,31368,2022-02-17,21-22,2026-08-22
HPD Oroville II LP,10897,BUTTE,"Hearthstone CA Properties II, LLC",27086,2022-05-19,22-23,2026-08-22
HPD Oroville Manor II LP,10898,BUTTE,"Hearthstone CA Properties II, LLC",27086,2022-05-19,22-23,2026-08-22
HPD Willows II LP,10899,GLENN,"Hearthstone CA Properties II, LLC",27086,2022-05-19,22-23,2026-08-22
HPD Spring-Encino II LP,10900,IMPERIAL,"Hearthstone CA Properties II, LLC",27086,2022-05-19,22-23,2026-08-22
HPD Spring-Encino II LP,10901,IMPERIAL,"Hearthstone CA Properties II, LLC",27086,2022-05-19,22-23,2026-08-22
"MP Willow Greenridge Associates, L.P.",10902,SAN MATEO,MP Greenridge LLC,32664,2022-06-03,22-23,2026-08-22
"MP Willow Greenridge Associates, L.P.",10903,SAN MATEO,MP Greenridge LLC,32664,2022-06-03,22-23,2026-08-22
"MP Willow Greenridge Associates, L.P.",10904,SAN MATEO,MP Greenridge LLC,32664,2022-06-03,22-23,2026-08-22
"MP Willow Greenridge Associates, L.P.",10905,SAN MATEO,MP Greenridge LLC,32664,2022-06-03,22-23,2026-08-22
"MP Willow Greenridge Associates, L.P.",10906,SAN MATEO,MP Greenridge LLC,32664,2022-06-03,22-23,2026-08-22
"MP Willow Greenridge Associates, L.P.",10907,SAN MATEO,MP Greenridge LLC,32664,2022-06-03,22-23,2026-08-22
"MP Willow Greenridge Associates, L.P.",10908,SAN MATEO,MP Greenridge LLC,32664,2022-06-03,22-23,2026-08-22
"MP Willow Greenridge Associates, L.P.",10909,SAN MATEO,MP Greenridge LLC,32664,2022-06-03,22-23,2026-08-22
"Depot at Hyde Park Partners, LP",10910,LOS ANGELES,WORKS Depot MGP LLC,32695,2022-05-18,22-23,2026-08-22
"Allied 34320 Fremont, L.P.",10913,ALAMEDA,Allied 34320 Fremont LLC,30854,2022-09-14,21-22,2026-08-22
"PC CA Meadowview II, LP",10914,RIVERSIDE,"AHA Riverside West MGP, LLC",32598,2022-05-27,22-23,2026-08-22
"LMV I Affordable, L.P.",10915,RIVERSIDE,"AHA Riverside West MGP, LLC",32598,2022-05-26,22-23,2026-08-22
"LMV I Affordable, L.P.",10916,RIVERSIDE,"AHA Riverside West MGP, LLC",32598,2022-05-26,22-23,2026-08-22
"PC CA Lakeview II, LP",10917,RIVERSIDE,"AHA Riverside West MGP, LLC",32598,2022-05-18,22-23,2026-08-22
"Residency at the Mayer, LP",10918,LOS ANGELES,"Kingdom Mayer, LLC",32699,2022-09-21,22-23,2026-08-22
"Creekside Terrace, L.P.",10919,MARIPOSA,Creekside Terrace LLC,32701,2022-08-25,22-23,2026-08-22
"Santa Rosa 669, L.P.",10920,SONOMA,Riverside Charitable Corporation,10533,2022-05-23,23-24,2026-08-22
Sonora Terrace,10921,TUOLUMNE,"Beneficial Housing Foundation, The",22450,2022-05-17,22-23,2026-08-22
"Bascom Affordable Housing, L.P.",10929,SANTA CLARA,"CFAH Housing, LLC",31329,2022-06-23,23-24,2026-08-22
"Grantville Trolley Family Housing, L.P.",10930,SAN DIEGO,"CFAH Housing, LLC",31329,2022-06-23,23-24,2026-08-22
"Barry Family Housing, L.P.",10931,LOS ANGELES,"CFAH Housing, LLC",31329,2022-06-23,22-23,2026-08-22
Broadway 1 Preservation LP,10932,SAN DIEGO,Las Palmas Housing and Development Corporation,17925,2022-07-12,22-23,2026-08-22
"Depot Willows, L.P.",10933,SANTA CLARA,Depot Willows LLC,32723,2025-07-03,22-23,2026-08-22
"RAHF V Kings Villages, L.P.",10934,LOS ANGELES,Wakeland JR LLC,32724,2022-12-19,22-23,2026-08-22
"Centertown II, LP",10935,MARIN,"Centertown II, LLC",32725,2022-07-13,22-23,2026-08-22
"American Canyon Pacific Associates, A California Limited Partnership",10937,NAPA,Central Valley Coalition for Affordable Housing,2419,2022-03-09,22-23,2026-08-22
"Little Tokyo Towers Apartments, LP",10938,LOS ANGELES,"Little Tokyo Towers MGP, LLC",32740,2022-12-15,23-24,2026-08-22
1322 O St Investors LP,10939,SACRAMENTO,Capitol Area Community Development Corporation,32741,2022-10-20,22-23,2026-08-22
"1717 S Street Investors, LP",10941,SACRAMENTO,Capitol Area Community Development Corporation,32741,2022-10-17,22-23,2026-08-22
"Porter Partners Limited Dividend Housing Association, LP",10942,SACRAMENTO,Community Revitalization and Development Corporation,11591,2022-07-28,22-23,2026-08-22
"SJ Auzerais, L.P.",10943,SANTA CLARA,"SJ Auzerais, LLC",32749,2022-08-25,22-23,2026-08-22
"Gallup and Mesa, L.P.",10944,SANTA CLARA,"Gallup and Mesa, LLC",32750,2022-10-05,22-23,2026-08-22
HT Terrace Renewal LP,10945,ALAMEDA,HT Terrace Manager LLC,32751,2022-10-28,22-23,2026-08-22
Cedar Village Renewal LP,10946,BUTTE,Cedar Village MM LLC,32752,2023-02-08,22-23,2026-08-22
"Lava Ridge Associates, L.P.",10947,BUTTE,"Spectrum GP, LLC",32753,2022-10-28,22-23,2026-08-22
"Lemoore Pacific Associates III, L.P.",10949,KINGS,Kaweah Management Company,6907,2022-06-23,21-22,2026-08-22
"Orchard View Apartments, L.P.",10950,IMPERIAL,Las Palmas Foundation,14526,2022-08-25,22-23,2026-08-22
"Casa Manana Inn, L.P.",10951,SAN JOAQUIN,Stockton Y.M.I. Elderly Housing,12422,2022-07-06,22-23,2026-08-22
Wakeland Wilcox LP,10953,LOS ANGELES,Wakeland Wilcox LLC,32754,2022-07-28,21-22,2026-08-22
"Monte Vina, LP",10954,SONOMA,"Monte Vina, LLC",30317,2022-06-01,22-23,2026-08-22
"Monte Vina, LP",10955,SONOMA,"Monte Vina, LLC",30317,2022-06-01,22-23,2026-08-22
"Monte Vina, LP",10956,SONOMA,"Monte Vina, LLC",30317,2022-06-01,22-23,2026-08-22
Broadway 1 Preservation LP,10957,SAN DIEGO,Las Palmas Housing and Development Corporation,17925,2022-07-12,22-23,2026-08-22
"Morro Bay Apartments, L.P.",10958,SAN LUIS OBISPO,San Luis Obispo Nonprofit Housing Corporation,11181,2022-07-06,23-24,2026-08-22
"Eden Mill District, LP",10959,SONOMA,"Eden Mill District, LLC",32767,2023-04-14,22-23,2026-08-22
Wakeland Price Fourth Corner LP,10960,SAN DIEGO,Wakeland Price Fourth Corner LLC,32768,2022-07-28,22-23,2026-08-22
Ynez Road Housing Partners LP,10962,RIVERSIDE,JHC-Ynez Road LLC,32770,2022-07-26,23-24,2026-08-22
"Emerald 2020, L.P., The",10963,LOS ANGELES,"Emerald 2020 LLC, The",32771,2022-08-03,22-23,2026-08-22
"900 E Broadway, L.P.",10964,LOS ANGELES,"WCH Affordable LXIII, LLC",32772,2022-08-10,23-24,2026-08-22
Pinole Venture LP,10965,CONTRA COSTA,"Pinole PSCDC, LLC",32776,2022-09-20,23-24,2026-08-22
"Cove, L.P., The",10966,LOS ANGELES,"CVC Phase VI, LLC",32779,2022-09-06,23-24,2026-08-22
"Marcella Gardens, L.P.",10967,LOS ANGELES,Marcella Gardens LLC,32781,2023-04-28,21-22,2026-08-22
"Caritas Homes Phase I, LP",10968,SONOMA,"Caritas Homes Phase I, LLC",32782,2022-11-28,22-23,2026-08-22
"Ruth Teague Homes, L.P.",10969,LOS ANGELES,Ruth Teague Homes LLC,32783,2023-04-28,21-22,2026-08-22
"Lexington Square Apartments, LP",10970,FRESNO,"FFAH V Lexington Square, LLC",32529,2022-03-30,22-23,2026-08-22
"Glendora Housing Investors, LP",10971,LOS ANGELES,"FFAH V Elwood Family, LLC",32787,2022-07-13,23-24,2026-08-22
Century CityView LP,10972,LOS ANGELES,CADI XIV LLC,32789,2022-07-21,22-23,2026-08-22
"Wakeland Quincy, LP",10973,LOS ANGELES,Wakeland Quincy LLC,32792,2022-07-22,21-22,2026-08-22
"Apartments at Toscano, L.P., The",10974,SAN LUIS OBISPO,San Luis Obispo Nonprofit Housing Corporation,11181,2022-08-31,22-23,2026-08-22
"Lindsay Monte Vista, LP",10975,TULARE,Central Valley Coalition for Affordable Housing,2419,2022-07-12,22-23,2026-08-22
"Copper Lane Partners, LP",10976,SAN BERNARDINO,Central Valley Coalition for Affordable Housing,2419,2022-07-12,22-23,2026-08-22
Elm Lane Oakley L.P.,10977,CONTRA COSTA,"PacH Anton South Holdings, LLC",23565,2022-07-18,23-24,2026-08-22
"CCBA Seniors, LP",10978,SAN DIEGO,"CCBA GP, LLC",32676,2023-11-30,21-22,2026-08-22
"Central Plaza Apartments Resyndication, L.P.",10979,SANTA BARBARA,Surf Central Plaza LLC,31456,2022-03-30,22-23,2026-08-22
"Sierra Village II, L.P.",10980,TULARE,Sierra Village II LLC,32798,2022-08-03,22-23,2026-08-22
"MP Gateway Family Associates, L.P.",10981,SAN MATEO,MP Gateway Family LLC,32799,2022-12-29,22-23,2026-08-22
"513 North G, L.P.",10982,SANTA BARBARA,Surf Development Company,15513,2022-07-12,20-21,2026-08-22
"Park Villa Community Partners, LP",10983,SAN DIEGO,"FFAH V Park Villa, LLC",32785,2022-08-25,23-24,2026-08-22
"BRJE Phase I Housing Partners, L.P.",10984,SONOMA,"BHDC Mendocino I, LLC",32800,2022-11-30,22-23,2026-08-22
"Madera 2, L.P.",10985,MADERA,Corporation for Better Housing,3474,2022-07-22,23-24,2026-08-22
CRP Senator Conness Apartments LP,10986,BUTTE,Central Valley Coalition for Affordable Housing,2419,2022-07-22,22-23,2026-08-22
CRP Konocti Gardens LP,10987,LAKE,Central Valley Coalition for Affordable Housing,2419,2022-07-22,22-23,2026-08-22
CRP Shiloh Terrace LP,10988,SONOMA,Central Valley Coalition for Affordable Housing,2419,2022-07-22,23-24,2026-08-22
CRP The Meridian LP,10989,SANTA CLARA,Central Valley Coalition for Affordable Housing,2419,2022-07-22,23-24,2026-08-22
"Banning LP, The",10991,LOS ANGELES,CADI XIII LLC,32575,2022-10-19,23-24,2026-08-22
Otay Park Apartments,10993,SAN DIEGO,"Haven for Affordable Housing-Encino, LLC",23935,2022-07-22,22-23,2026-08-22
Central City I LP,10994,SACRAMENTO,Central City I LLC,32803,2022-11-08,23-24,2026-08-22
"Indio Pacific Associates II, a California Limited Partnership",10995,RIVERSIDE,Central Valley Coalition for Affordable Housing,2419,2022-07-22,23-24,2026-08-22
"Sunset Square, L.P.",10996,SANTA CLARA,Sunset Charities LLC,32804,2022-11-09,19-20,2026-08-22
"Fremont Pacific Associates, A California Limited Partnership",10997,ALAMEDA,Central Valley Coalition for Affordable Housing,2419,2022-08-17,23-24,2026-08-22
"Mangini Place Affordable, LP",10998,SACRAMENTO,"PacH Anton South Holdings, LLC",23565,2022-07-22,23-24,2026-08-22
"San Antonio Place, L.P.",11000,SANTA CLARA,San Antonio Charities LLC,32805,2022-09-21,21-22,2026-08-22
"Central Avenue Housing, LP",11001,LOS ANGELES,"WCH Affordable XXXVI, LLC",32806,2022-08-10,22-23,2026-08-22
NCRC Lake Forest LP,11002,ORANGE,NCRC Lake Forest LLC,32807,2023-01-27,22-23,2026-08-22
San Jose W. San Carlos LP,11003,SANTA CLARA,Community Revitalization and Development Corporation,11591,2022-07-22,22-23,2026-08-22
"AMCAL Washington Fund, L.P.",11004,LOS ANGELES,CRCD LLC,32655,2023-04-28,21-22,2026-08-22
"AMCAL La Prensa Libre 9%, L.P.",11005,LOS ANGELES,CRCD LLC,32655,2023-06-28,22-23,2026-08-22
"Cupertino Pacific Associates, a California Limited Partnership",11006,SANTA CLARA,Central Valley Coalition for Affordable Housing,2419,2022-07-22,22-23,2026-08-22
"River City Housing Partners, LP",11007,SACRAMENTO,"FFAH V River City Trio, LLC",32656,2022-08-25,23-24,2026-08-22
"River City Housing Partners, LP",11008,SACRAMENTO,"FFAH V River City Trio, LLC",32656,2022-08-25,23-24,2026-08-22
CRP Redwood Views LP,11010,SONOMA,Central Valley Coalition for Affordable Housing,2419,2022-04-14,22-23,2026-08-22
Pasadena Studios LP,11011,LOS ANGELES,Central Valley Coalition for Affordable Housing,2419,2022-04-14,22-23,2026-08-22
"Maison's Palmdale Blvd 170, LP",11012,LOS ANGELES,"AHA High Desert MGP, LLC",30833,2022-09-15,23-24,2026-08-22
Eagle Hesperia 55 II LP,11014,SAN BERNARDINO,"AHA Inland MGP, LLC",25659,2022-09-14,23-24,2026-08-22
"Marysville Pacific Associates, A California Limited Partnership",11015,YUBA,Valley Initiative for Affordable Housing,22366,2022-07-26,22-23,2026-08-22
"INDIO PACIFIC ASSOCIATES, A CALIFORNIA LIMITED PARTNERSHIP",11016,RIVERSIDE,Central Valley Coalition for Affordable Housing,2419,2022-04-14,22-23,2026-08-22
"Preservation Greenfair 2021, L.P.",11017,SACRAMENTO,"Pacific Housing, Inc.",14273,2022-08-29,23-24,2026-08-22
"Oak Hill PSH, L.P.",11018,ALAMEDA,"Nexus MGP, LLC",27170,2022-04-14,20-21,2026-08-22
"Hilltop Family Housing, L.P.",11019,SAN DIEGO,"Nexus MGP, LLC",27170,2022-07-29,21-22,2026-08-22
"Alum Rock Family Housing, L.P.",11020,SANTA CLARA,"Nexus MGP, LLC",27170,2023-07-11,21-22,2026-08-22
College Heights Cottages LP,11021,KERN,GEAHI College Heights Cottages LLC,32826,2022-08-17,23-24,2026-08-22
"Avalon 1355 Partners, LP",11022,LOS ANGELES,"Avalon 1355 BC, LLC",32827,2022-11-03,22-23,2026-08-22
"East Village PSH, L.P.",11023,SAN DIEGO,"Nexus MGP, LLC",27170,2022-07-29,20-21,2026-08-22
"Allied 1510 Parkmoor, L.P.",11024,SANTA CLARA,Allied 1510 Parkmoor LLC,32828,2024-07-26,24-25,2026-08-22
"MHDC South Park Properties, L.P.",11025,SAN FRANCISCO,MHDC South Park LLC,32830,2023-04-27,21-22,2026-08-22
"MHDC South Park Properties, L.P.",11026,SAN FRANCISCO,MHDC South Park LLC,32830,2023-04-27,21-22,2026-08-22
"MHDC South Park Properties, L.P.",11027,SAN FRANCISCO,MHDC South Park LLC,32830,2023-04-27,21-22,2026-08-22
"Mendota Esperanza Commons, LP",11028,FRESNO,"Silvercrest, Inc.",11739,2022-09-21,22-23,2026-08-22
"Hermosa Village Phase II Housing Partners, L.P.",11029,ORANGE,NCRC Hermosa Village II MGP LLC,31306,2022-08-02,21-22,2026-08-22
"Hermosa Village Phase II Housing Partners, L.P.",11030,ORANGE,NCRC Hermosa Village II MGP LLC,31306,2022-08-02,21-22,2026-08-22
"Hermosa Village Phase II Housing Partners, L.P.",11031,ORANGE,NCRC Hermosa Village II MGP LLC,31306,2022-08-02,21-22,2026-08-22
"Hermosa Village Phase II Housing Partners, L.P.",11032,ORANGE,NCRC Hermosa Village II MGP LLC,31306,2022-08-02,21-22,2026-08-22
"Hermosa Village Phase II Housing Partners, L.P.",11034,ORANGE,NCRC Hermosa Village II MGP LLC,31306,2022-08-02,21-22,2026-08-22
"Hermosa Village Phase II Housing Partners, L.P.",11035,ORANGE,NCRC Hermosa Village II MGP LLC,31306,2022-08-02,21-22,2026-08-22
Beach Housing Partners LP,11036,ORANGE,JHC-Beach LLC,32831,2022-10-19,21-22,2026-08-22
"Harry's House, L.P.",11037,SANTA BARBARA,Surf Development Company,15513,2022-07-26,22-23,2026-08-22
"Kelseyville 2, L.P.",11038,LAKE,Corporation for Better Housing,3474,2022-07-26,23-24,2026-08-22
"Acme Family Apartments, LP",11039,SONOMA,"PacH Lancaster Holdings, LLC",23523,2022-10-06,23-24,2026-08-22
LINC-Beaumont 2 APTS LP,11040,RIVERSIDE,"LINC-Beaumont 2 APTS, LLC",32747,2022-07-29,22-23,2026-08-22
"Hartford Villa Apartments, L.P.",11041,LOS ANGELES,"SRO Commercial, LLC",22657,2022-08-02,21-22,2026-08-22
"STONY OAKS, L.P.",11042,SONOMA,"FFAH V Stony Oaks, LLC",32832,2022-04-20,22-23,2026-08-22
Surfside Owner LP,11044,ALAMEDA,"AOF Pacific CA LAC, LLC",30443,2022-08-04,22-23,2026-08-22
"Ponderosa Drive, L.P.",11045,VENTURA,Area Housing Authority of the County of Ventura,17986,2022-08-04,16-17,2026-08-22
"28100 Highway 101, L.P.",11046,SONOMA,Corporation for Better Housing,3474,2022-09-26,23-24,2026-08-22
"Ramona Metro Point, L.P.",11047,LOS ANGELES,AHCDC Ramona LLC,32846,2022-08-17,23-24,2026-08-22
"River City Housing Partners, LP",11048,SACRAMENTO,"FFAH V River City Trio, LLC",32656,2022-08-25,23-24,2026-08-22
"2471 Lincoln, LP",11049,LOS ANGELES,2471 Lincoln LLC,30951,2022-08-04,23-24,2026-08-22
"1538 E. Clinton Ave., L.P.",11050,FRESNO,Corporation for Better Housing,3474,2022-08-04,22-23,2026-08-22
"Front & Beech SH, L.P.",11052,SAN DIEGO,"Nexus MGP, LLC",27170,2022-05-23,21-22,2026-08-22
"Nadeau SH, L.P.",11053,LOS ANGELES,"Nexus MGP, LLC",27170,2022-05-23,22-23,2026-08-22
"South Western SH, L.P.",11054,LOS ANGELES,"Nexus MGP, LLC",27170,2022-05-23,22-23,2026-08-22
"TNC Euclid I Partnership, LP",11055,ORANGE,"AHA Orange II MGP, LLC",30399,2022-08-04,23-24,2026-08-22
"Ingraham Apartments, L.P.",11056,LOS ANGELES,"SRO Commercial, LLC",22657,2022-08-02,21-22,2026-08-22
"Isla Vista Apartments, L.P.",11057,SANTA BARBARA,Isla Vista Apartments LLC,32460,2022-08-04,22-23,2026-08-22
"Avanath StJohns Manor, LP",11058,ORANGE,COR Community Development Corporation,23379,2022-08-03,22-23,2026-08-22
"CDV II, L.P.",11059,LOS ANGELES,CDV II LLC,32871,2022-08-17,23-24,2026-08-22
Centennial Gardens LP,11060,SANTA BARBARA,Kingdom Centennial LLC,32874,2022-10-25,22-23,2026-08-22
Catalina TSA Housing LP,11061,LOS ANGELES,Housing Corporation of America,6275,2022-06-14,22-23,2026-08-22
"Cathedral Plaza Housing Partners, LP",11062,SAN DIEGO,"Cathedral Plaza Housing, LLC",32878,2022-10-14,23-24,2026-08-22
"Greenfield Senior Associates II, A California Limited Partnership",11063,MONTEREY,Central Valley Coalition for Affordable Housing,2419,2022-08-17,23-24,2026-08-22
"Coalinga Family Associates, A California Limited Partnership",11064,FRESNO,Central Valley Coalition for Affordable Housing,2419,2022-08-17,23-24,2026-08-22
HPD Valley Terrace II LP,11065,TEHAMA,"Hearthstone CA Properties III, LLC",31435,2022-08-23,23-24,2026-08-22
"116 East Cota Street Associates, L.P.",11066,SANTA BARBARA,"Garden Court, Inc.",21872,2023-04-28,22-23,2026-08-22
"Lindsay Senior Villa Apts, LP",11067,TULARE,Central Valley Coalition for Affordable Housing,2419,2022-08-23,23-24,2026-08-22
"Kings Community Partners, L.P.",11068,KINGS,"AHDF - Sierra Village, L.L.C.",18769,2022-10-24,22-23,2026-08-22
4840 Mission Housing Associates LP,11069,SAN FRANCISCO,4840 Mission Housing LLC,32879,2023-08-18,22-23,2026-08-22
"AMCAL Somis Ranch Fund, L.P.",11070,VENTURA,Las Palmas Foundation,14526,2022-08-17,23-24,2026-08-22
"RAHF V Pasatiempo, L.P.",11072,ALAMEDA,Wakeland JR LLC,32724,2023-04-27,24-25,2026-08-22
HPD Clearlake II LP,11073,LAKE,"Hearthstone CA Properties III, LLC",31435,2022-09-01,23-24,2026-08-22
3511 East 12th Street LP,11074,ALAMEDA,Fruitvale Phase IIB LLC,32880,2022-11-07,22-23,2026-08-22
"Lofts at Fort Visalia, L.P.",11075,TULARE,Lofts at Fort Visalia LLC,32882,2022-09-01,22-23,2026-08-22
"Adams Terrace, L.P.",11076,LOS ANGELES,"Adams Terrace GP, LCC",26894,2024-03-07,21-22,2026-08-22
"SMV Housing, L.P.",11077,LOS ANGELES,SMV Housing LLC,32890,2022-08-23,22-23,2026-08-22
"Towne Square Preservation, LP",11078,LOS ANGELES,"Towne Square Apartments, LLC",32891,2023-01-27,23-24,2026-08-22
"GS HIP 1304 ECR, LP",11079,SAN MATEO,1304 El Camino Real LLC,32892,2022-08-17,23-24,2026-08-22
"Eden Freedom Investors, L.P.",11080,SANTA CRUZ,"Eden Freedom, LLC",32908,2022-09-14,22-23,2026-08-22
"Monroe Street Housing Partners, L.P.",11081,SANTA CLARA,"AHA Norcal MGP, LLC",32909,2022-08-18,23-24,2026-08-22
"WP Valley Village Apartments, LP",11082,FRESNO,Central Valley Coalition for Affordable Housing,2419,2022-08-17,23-24,2026-08-22
"One Parkside, LP",11083,MONTEREY,HDC Limited Liability Company 1,32910,2023-04-24,22-23,2026-08-22
"Calistoga Apartments Investors, L.P.",11084,NAPA,"PacH Lancaster Holdings, LLC",23523,2022-08-18,23-24,2026-08-22
Westview Village II LP,11085,VENTURA,Westview Village II LLC,32918,2022-10-06,23-24,2026-08-22
Templeton Place II Limited Partnership,11086,SAN LUIS OBISPO,Templeton Place II LLC,32857,2022-08-18,22-23,2026-08-22
"Broad Street Place, L.P.",11087,SAN LUIS OBISPO,Broad Street Place LLC,32855,2022-08-19,22-23,2026-08-22
"Desert Haven Victorville, LP",11088,SAN BERNARDINO,"Desert Haven HPI, LLC",32922,2022-11-23,21-22,2026-08-22
"San Rafael Senior, L.P.",11089,MARIN,San Rafael Senior LLC,32923,2022-11-02,23-24,2026-08-22
"TWH-CS, L.P.",11090,ALAMEDA,Community Revitalization and Development Corporation,11591,2022-11-21,23-24,2026-08-22
"City Heights Square, L.P.",11091,SAN DIEGO,City Heights Senior Housing Corporation,20595,2022-07-05,22-23,2026-08-22
"Redding Lowden Lane, LP",11092,SHASTA,Central Valley Coalition for Affordable Housing,2419,2023-01-13,23-24,2026-08-22
"Huron Corazon del Valle Commons, LP",11093,FRESNO,"Silvercrest, Inc.",11739,2022-11-03,23-24,2026-08-22
"Blossom Hill, L.P.",11094,SANTA CLARA,"Blossom Hill Charities, LLC",32928,2022-09-02,22-23,2026-08-22
"Rocklin 688, L.P.",11095,PLACER,Riverside Charitable Corporation,10533,2022-09-02,23-24,2026-08-22
"Marina 706, L.P.",11096,MONTEREY,Riverside Charitable Corporation,10533,2022-09-02,23-24,2026-08-22
"Marina 706, L.P.",11097,MONTEREY,Riverside Charitable Corporation,10533,2022-09-02,23-24,2026-08-22
Katella Housing Partners LP,11098,ORANGE,JHC-Katella MGP LLC,32929,2022-11-21,23-24,2026-08-22
Beach2 Housing Partners LP,11099,ORANGE,JHC-Beach2 MGP LLC,32930,2022-11-16,23-24,2026-08-22
Wakeland Entrada LP,11100,RIVERSIDE,Wakeland Entrada LLC,32931,2022-10-28,23-24,2026-08-22
"Santa Fe Commons I, L.P.",11101,TULARE,Santa Fe Commons I LLC,32932,2022-11-02,23-24,2026-08-22
"BHDC Windwood Apartments, L.P.",11102,SONOMA,Burbank Windwood LLC,32933,2022-11-09,23-24,2026-08-22
"Los Arroyos II, L.P.",11103,TULARE,Los Arroyos II LLC,32934,2022-12-01,23-24,2026-08-22
"Vintage at University Glen, LP",11105,VENTURA,"Hearthstone CA Properties III, LLC",31435,2022-10-26,23-24,2026-08-22
"Plymouth West, LP",11106,LOS ANGELES,"Hearthstone CA Properties III, LLC",31435,2022-09-01,23-24,2026-08-22
SSF Casa Sonoma LP,11107,IMPERIAL,"Step Forward Communities, A California Nonprofit Public Benefit Corporation",24993,2022-10-12,23-24,2026-08-22
"Pacific Station South Investors, L.P.",11108,SANTA CRUZ,"PacH Lancaster Holdings, LLC",23523,2022-09-01,23-24,2026-08-22
"Lynx Family Housing Partners, L.P.",11110,ORANGE,Riverside Charitable Corporation,10533,2022-11-02,23-24,2026-08-22
"BTICS, LP",11111,LOS ANGELES,"FFAH V Lucena on Court, LLC",32809,2022-10-25,23-24,2026-08-22
"Bryson II Partners, LP",11112,LOS ANGELES,"Los Angeles Housing Partnership, Inc.",7568,2022-11-09,21-22,2026-08-22
"Marianna Ranch, LP, A California Limited Partnership",11113,SANTA BARBARA,Santa Barbara Housing Assistance Corporation,11239,2022-11-23,20-21,2026-08-22
Valencia Garden LP,11114,ORANGE,OHDC Valencia LLC,32945,2023-02-02,23-24,2026-08-22
Magnolia SSF LP,11115,SAN MATEO,Magplaza SSF LLC,32946,2023-02-15,22-23,2026-08-22
"MP 414 Petaluma Associates, LP",11116,SONOMA,MP 414 Petaluma LLC,32947,2022-09-01,22-23,2026-08-22
"Sierra Vista Senior Apartments, LP",11117,LOS ANGELES,"FFAH II Sierra Vista Senior, LLC",32536,2023-01-03,22-23,2026-08-22
"Post Preservation LP, The",11118,CONTRA COSTA,"Post MGP LLC, The",32949,2022-11-02,23-24,2026-08-22
"Pointe on La Brea, L.P.",11119,LOS ANGELES,"Pointe on La Brea EAH, LLC",32950,2022-09-01,22-23,2026-08-22
3rd & Dangler LP,11120,LOS ANGELES,NCRC Dangler LLC,32958,2022-09-06,22-23,2026-08-22
"Cornerstone North Mutual Housing Associates, L.P.",11121,SACRAMENTO,Cornerstone North Mutual Housing Association LLC,32959,2022-09-07,23-24,2026-08-22
"El Centro Senior Villas Apts, LP",11125,IMPERIAL,"FFAH II El Centro Senior Villas, LLC",32808,2022-11-03,23-24,2026-08-22
Golden Pierce Housing Partners L.P.,11126,RIVERSIDE,NCRC Golden Pierce LLC,32963,2023-01-04,23-24,2026-08-22
"Cornerstone South Mutual Housing Associates, L.P.",11127,SACRAMENTO,Cornerstone South Mutual Housing Association LLC,32964,2022-09-14,23-24,2026-08-22
TDF LP,11129,LOS ANGELES,"CARE Housing Services GP, LLC",24212,2022-09-14,23-24,2026-08-22
"Milpitas Pacific Associates, A California Limited Partnership",11133,SANTA CLARA,Central Valley Coalition for Affordable Housing,2419,2022-09-14,23-24,2026-08-22
"Mammoth Lakes Pacific Associates, A California Limited Partnership",11134,MONO,Central Valley Coalition for Affordable Housing,2419,2022-09-14,23-24,2026-08-22
"Village Green II, LP",11135,SONOMA,"Village Green II, LLC",32973,2022-09-15,23-24,2026-08-22
Saybrook Housing Partners LP,11136,SACRAMENTO,JHC-Saybrook LLC,32974,2022-11-22,23-24,2026-08-22
Waterstone Owner LP,11137,LOS ANGELES,"FFAH V Waterstone, LLC",32971,2023-02-16,24-25,2026-08-22
"Legacy Square, L.P.",11138,ORANGE,"NCRC Legacy MGP, LLC",32981,2023-11-20,21-22,2026-08-22
"Sunrise Crossing Affordable, LP",11140,SACRAMENTO,"PacH Anton South Holdings, LLC",23565,2022-09-14,23-24,2026-08-22
CRP Napa Cove Apartments LP,11141,NAPA,PSCDC Napa Cove LLC,32996,2023-05-08,23-24,2026-08-22
Standard Heritage Livermore Owner LP,11142,ALAMEDA,HOM Heritage Livermore LLC,32997,2022-12-08,23-24,2026-08-22
"Mercy Housing California 89, L.P.",11143,LOS ANGELES,Mercy Housing California 89 LLC,32998,2022-09-21,22-23,2026-08-22
"Mercy Housing California 72, L.P.",11144,SANTA CRUZ,Mercy Housing California 72 LLC,32999,2022-12-28,23-24,2026-08-22
Standard Heritage Anaheim Owner LP,11145,ORANGE,HOM Heritage Anaheim LLC,33000,2022-12-02,23-24,2026-08-22
Alturas Crossing I L.P.,11146,SHASTA,Community Revitalization and Development Corporation,11591,2022-09-14,23-24,2026-08-22
Warthan Place Apartment Investors II L.P.,11147,FRESNO,Community Revitalization and Development Corporation,11591,2022-09-14,23-24,2026-08-22
Center of Hope Apartments L.P.,11148,SHASTA,Community Revitalization and Development Corporation,11591,2022-09-14,23-24,2026-08-22
"Oakland MacArthur Pacific Associates, A California Limited Partnership",11149,ALAMEDA,Central Valley Coalition for Affordable Housing,2419,2022-09-14,23-24,2026-08-22
Standard Heritage Escondido Owner LP,11150,SAN DIEGO,HOM Heritage Escondido LLC,33001,2022-12-02,23-24,2026-08-22
333 Monterey Road LP,11152,LOS ANGELES,333 Monterey Road LLC,33003,2022-09-21,23-24,2026-08-22
Olive Ranch Senior Apartments L.P.,11153,BUTTE,Community Revitalization and Development Corporation,11591,2022-09-14,23-24,2026-08-22
Table Mountain Apartments I LP,11154,BUTTE,Community Revitalization and Development Corporation,11591,2024-11-22,24-25,2026-08-22
Canterbury Village LP,11155,LOS ANGELES,Canterbury Village LLC,33004,2022-09-29,23-24,2026-08-22
"Avanath YL Palms, LP",11156,ORANGE,COR Community Development Corporation,23379,2022-09-27,23-24,2026-08-22
Burney Commons L.P.,11157,SHASTA,Community Revitalization and Development Corporation,11591,2022-09-27,23-24,2026-08-22
"727 Carondelet, L.P.",11160,LOS ANGELES,"RCC MGP, LLC",25160,2022-10-10,23-24,2026-08-22
"Simi Valley Pacific Associates, A California Limited Partnership",11161,VENTURA,Central Valley Coalition for Affordable Housing,2419,2022-10-06,23-24,2026-08-22
"MM Aviara, L.P.",11163,SONOMA,"Aviara PSCDC, LLC",33024,2022-10-05,23-24,2026-08-22
SC Cedar Street Apartments LP,11164,SANTA CRUZ,"PacH Lancaster Holdings, LLC",23523,2022-10-05,23-24,2026-08-22
"Alves Lane, L.P.",11165,CONTRA COSTA,"FFAH V Alves Lane, LLC",32523,2022-10-06,22-23,2026-08-22
"Trestle Mississippi, LP",11166,SAN DIEGO,"Mississippi ECB Apartments MGP, LLC",33012,2022-12-19,22-23,2026-08-22
CRP Worthington La Luna Family Apartments LP,11167,IMPERIAL,MAAC Worthington La Luna Family Apartments MGP LLC,33027,2023-02-07,21-22,2026-08-22
CRP Worthington Del Sol Family Apartments LP,11168,IMPERIAL,MAAC Worthington Del Sol Family Apartments MGP LLC,33028,2022-12-06,23-24,2026-08-22
"722 Coronado, L.P.",11169,LOS ANGELES,"RCC MGP, LLC",25160,2022-10-06,23-24,2026-08-22
"1240 Elden, L.P.",11170,LOS ANGELES,"RCC MGP, LLC",25160,2022-09-27,23-24,2026-08-22
CRP Valencia Pointe LP,11171,SAN DIEGO,MAAC Valencia Pointe MGP LLC,33029,2022-11-23,21-22,2026-08-22
Southern Highlands Apartments LP,11172,SAN DIEGO,"PacH San Jose Holdings, LLC",24753,2022-10-13,23-24,2026-08-22
"HPD Noble Creek II, LP",11174,RIVERSIDE,"Hearthstone CA Properties III, LLC",31435,2022-10-06,23-24,2026-08-22
"Avanath Hurley, LP",11175,SACRAMENTO,"Pacific Housing, Inc.",14273,2022-10-13,23-24,2026-08-22
"Sonterra Housing Investors, L.P.",11176,IMPERIAL,Las Palmas Foundation,14526,2022-10-13,23-24,2026-08-22
"Sun Commons, LP",11177,LOS ANGELES,"Sun Commons Abbey Road, LLC",32703,2022-09-27,21-22,2026-08-22
"Richmond Hacienda, L.P.",11178,CONTRA COSTA,Richmond Hacienda GP LLC,33044,2022-12-23,22-23,2026-08-22
"2400 Long Beach, LP",11179,LOS ANGELES,"WCH Affordable LXVIII, LLC",33045,2022-10-05,23-24,2026-08-22
"Ivy Valley Housing Partners, L.P.",11180,SAN DIEGO,NCRC Valley Seniors MGP LLC,33046,2022-10-26,22-23,2026-08-22
"Vision 19, L.P.",11181,SAN JOAQUIN,Vision 19 GP LLC,32829,2022-10-12,21-22,2026-08-22
Belage Preservation Limited Partnership,11182,ORANGE,JHC-Belage GP LLC,31376,2022-11-23,23-24,2026-08-22
"Village at Madrone, LP",11183,SANTA CLARA,"PacH San Jose Holdings, LLC",24753,2022-10-27,23-24,2026-08-22
"Alexandria Housing Partners, L.P.",11184,LOS ANGELES,"Step Forward Communities, A California Nonprofit Public Benefit Corporation",24993,2022-10-27,23-24,2026-08-22
"Residency at the Entrepreneur, LP",11185,LOS ANGELES,Kingdom Entrepreneur LLC,33055,2022-10-27,23-24,2026-08-22
"Cambern Avenue Housing Associates, L.P.",11187,RIVERSIDE,"CHW Cambern Avenue, LLC",33057,2025-07-21,26-27,2026-08-22
NCRC NSV LP,11188,SAN DIEGO,NCRC NSV GP LLC,33058,2022-10-26,23-24,2026-08-22
CRP St. Stephen's Apartments LP,11189,SAN DIEGO,St. Stephen's Apartments MGP LLC,33059,2022-11-21,22-23,2026-08-22
"Heritage House Partners, LP",11190,NAPA,Heritage House LLC,32801,2022-12-20,23-24,2026-08-22
"3Roots CIC, LP",11191,SAN DIEGO,Pacific Southwest Community Development Corporation,9498,2022-11-04,22-23,2026-08-22
"Millenia II CIC, LP",11192,SAN DIEGO,Pacific Southwest Community Development Corporation,9498,2022-11-04,22-23,2026-08-22
"Corallina CIC, LP",11193,SAN DIEGO,Pacific Southwest Community Development Corporation,9498,2022-11-04,22-23,2026-08-22
"Brawley Adams II CIC, LP",11194,IMPERIAL,Pacific Southwest Community Development Corporation,9498,2022-11-04,22-23,2026-08-22
2990 Tahquitz Canyon Way LP,11195,RIVERSIDE,Spectrum Alamos GP LLC,31178,2022-12-20,23-24,2026-08-22
Olive Grove Associates LP,11196,TEHAMA,Olive Grove Associates LLC,33069,2022-10-26,22-23,2026-08-22
Orr Creek Commons II Associates LP,11197,MENDOCINO,Orr Creek Commons II Associates LLC,33070,2022-10-26,22-23,2026-08-22
Pine Hill Associates LP,11198,HUMBOLDT,Pine Hill Associates LLC,33071,2022-10-26,22-23,2026-08-22
"Fred Young Phase III Associates, L.P.",11199,RIVERSIDE,Fred Young Phase III LLC,33072,2023-02-07,21-22,2026-08-22
"Kern County Housing Partners, L.P.",11200,KERN,AOF Kern MGP LLC,33073,2022-10-26,22-23,2026-08-22
"Kern County Housing Partners, L.P.",11201,KERN,AOF Kern MGP LLC,33073,2022-10-26,22-23,2026-08-22
"Kern County Housing Partners, L.P.",11202,KERN,AOF Kern MGP LLC,33073,2022-10-26,22-23,2026-08-22
"Kern County Housing Partners, L.P.",11203,KERN,AOF Kern MGP LLC,33073,2022-10-26,22-23,2026-08-22
"Ivy Valley Housing Partners, L.P.",11204,SAN DIEGO,Ivy Valley Housing LLC,33074,2022-10-26,22-23,2026-08-22
"Crocker Apartments, L.P.",11205,LOS ANGELES,Crocker Apartments LLC,33075,2023-01-31,22-23,2026-08-22
TwelveThirteen Homekey LP,11206,MERCED,HOM XXVIII LLC,33076,2022-11-21,23-24,2026-08-22
"Heritage Commons Phase III, L.P.",11207,SOLANO,DSHC Heritage Commons III LLC,32847,2022-10-12,22-23,2026-08-22
"Heritage Commons Phase III, L.P.",11208,SOLANO,DSHC Heritage Commons III LLC,32847,2022-10-12,22-23,2026-08-22
"Octavia RSU Associates, L.P.",11209,SAN FRANCISCO,Octavia RSU GP LLC,33084,2022-11-09,23-24,2026-08-22
750 Oddstad LP,11210,SAN MATEO,750 Oddstad LLC,33077,2022-11-04,23-24,2026-08-22
"Avanath Whitney, LP",11211,PLACER,"Pacific Housing, Inc.",14273,2022-11-04,23-24,2026-08-22
Central City I LP,11213,SACRAMENTO,Central City I LLC,32803,2022-11-08,23-24,2026-08-22
Monte Vista Preservation LP,11214,SANTA CLARA,"Hearthstone CA Properties III, LLC",31435,2022-11-04,23-24,2026-08-22
Monte Vista Preservation LP,11215,SANTA CLARA,"Hearthstone CA Properties III, LLC",31435,2022-11-04,23-24,2026-08-22
Arborelle Preservation LP,11216,SACRAMENTO,"Hearthstone CA Properties III, LLC",31435,2022-11-04,23-24,2026-08-22
Shenandoah Preservation LP,11217,SACRAMENTO,"Hearthstone CA Properties III, LLC",31435,2022-11-04,23-24,2026-08-22
"Sherwood Avenue Family Apartments, LP",11218,KERN,"PacH Lancaster Holdings, LLC",23523,2022-10-28,23-24,2026-08-22
"Mercy Housing California 100, L.P.",11219,LOS ANGELES,Mercy Housing California 100 LLC,33093,2022-11-07,22-23,2026-08-22
"MP Firehouse Square Associates, L.P.",11220,SAN MATEO,MP Firehouse Square LLC,33094,2022-12-20,21-22,2026-08-22
"180 Jones Associates, L.P.",11221,SAN FRANCISCO,180 Jones GP LLC,33095,2023-09-12,23-24,2026-08-22
Standard Aspen Wood Venture LP,11222,CONTRA COSTA,Housing on Merit XXII LLC,33097,2023-01-20,23-24,2026-08-22
Central Terrace LP,11223,VENTURA,Central Terrace LLC,33098,2023-04-14,23-24,2026-08-22
"Mercy Housing California 95, L.P.",11224,LOS ANGELES,Mercy Housing California 95 LLC,33099,2022-11-07,22-23,2026-08-22
"Mercy Housing California 72, L.P.",11231,SANTA CRUZ,Mercy Housing California 72 LLC,32999,2022-12-30,23-24,2026-08-22
Fair Oaks Senior LP,11232,SACRAMENTO,Greek Orthodox Housing Corporation,5735,2023-01-04,22-23,2026-08-22
"Arena Senior Investors, LP",11233,SACRAMENTO,Greek Orthodox Housing Corporation,5735,2023-01-06,21-22,2026-08-22
"Palm Terrace II, L.P.",11234,TULARE,Palm Terrace II LLC,33121,2023-01-13,23-24,2026-08-22
"Barrett Terrace Housing, LP",11235,CONTRA COSTA,"CHDC Barrett Terrace, LLC",26456,2023-01-31,22-23,2026-08-22
"BRJE Phase 2 Housing Partners, L.P.",11236,SONOMA,"BHDC Mendocino II, LLC",33122,2022-12-21,23-24,2026-08-22
"Park View Village, L.P.",11237,TULARE,"WCH Affordable LXI, LLC",33123,2022-11-22,23-24,2026-08-22
"Plaza Grande Homes, LP",11238,MONTEREY,"FFAH V Plaza Grande Homes, LLC",33118,2022-11-09,23-24,2026-08-22
CVDH LP,11239,RIVERSIDE,SCHOC2 LLC,33135,2024-04-11,23-24,2026-08-22
"DHI Gloria Drive Apartments, L.P.",11240,SACRAMENTO,"Community Resident Services, Inc.",20833,2023-02-09,23-24,2026-08-22
"DHI Shasta Garden Apartments, L.P.",11241,GLENN,"Community Resident Services, Inc.",20833,2023-02-09,23-24,2026-08-22
"Wheatland Pacific Associates, a California Limited Partnership",11242,YUBA,"Bear Ridge-BBP, LLC",33136,2022-11-23,23-24,2026-08-22
"Plymouth Place RHF Partners, LP",11243,SAN JOAQUIN,"Plymouth Place RHF Housing, LLC",33137,2023-03-02,22-23,2026-08-22
"Brooklyn Basin Associates IV, L.P.",11244,ALAMEDA,MP Brooklyn Basin IV LLC,33138,2022-12-01,23-24,2026-08-22
"Park Meadows, LP",11245,KERN,Central Valley Coalition for Affordable Housing,2419,2022-11-28,23-24,2026-08-22
"Cedarbrook Apartments, LP",11246,KINGS,Central Valley Coalition for Affordable Housing,2419,2022-11-29,23-24,2026-08-22
"Carrington Pointe Apartments, LP",11247,MERCED,Central Valley Coalition for Affordable Housing,2419,2022-11-29,23-24,2026-08-22
"4132 Beyer, L.P.",11248,SAN DIEGO,MAAC Ventana al Sur MGP LLC,33139,2022-12-01,21-22,2026-08-22
Montecito II Senior Housing LP,11249,LOS ANGELES,Housing Corporation of America,6275,2022-11-29,23-24,2026-08-22
Parkview Affordable Housing LP,11250,LOS ANGELES,Housing Corporation of America,6275,2022-12-01,23-24,2026-08-22
"Avanath Baldwin Village, LP",11251,LOS ANGELES,"La Cienega Lomod, Inc.",7067,2023-03-03,23-24,2026-08-22
"MP Live Oak Associates, L.P.",11252,SANTA CRUZ,MP Live Oak LLC,33160,2023-02-09,22-23,2026-08-22
"MP Moorpark Associates, L.P.",11253,SANTA CLARA,"MP Moorpark, LLC",33161,2023-04-25,22-23,2026-08-22
"FCTC Family, L.P.",11254,FRESNO,Community Revitalization and Development Corporation,11591,2022-12-02,23-24,2026-08-22
"Crescent Villages II, L.P.",11255,LOS ANGELES,"RCC MGP, LLC",25160,2022-12-22,23-24,2026-08-22
"Twin Rivers Phase 3, L.P.",11256,SACRAMENTO,Mirasol Village Block C LLC,33141,2022-12-02,23-24,2026-08-22
"Mission Village II, L.P.",11257,LOS ANGELES,"RCC MGP, LLC",25160,2022-12-05,23-24,2026-08-22
"La Veranda, L.P.",11258,LOS ANGELES,"La Veranda GP, LLC",33170,2023-03-07,22-23,2026-08-22
"Allied 4038 Irvington, L.P.",11260,ALAMEDA,Allied 4038 Irvington LLC,33171,2024-04-19,22-23,2026-08-22
"MP Downtown San Mateo Associates, L.P.",11261,SAN MATEO,"MP Downtown San Mateo, LLC",33172,2023-06-16,22-23,2026-08-22
"Cannery at Railroad Square, LP, The",11263,SONOMA,"PacH Lancaster Holdings, LLC",23523,2022-12-14,23-24,2026-08-22
"MP Berry Farms Associates, L.P.",11264,SANTA CRUZ,MP Berry Farms LLC,33186,2023-02-08,23-24,2026-08-22
"UP Northstar, LP",11265,KINGS,Northstar SHE LLC,33187,2023-05-23,23-24,2026-08-22
"MP Miles Lane Associates, L.P.",11267,SANTA CRUZ,MP Miles Lane LLC,33190,2023-08-11,21-22,2026-08-22
"Sylmar Olive Manor, LP",11268,LOS ANGELES,"Housing Preservation, Inc.",24392,2023-02-07,23-24,2026-08-22
Kristine Housing Partners LP,11269,KERN,"FFAH V Kristine Apartments, LLC",33153,2022-12-14,23-24,2026-08-22
"Sugar Pine Housing Partners, L.P.",11270,EL DORADO,St. Joseph Sugar Pine Village LLC,33197,2022-12-13,23-24,2026-08-22
"Sunnyview Villa Community Partners, LP",11271,RIVERSIDE,FFAH V Sunnyview Villa LLC,33126,2022-12-29,23-24,2026-08-22
"Firmin Court, L.P.",11272,LOS ANGELES,"Decro Firmin, LLC",33014,2023-09-11,22-23,2026-08-22
"Broadway Apartments Preservation, LP",11273,LOS ANGELES,"Step Up On Second Street, Inc.",12397,2022-12-09,21-22,2026-08-22
"Julia Palms Senior, LP",11274,SAN BERNARDINO,"FFAH II Julia Palms, LLC",33154,2023-03-16,23-24,2026-08-22
"Palm Vista, LP",11275,LOS ANGELES,"HCHC Palm Vista MGP, LLC",33205,2023-01-03,22-23,2026-08-22
Irolo Limited Partnership,11276,LOS ANGELES,Swansea Development Corporation,23958,2023-01-17,23-24,2026-08-22
"Riverside Supportive Housing, L.P.",11277,RIVERSIDE,"Supportive Housing, LLC",26356,2023-07-21,22-23,2026-08-22
"Crescent Villages II, L.P.",11278,LOS ANGELES,"RCC MGP, LLC",25160,2022-12-22,23-24,2026-08-22
"IDEAL Cambridge, LP",12278,SAN JOAQUIN,Central Valley Coalition for Affordable Housing,2419,2022-12-22,23-24,2026-08-22
"Beacon Landing, L.P.",12279,LOS ANGELES,"Beacon Landing GP, LLC",34211,2023-03-07,21-22,2026-08-22
"Shell Beach Senior, L.P.",12280,SAN LUIS OBISPO,San Luis Obispo Nonprofit Housing Corporation,11181,2022-12-22,23-24,2026-08-22
Harrower Village L.P.,12281,LOS ANGELES,"Harrower Village GP, LLC",34210,2023-03-07,23-24,2026-08-22
Madson Gardens Homekey LP,12283,SAN BERNARDINO,HOM XXIX LLC,34219,2023-05-02,24-25,2026-08-22
"Blake Apartments, L.P.",12284,ALAMEDA,"Satellite AHA Development, Inc.",16,2022-12-30,22-23,2026-08-22
"Island Garden Housing, L.P.",12285,SAN DIEGO,PSCDC Island LLC,34220,2023-03-08,23-24,2026-08-22
Power Inn Sacramento L.P.,12286,SACRAMENTO,"PacH Anton South Holdings, LLC",23565,2022-12-30,23-24,2026-08-22
"Gridley Family Associates, A California Limited Partnership",12287,BUTTE,Butte County Affordable Housing Development Corporation,1658,2023-03-07,22-23,2026-08-22
"Perris Housing Investors, L.P.",12288,RIVERSIDE,"WCH Affordable LX, LLC",34226,2022-12-30,23-24,2026-08-22
Park 1309 Homekey LP,12289,FRESNO,HOM XXVII LLC,34228,2023-07-28,24-25,2026-08-22
"Salvation Army Anaheim Center of Hope Apartments, L.P., The",12290,ORANGE,"Salvation Army Westwood Village, Inc., The",18457,2022-12-30,23-24,2026-08-22
"Salvation Army Pasadena Hope Center Apartments, L.P., The",12291,LOS ANGELES,"Salvation Army Westwood Village, Inc., The",18457,2023-02-15,22-23,2026-08-22
Meadows Seniors LP,12292,ORANGE,"RCC MGP, LLC",25160,2022-12-30,23-24,2026-08-22
"Fresno 1101 Parkway, LP",12293,FRESNO,"Silvercrest, Inc.",11739,2023-05-17,23-24,2026-08-22
"Cerro Pueblo Housing Partners, LP",12294,SAN DIEGO,"Cerro Pueblo Housing, LLC",34229,2023-11-07,24-25,2026-08-22
"28195 Highway 101, L.P.",12295,SONOMA,Corporation for Better Housing,3474,2023-02-02,23-24,2026-08-22
"Villa Vanowen, L.P.",12296,LOS ANGELES,"CADI XVI, LLC",34235,2023-01-04,23-24,2026-08-22
"Merge 56 Affordable, LP",12297,SAN DIEGO,AOF SD MGP LLC,34236,2023-01-06,23-24,2026-08-22
"Vista Dorada, L.P.",12298,LOS ANGELES,"Vista Dorada GP, LLC",34237,2023-04-18,23-24,2026-08-22
"Arthur at Blackstone, LP, The",12299,FRESNO,"Silvercrest, Inc.",11739,2023-01-04,23-24,2026-08-22
"MHDC New Map, L.P.",12300,SAN FRANCISCO,MHDC New Map LLC,34239,2023-04-25,23-24,2026-08-22
"MHDC New Map, L.P.",12301,SAN FRANCISCO,MHDC New Map LLC,34239,2023-04-25,23-24,2026-08-22
"MHDC New Map, L.P.",12302,SAN FRANCISCO,MHDC New Map LLC,34239,2023-04-25,23-24,2026-08-22
"MHDC New Map, L.P.",12304,SAN FRANCISCO,MHDC New Map LLC,34239,2023-04-25,23-24,2026-08-22
"MHDC New Map, L.P.",12306,SAN FRANCISCO,MHDC New Map LLC,34239,2023-04-25,23-24,2026-08-22
"Centennial Square Apartments, L.P.",12307,SANTA BARBARA,Kingdom Paradise Gardens LLC,34240,2023-01-05,23-24,2026-08-22
Federation Venture LP,12308,LOS ANGELES,"Rainbow - Federation, LLC",34241,2023-02-07,23-24,2026-08-22
Pioneer Gardens Venture LP,12309,LOS ANGELES,"Rainbow - Pioneer, LLC",34242,2023-01-17,23-24,2026-08-22
"Wong Center at the Railyard, L.P.",12310,SACRAMENTO,Wong Center Mutual Housing Association LLC,34243,2023-01-04,23-24,2026-08-22
"295 Shiloh Rd., L.P.",12311,SONOMA,Corporation for Better Housing,3474,2023-01-06,23-24,2026-08-22
"Temecula Pacific Associates, a California Limited Partnership",12312,RIVERSIDE,"RCC MGP, LLC",25160,2023-01-25,23-24,2026-08-22
"Elk Grove Laguna Pacific Associates, a California Limited Partnership",12313,SACRAMENTO,Riverside Charitable Corporation,10533,2023-01-26,23-24,2026-08-22
"Sanger Wedgewood, LP",12314,FRESNO,"Silvercrest, Inc.",11739,2024-04-19,25-26,2026-08-22
"8760 Jamacha Road (CA) Owner, LP",12315,SAN DIEGO,Central Valley Coalition for Affordable Housing,2419,2023-05-08,23-24,2026-08-22
Levant Senior Cottages LP,12316,SAN DIEGO,Wakeland Levant LLC,34249,2023-04-27,22-23,2026-08-22
"La Mesa 694, L.P.",12317,SAN DIEGO,Riverside Charitable Corporation,10533,2023-01-24,23-24,2026-08-22
"Mainline North 701, L.P.",12318,SANTA CLARA,Riverside Charitable Corporation,10533,2023-01-24,23-24,2026-08-22
"Carlsbad 685, L.P.",12319,SAN DIEGO,Riverside Charitable Corporation,10533,2023-01-24,23-24,2026-08-22
"Serra, LP",12320,ALAMEDA,"PacH Anton South Holdings, LLC",23565,2023-03-16,23-24,2026-08-22
"53 Colton, L.P.",12321,SAN FRANCISCO,CHP Colton LLC,34253,2023-05-02,21-22,2026-08-22
"Senderos Housing Partners, L.P.",12322,LOS ANGELES,"Casa Esperanza Holdings, LLC",22377,2023-07-28,18-19,2026-08-22
"Estrella Housing Partners, L.P.",12323,LOS ANGELES,"Casa Esperanza Holdings, LLC",22377,2023-08-11,18-19,2026-08-22
"ECHC, L.P.",12324,LOS ANGELES,"Casa Esperanza Holdings, LLC",22377,2024-03-19,18-19,2026-08-22
"Chancellor Partners, LP, The",12325,LOS ANGELES,Central Valley Coalition for Affordable Housing,2419,2023-01-30,23-24,2026-08-22
"Woodland CIC, LP",12326,YOLO,Pacific Southwest Community Development Corporation,9498,2023-08-11,23-24,2026-08-22
"Porterville CIC, LP",12327,TULARE,Pacific Southwest Community Development Corporation,9498,2023-09-25,23-24,2026-08-22
"Calexico Meadows CIC, LP",12328,IMPERIAL,Pacific Southwest Community Development Corporation,9498,2023-10-18,23-24,2026-08-22
"Stine & Berkshire CIC, LP",12329,KERN,Pacific Southwest Community Development Corporation,9498,2023-02-07,23-24,2026-08-22
"UrbanCore Preservation - 40th Street, LP",12331,ALAMEDA,"PacH Affordable Holdings, LLC",26067,2023-08-11,23-24,2026-08-22
"UrbanCore Preservation - Redwood, LP",12332,ALAMEDA,"PacH Affordable Holdings, LLC",26067,2023-08-11,23-24,2026-08-22
"UrbanCore Preservation - Grove, LP",12333,ALAMEDA,"PacH Affordable Holdings, LLC",26067,2023-08-11,23-24,2026-08-22
Tahoe Preservation Associates LP,12334,NEVADA,"CARE Housing Services GP, LLC",24212,2023-02-14,23-24,2026-08-22
"PSJ Investment Group, LP",12335,FRESNO,"Beneficial Housing Foundation, The",22450,2023-03-20,23-24,2026-08-22
"PSJ Investment Group, LP",12336,FRESNO,"Beneficial Housing Foundation, The",22450,2023-03-20,23-24,2026-08-22
"Harvard Adams Housing Partners, LP",12337,LOS ANGELES,"FFAH V Harvard Adams, LLC",34266,2023-01-27,23-24,2026-08-22
"Villa Verde Housing Partners, LP",12338,LOS ANGELES,FFAH V Villa Verde LLC,34269,2023-03-03,23-24,2026-08-22
"Palmer Park Housing Partners, LP",12339,LOS ANGELES,FFAH V Palmer Park LLC,34270,2023-03-14,23-24,2026-08-22
"Harvard Adams Housing Partners, LP",12340,LOS ANGELES,"FFAH V Harvard Adams, LLC",34266,2023-01-27,23-24,2026-08-22
"Balboa Park Housing Partners, L.P.",12341,SAN FRANCISCO,"Colosimo Apartments, Inc.",3056,2023-04-27,22-23,2026-08-22
"Coloma Woods Community Partners, LP",12342,SACRAMENTO,"FFAH II Coloma Woods, LLC",34271,2023-02-03,23-24,2026-08-22
"800 W. Carson, LP",12343,LOS ANGELES,FFAH V 800 Carson LLC,34272,2023-02-03,23-24,2026-08-22
"2400 Willow Pass, L.P.",12344,CONTRA COSTA,FFAH V Willow Pass LLC,34273,2023-03-17,23-24,2026-08-22
"Golden Bear Homes, LP",12345,ALAMEDA,Bay Area Community Services Housing Corporation,25010,2023-05-25,23-24,2026-08-22
"Piedmont Homes, LP",12346,ALAMEDA,Bay Area Community Services Housing Corporation,25010,2023-05-25,23-24,2026-08-22
"Morgan Hill Senior Housing, L.P.",12347,SANTA CLARA,"Morgan Hill Senior Housing GP, LLC",34275,2023-04-26,23-24,2026-08-22
"21 N 21st Street, LP",12348,SANTA CLARA,"21 N 21st Street, LLC",34276,2023-02-08,23-24,2026-08-22
"Palm Desert Pacific Associates, A California Limited Partnership",12350,RIVERSIDE,Central Valley Coalition for Affordable Housing,2419,2023-02-09,23-24,2026-08-22
"Wasco Pacific Associates, A California Limited Partnership",12351,KERN,Central Valley Coalition for Affordable Housing,2419,2023-02-09,23-24,2026-08-22
"Bell Street Gardens, L.P.",12352,ALAMEDA,"RCD GP, LLC",24361,2023-04-24,23-24,2026-08-22
"Los Arroyos I, L.P.",12353,TULARE,Los Arroyos I LLC,34285,2023-02-16,23-24,2026-08-22
"Neighborhood Village, L.P.",12354,TULARE,Neighborhood SHE LLC,34286,2023-06-21,24-25,2026-08-22
"Luna Vista, L.P.",12356,LOS ANGELES,"HCHC Luna Vista GP, LLC",34290,2023-03-17,23-24,2026-08-22
"Roseville Pacific Associates, A California Limited Partnership",12357,PLACER,Central Valley Coalition for Affordable Housing,2419,2023-03-06,23-24,2026-08-22
"San Jose Bascom Associates, A California Limited Partnership",12358,SANTA CLARA,Central Valley Coalition for Affordable Housing,2419,2023-05-08,23-24,2026-08-22
"Fremont Pacific Associates II, A California Limited Partnership",12359,ALAMEDA,Central Valley Coalition for Affordable Housing,2419,2023-04-27,23-24,2026-08-22
MacArthur A LP,12360,LOS ANGELES,AHCDC MacArthur A LLC,34294,2023-03-17,23-24,2026-08-22
Mabuhay and Lakehurst LP,12362,ALAMEDA,ICD Mabuhay LLC,34297,2024-05-29,25-26,2026-08-22
Lakehurst and Mosley LP,12363,ALAMEDA,ICD Lakehurst LLC,34298,2024-06-07,25-26,2026-08-22
VA Building 402 LP,12365,LOS ANGELES,Housing Corporation of America,6275,2023-10-31,24-25,2026-08-22
"225 N. Crescent Dr., L.P.",12366,LOS ANGELES,Beverly Hills Senior Citizen Housing Corporation,1281,2023-04-27,23-24,2026-08-22
Frederick and 52 II Limited Partnership,12367,RIVERSIDE,"CARE Housing Services GP, LLC",24212,2023-10-06,23-24,2026-08-22
Sacramento 11th Street LP,12368,SACRAMENTO,Community Revitalization and Development Corporation,11591,2023-03-08,23-24,2026-08-22
Clearlake Burns Valley Road LP,12369,LAKE,Community Revitalization and Development Corporation,11591,2023-06-28,23-24,2026-08-22
"Cleveland Ave, L.P.",12371,ALAMEDA,Cleveland Ave LLC,34307,2023-02-24,23-24,2026-08-22
"Beth Asher, L.P.",12372,ALAMEDA,"Beth Asher, LLC",34308,2023-02-24,23-24,2026-08-22
"Ancora, L.P.",12373,ALAMEDA,"Satellite AHA Development, Inc.",16,2023-03-09,23-24,2026-08-22
Ukiah Gobbi Street LP,12374,MENDOCINO,Community Revitalization and Development Corporation,11591,2023-03-09,23-24,2026-08-22
"River City Senior Apartments, L.P.",12375,SONOMA,River City Senior Apartments LLC,34309,2023-03-02,22-23,2026-08-22
Paseo Adelanto Housing Partners LP,12376,ORANGE,JHC-Paseo Adelanto LLC,34314,2023-04-27,23-24,2026-08-22
"Monte Alban Partners, LP",12377,SANTA CLARA,"PacH San Jose Holdings, LLC",24753,2023-04-21,24-25,2026-08-22
"Crossroads Village Fresno, L.P.",12378,FRESNO,HOM XXXI LLC,34318,2023-08-22,24-25,2026-08-22
"Mercy Housing California 105, L.P.",12379,SACRAMENTO,Mercy Housing California 105 LLC,33054,2023-04-27,22-23,2026-08-22
"Montevista San Pablo AR, L.P.",12380,CONTRA COSTA,Las Palmas Foundation,14526,2023-03-29,23-24,2026-08-22
"JSP Rancho Del Rio, LP",12382,SAN DIEGO,HOM XXXII LLC,34321,2023-09-21,23-24,2026-08-22
Westview House LP,12383,ORANGE,Westview Mercy House CHDO LLC,34324,2023-03-13,23-24,2026-08-22
2nd & B LP,12384,VENTURA,2nd & B Mercy House CHDO LLC,34325,2023-03-13,23-24,2026-08-22
Lake House LP,12385,LOS ANGELES,Lake House Mercy House CHDO LLC,32600,2023-03-03,22-23,2026-08-22
"Tonea Senior, L.P.",12386,BUTTE,"Spectrum GP, LLC",32753,2023-04-28,23-24,2026-08-22
"Juniper Valley Associates, L.P.",12387,LOS ANGELES,"Spectrum GP, LLC",32753,2023-03-29,23-24,2026-08-22
Residency at Empire I LP,12388,LOS ANGELES,"Kingdom Empire I, LLC",34332,2023-03-13,23-24,2026-08-22
"Avenida Armand, L.P.",12389,SANTA CLARA,Avenida Armand LLC,34338,2023-05-25,23-24,2026-08-22
Woodlake Property LP,12390,LOS ANGELES,"La Cienega Lomod, Inc.",7067,2024-04-12,23-24,2026-08-22
"Mercy Housing California 82, L.P.",12391,SAN FRANCISCO,Mercy Housing Calwest,101,2025-05-09,23-24,2026-08-22
"Fiddyment Affordable Partners, L.P.",12392,PLACER,Affordable Housing Community Development Corporation,33002,2023-04-21,23-24,2026-08-22
"Mercy Housing California 97, L.P.",12393,SAN FRANCISCO,Mercy Housing California 97 LLC,34342,2024-01-19,23-24,2026-08-22
"Avanath Creekside, LP",12394,MARIN,"PacH San Jose Holdings, LLC",24753,2023-04-21,23-24,2026-08-22
"Avanath Bay Vista, LP",12395,MARIN,"PacH San Jose Holdings, LLC",24753,2023-04-21,23-24,2026-08-22
"8333 Airport, L.P.",12396,LOS ANGELES,CCSM Airport LLC,34353,2023-10-11,23-24,2026-08-22
"Gateway Mixed Use Development, A California Limited Partnership",12397,CONTRA COSTA,"Spectrum GP, LLC",32753,2023-11-06,23-24,2026-08-22
"Escalante Meadows, L.P.",12398,SANTA BARBARA,Surf Development Company,15513,2023-06-20,23-24,2026-08-22
"Avanath Baldwin Village, LP",12399,LOS ANGELES,"La Cienega Lomod, Inc.",7067,2023-03-03,23-24,2026-08-22
"Avanath Baldwin Village, LP",12400,LOS ANGELES,"La Cienega Lomod, Inc.",7067,2023-03-03,23-24,2026-08-22
Eureka Myrtle Ave LP,12401,HUMBOLDT,Community Revitalization and Development Corporation,11591,2023-05-08,23-24,2026-08-22
"Fresno 2007 Community Partners, L.P.",12402,FRESNO,"Beneficial Housing Foundation, The",22450,2023-05-10,24-25,2026-08-22
"Fresno 2007 Community Partners, L.P.",12403,FRESNO,"Beneficial Housing Foundation, The",22450,2023-05-10,24-25,2026-08-22
"Fresno 2007 Community Partners, L.P.",12404,FRESNO,"Beneficial Housing Foundation, The",22450,2023-05-10,24-25,2026-08-22
"Fresno 2007 Community Partners, L.P.",12405,FRESNO,"Beneficial Housing Foundation, The",22450,2023-05-10,24-25,2026-08-22
"Preservation XV, L.P.",12406,LOS ANGELES,Better Housing Foundation,19760,2023-05-18,23-24,2026-08-22
"Preservation XV, L.P.",12407,LOS ANGELES,Better Housing Foundation,19760,2023-05-18,23-24,2026-08-22
"Preservation XV, L.P.",12408,LOS ANGELES,Better Housing Foundation,19760,2023-05-18,23-24,2026-08-22
"Preservation XV, L.P.",12409,LOS ANGELES,Better Housing Foundation,19760,2023-05-18,23-24,2026-08-22
"Preservation XV, L.P.",12410,LOS ANGELES,Better Housing Foundation,19760,2023-05-18,23-24,2026-08-22
"Preservation XV, L.P.",12411,LOS ANGELES,Better Housing Foundation,19760,2023-05-18,23-24,2026-08-22
"Preservation XV, L.P.",12412,LOS ANGELES,Better Housing Foundation,19760,2023-05-19,23-24,2026-08-22
"Preservation XV, L.P.",12413,LOS ANGELES,Better Housing Foundation,19760,2023-05-19,23-24,2026-08-22
"Preservation XV, L.P.",12414,LOS ANGELES,Better Housing Foundation,19760,2023-05-19,23-24,2026-08-22
"Preservation XV, L.P.",12415,LOS ANGELES,Better Housing Foundation,19760,2023-05-19,23-24,2026-08-22
"Preservation XV, L.P.",12416,LOS ANGELES,Better Housing Foundation,19760,2023-05-19,23-24,2026-08-22
"Preservation XV, L.P.",12417,LOS ANGELES,Better Housing Foundation,19760,2023-05-19,23-24,2026-08-22
"Preservation XV, L.P.",12418,LOS ANGELES,Better Housing Foundation,19760,2023-05-19,23-24,2026-08-22
"Preservation XV, L.P.",12419,LOS ANGELES,Better Housing Foundation,19760,2023-05-19,23-24,2026-08-22
"Preservation XV, L.P.",12420,LOS ANGELES,Better Housing Foundation,19760,2023-05-19,23-24,2026-08-22
"Preservation XV, L.P.",12421,LOS ANGELES,Better Housing Foundation,19760,2023-05-19,23-24,2026-08-22
"Preservation XV, L.P.",12422,LOS ANGELES,Better Housing Foundation,19760,2023-05-19,23-24,2026-08-22
"Preservation XV, L.P.",12423,LOS ANGELES,Better Housing Foundation,19760,2023-05-19,23-24,2026-08-22
"Preservation XV, L.P.",12424,LOS ANGELES,Better Housing Foundation,19760,2023-05-19,23-24,2026-08-22
"Preservation XV, L.P.",12425,LOS ANGELES,Better Housing Foundation,19760,2023-05-19,23-24,2026-08-22
"Laurel EAH NC, L.P.",12427,LOS ANGELES,"Laurel EAH NC, LLC",34365,2023-04-28,23-24,2026-08-22
Monamos Terrace LP,12428,RIVERSIDE,"PacH Lancaster Holdings, LLC",23523,2023-04-24,24-25,2026-08-22
Woodbridge Manor Preservation LP,12429,ORANGE,"IHO - Woodbridge, LLC",33210,2023-05-18,23-24,2026-08-22
"1141 Crenshaw, L.P.",12430,LOS ANGELES,KYCC Solaris LLC,34369,2025-09-19,22-23,2026-08-22
"Preservation La Brea, L.P., A California Limited Partnership",12432,LOS ANGELES,Better Housing Foundation,19760,2023-05-18,23-24,2026-08-22
"Los Adobes de Maria I, L.P.",12433,SANTA BARBARA,Los Adobes de Maria I LLC,34372,2023-06-23,23-24,2026-08-22
"Miramar Development, LP",12434,LOS ANGELES,"Wakeland Miramar Development, LLC",34375,2023-05-03,23-24,2026-08-22
"West Third Apartments Preservation, LP",12435,LOS ANGELES,"Step Up On Second Street, Inc.",12397,2023-03-16,21-22,2026-08-22
"4507 Main St. EAH, L.P.",12436,LOS ANGELES,"4507 Main St. EAH, LLC",34378,2024-03-28,23-24,2026-08-22
"People's Place, L.P.",12437,VENTURA,"People's Place, LLC",34380,2023-06-23,23-24,2026-08-22
"Pismo Terrace, L.P.",12438,SAN LUIS OBISPO,Pismo Terrace LLC,34381,2023-06-23,22-23,2026-08-22
"Tiburon Place, L.P.",12439,SAN LUIS OBISPO,Tiburon Place LLC,34382,2023-06-23,23-24,2026-08-22
"Plumas Lake Pacific Associates, A California Limited Partnership",12440,YUBA,"River Oaks-BBP, LLC",34386,2023-06-21,23-24,2026-08-22
"Mercy Housing California 107, L.P.",12443,ORANGE,Mercy Housing California 107 LLC,34391,2023-04-14,23-24,2026-08-22
"West Grand & Brush 1, L.P.",12444,ALAMEDA,"West Grand & Brush, LLC",24818,2023-05-02,23-24,2026-08-22
"AMCAL Terra Campagna Fund, L.P.",12445,VENTURA,"Brandon Affordable Housing, LLC",19414,2023-08-03,23-24,2026-08-22
"Aspire, LP, The",12446,RIVERSIDE,Kingdom Riverside LLC,34393,2023-04-14,23-24,2026-08-22
"MP Bay Road Associates, L.P.",12447,SAN MATEO,MP Bay Road LLC,34395,2023-04-14,23-24,2026-08-22
CRCD Richard Hogan Manor LP,12448,LOS ANGELES,CRCD RHM LLC,33039,2023-05-22,23-24,2026-08-22
CRCD 5th Street LP,12449,LOS ANGELES,CRCD 5th Street LLC,34400,2024-04-22,22-23,2026-08-22
"710 Broadway Affordable, LP",12450,LOS ANGELES,710 Broadway Housing Partners GP LLC,34402,2023-05-10,24-25,2026-08-22
"Rancho Bernardo Senior Housing, L.P.",12451,SAN DIEGO,Community Advancement Development Corporation,25030,2023-05-08,23-24,2026-08-22
Vue Alameda Owner LP,12452,ALAMEDA,"AOF Pacific CA LAC, LLC",30443,2023-04-26,23-24,2026-08-22
"MP Timberwood Associates, A California Limited Partnership",12453,SANTA CLARA,MP Timberwood GP LLC,34410,2023-04-20,22-23,2026-08-22
"MP Monte Vista Associates, A California Limited Partnership",12454,SANTA CLARA,MP Monte Vista GP LLC,34411,2023-04-20,22-23,2026-08-22
"Gerald Ford Apartments, LP",12455,RIVERSIDE,"Hearthstone CA Properties IV, LLC",32967,2023-04-26,24-25,2026-08-22
Northview Pointe LP,12456,SACRAMENTO,"TLCS, Inc.",12845,2023-04-26,23-24,2026-08-22
FH Kings Garden LP,12458,KINGS,"Kings Garden MGP, LLC",34419,2023-04-24,24-25,2026-08-22
"Wildomar Senior Apartments, LP",12459,RIVERSIDE,"FFAH II Wildomar Senior Apartments, LLC",34420,2023-07-27,24-25,2026-08-22
"Mercy Housing California 98, L.P.",12460,LOS ANGELES,Mercy Housing California 98 LLC,34421,2023-05-03,23-24,2026-08-22
"Southside LA Housing Partners, LP",12462,LOS ANGELES,IHO-Southside LLC,34423,2023-07-21,23-24,2026-08-22
"Sanger Newmark Associates, A California Limited Partnership",12463,FRESNO,Central Valley Coalition for Affordable Housing,2419,2023-05-02,24-25,2026-08-22
"PEF 330 East Village, LP",12464,SAN DIEGO,"NHC MGP I, LLC",25166,2023-06-28,23-24,2026-08-22
"Guardian Village, L.P.",12466,FRESNO,Guardian Village LLC,34432,2023-05-09,24-25,2026-08-22
"Seventh at C Associates, L.P.",12467,VENTURA,Las Palmas Foundation,14526,2023-05-08,23-24,2026-08-22
"Rialto Metrolink South Housing Partners, L.P.",12468,SAN BERNARDINO,"CORE Rialto Metro South MGP, LLC",34447,2024-01-09,23-24,2026-08-22
LAMP Lodge LP,12469,LOS ANGELES,"People Concern, The",9200,2023-11-02,20-21,2026-08-22
"Preservation XV, L.P.",12470,LOS ANGELES,Better Housing Foundation,19760,2023-05-18,23-24,2026-08-22
"Preservation XV, L.P.",12471,LOS ANGELES,Better Housing Foundation,19760,2023-05-18,23-24,2026-08-22
Delta Lane Housing Partners II LP,12476,YOLO,JHC-Tower Bridge LLC,34467,2023-05-26,24-25,2026-08-22
"39th and Broadway Housing Partners, L.P.",12477,SACRAMENTO,"AHA Sacramento II MGP, LLC",32595,2023-05-26,24-25,2026-08-22
"Ambrose Apartments, L.P.",12478,LOS ANGELES,AHCDC Montana LLC,34472,2023-06-01,23-24,2026-08-22
Rancho Sierra I LP,12479,VENTURA,Rancho Sierra I LLC,34476,2023-05-31,23-24,2026-08-22
"EHF Ashwood Court PropCo, LP",12480,LOS ANGELES,"Rainbow Ashwood Court, LLC",24316,2023-07-28,24-25,2026-08-22
"EHF Noble Pines PropCo, LP",12481,LOS ANGELES,"Rainbow Noble Pines, LLC",24314,2023-07-26,24-25,2026-08-22
"EHF White Oak Lassen PropCo, LP",12482,LOS ANGELES,"Rainbow White Oak Lassen, LLC",24315,2023-08-18,24-25,2026-08-22
"Chapel Housing Partners, L.P.",12483,LOS ANGELES,"FFAH V Chapel Avenue, LLC",34481,2023-06-01,24-25,2026-08-22
"Silvey Villas Partners, L.P.",12484,SOLANO,Affordable Housing Community Development Corporation,33002,2023-09-11,24-25,2026-08-22
Barnard Park Housing LP,12485,LOS ANGELES,Housing Corporation of America,6275,2023-05-30,24-25,2026-08-22
"Sycamore Place Senior Housing, L.P.",12486,CONTRA COSTA,Sycamore Place Senior Housing LLC,34483,2023-08-03,23-24,2026-08-22
Vista Terrace LP,12487,LOS ANGELES,"Kingdom Vista Terrace, LLC",34484,2023-06-01,22-23,2026-08-22
"Adcock Joyner Preservation, LP",12489,ALAMEDA,"Adcock Joyner Apartments, LLC",34485,2024-12-03,22-23,2026-08-22
Moorpark Casey Road LP,12490,VENTURA,Community Revitalization and Development Corporation,11591,2023-06-22,24-25,2026-08-22
"Imperial Senior, L.P.",12491,IMPERIAL,"Imperial Senior EAH, LLC",34490,2023-06-28,23-24,2026-08-22
San Pablo Church Lane L.P.,12492,CONTRA COSTA,Community Revitalization and Development Corporation,11591,2023-06-23,24-25,2026-08-22
"Cypress & 7th, L.P.",12493,SANTA BARBARA,"Cypress & 7th MGP, LLC",34494,2023-07-26,24-25,2026-08-22
North Broadway Housing Partners LP,12494,ORANGE,JHC-North Broadway LLC,34495,2023-07-21,24-25,2026-08-22
"Potrero Housing Associates II, L.P.",12495,SAN FRANCISCO,Potrero Housing II LLC,34496,2024-02-01,23-24,2026-08-22
Anaheim & Walnut Housing LP,12496,LOS ANGELES,Anaheim & Walnut GP LLC,34497,2023-10-03,22-23,2026-08-22
"Victory Gardens, LP",12498,SAN JOAQUIN,"DCDC Victory Gardens, LLC",34502,2023-07-20,22-23,2026-08-22
"Sonora Square Apartments, a California Limited Partnership",12499,SAN JOAQUIN,"DCDC Sonora Square, LLC",34503,2023-07-20,23-24,2026-08-22
"8221 LG, L.P.",12500,LOS ANGELES,8221 LG LLC,34507,2023-07-18,24-25,2026-08-22
"Chico North Creek II, LP",12501,BUTTE,Butte County Affordable Housing Development Corporation,1658,2023-09-05,23-24,2026-08-22
"Oroville PSH Pacific Associates, a California Limited Partnership",12502,BUTTE,Butte County Affordable Housing Development Corporation,1658,2023-08-09,23-24,2026-08-22
"Jordan Downs 3, LP",12503,LOS ANGELES,"JD Housing 3, LLC",34523,2023-10-27,23-24,2026-08-22
"Nugent Square Partners II, L.P.",12504,SAN MATEO,"Nugent Square Partners II, LLC",34525,2023-07-20,23-24,2026-08-22
"Baden Station Apartments Investors, L.P.",12505,SAN MATEO,"PacH Lancaster Holdings, LLC",23523,2023-07-17,24-25,2026-08-22
"Twin Rivers Phase 4, L.P.",12506,SACRAMENTO,Mirasol Village Block D LLC,33142,2023-10-23,24-25,2026-08-22
"San Marcos Family Housing, L.P.",12507,SAN DIEGO,"CFAH Housing, LLC",31329,2023-06-30,24-25,2026-08-22
Barry60 LP,12509,VENTURA,60Barry LLC,34526,2023-07-28,24-25,2026-08-22
"4200 Geary Associates, L.P.",12510,SAN FRANCISCO,4200 Geary LLC,34527,2023-07-28,24-25,2026-08-22
"Orland Family Associates, A California Limited Partnership",12511,GLENN,Butte County Affordable Housing Development Corporation,1658,2023-07-17,23-24,2026-08-22
"Orland Senior Associates, A California Limited Partnership",12512,GLENN,Butte County Affordable Housing Development Corporation,1658,2023-07-17,23-24,2026-08-22
"Vintage at Lockwood, LP",12514,VENTURA,"Hearthstone CA Properties V, LLC",33117,2023-07-28,24-25,2026-08-22
"Gridley Senior Associates, A California Limited Partnership",12515,BUTTE,Butte County Affordable Housing Development Corporation,1658,2023-07-28,23-24,2026-08-22
"Chico Pacific Associates II, A California Limited Partnership",12516,BUTTE,Butte County Affordable Housing Development Corporation,1658,2023-07-28,22-23,2026-08-22
"Chico Pacific Associates III, A California Limited Partnership",12517,BUTTE,Butte County Affordable Housing Development Corporation,1658,2023-07-28,23-24,2026-08-22
"Oroville Senior Associates, A California Limited Partnership",12518,BUTTE,Butte County Affordable Housing Development Corporation,1658,2023-08-09,22-23,2026-08-22
"Oroville Senior Associates II, A California Limited Partnership",12519,BUTTE,Butte County Affordable Housing Development Corporation,1658,2023-08-09,23-24,2026-08-22
"Oroville Family Associates, A California Limited Partnership",12520,BUTTE,Butte County Affordable Housing Development Corporation,1658,2023-08-09,22-23,2026-08-22
"Oroville Family Associates II, A California Limited Partnership",12521,BUTTE,Butte County Affordable Housing Development Corporation,1658,2023-08-09,23-24,2026-08-22
"Kelsey Ayer Station, LP, The",12522,SANTA CLARA,"Kelsey Ayer Station LLC, The",34513,2023-09-05,23-24,2026-08-22
"Angel 2018, L.P., The",12523,LOS ANGELES,"Angel 2018 LLC, The",34532,2023-07-10,22-23,2026-08-22
"Cartwright Family Apartments, LP",12524,ORANGE,"RCC MGP, LLC",25160,2023-08-02,24-25,2026-08-22
"Kelsey Civic Center, L.P., The",12526,SAN FRANCISCO,Mercy Kelsey Civic Center LLC,34521,2023-08-11,24-25,2026-08-22
"Pinole Housing, L.P.",12527,CONTRA COSTA,Pinole Housing LLC,34547,2023-08-17,24-25,2026-08-22
"Delmas Park Associates 2.0, L.P.",12528,SANTA CLARA,"Delmas Park Associates 2.0, LLC",34548,2023-08-04,24-25,2026-08-22
Cathay Manor Apartments LP,12529,LOS ANGELES,Cathay Manor GP LLC,34500,2023-10-11,24-25,2026-08-22
"Grandview Apartments, L.P.",12530,LOS ANGELES,"Grandview Apartments GP, LLC",27380,2024-11-26,24-25,2026-08-22
"Western Landing, L.P.",12531,LOS ANGELES,"Western Landing GP, LLC",34551,2024-04-19,23-24,2026-08-22
"Carson Gardens, LP",12532,LOS ANGELES,"Hearthstone CA Properties V, LLC",33117,2023-08-03,24-25,2026-08-22
Aviara East Housing LP,12534,SAN DIEGO,Aviara East GP LLC,34556,2023-08-09,23-24,2026-08-22
"Walnut Park, L.P.",12535,LOS ANGELES,"HCHC Walnut Park GP, LLC",34561,2024-04-12,24-25,2026-08-22
"MP Mahonia Glen Associates, LP",12536,SONOMA,MP One Calistoga LLC,34562,2023-08-11,23-24,2026-08-22
"Santa Fe Commons II, L.P.",12537,TULARE,Santa Fe Commons II LLC,34563,2023-08-14,24-25,2026-08-22
"River Grove I, L.P.",12538,MADERA,River Grove I LLC,34564,2023-08-14,24-25,2026-08-22
"View at Blossom Hill, LP",12539,SANTA CLARA,"PacH San Jose Holdings, LLC",24753,2023-08-03,24-25,2026-08-22
Cypress Place at Garden City L.P.,12540,VENTURA,Cypress Place at Garden City LLC,34570,2023-08-14,24-25,2026-08-22
Mirka 3481 Vista Lane Family LP,12541,SAN DIEGO,PSCDC 3481 Vista Lane LLC,34571,2024-10-18,23-24,2026-08-22
"QCK Apartments, LP",12542,LOS ANGELES,"Kingdom Quartz Hill, LLC",34572,2023-08-14,24-25,2026-08-22
"North Forty Senior, L.P.",12543,SANTA CLARA,"Eden North Forty, LLC",34577,2023-08-14,23-24,2026-08-22
"Courtyards at Cottonwood II, L.P.",12544,RIVERSIDE,KDI Courtyards LLC,34578,2023-09-05,24-25,2026-08-22
Daly City King LP,12545,SAN MATEO,Daly City King LLC,34579,2023-12-22,24-25,2026-08-22
"Canoga Ave, LP",12546,LOS ANGELES,Housing Corporation of America,6275,2023-08-16,24-25,2026-08-22
"Topanga Canyon, LP",12547,LOS ANGELES,Housing Corporation of America,6275,2023-08-16,24-25,2026-08-22
"Osage Villas, LP",12548,LOS ANGELES,"FFAH II Osage Senior Villas, LLC",34591,2023-08-22,24-25,2026-08-22
"DHI Sonora Garden Apartments, L.P.",12549,TUOLUMNE,"Community Resident Services, Inc.",20833,2023-09-05,23-24,2026-08-22
"Atascadero California Grand Manor, LP",12550,SAN LUIS OBISPO,Central Valley Coalition for Affordable Housing,2419,2023-08-17,24-25,2026-08-22
Orchard View Senior LP,12551,ORANGE,Orchard View Senior GP LLC,34477,2023-08-16,24-25,2026-08-22
"Yosemite Apartment Associates, L.P.",12552,SAN FRANCISCO,Yosemite GP LLC,34602,2023-08-24,24-25,2026-08-22
"Tripoli CIC, LP",12553,RIVERSIDE,Pacific Southwest Community Development Corporation,9498,2023-08-18,24-25,2026-08-22
"Jacaranda Gardens CIC, LP",12554,IMPERIAL,Pacific Southwest Community Development Corporation,9498,2024-01-25,24-25,2026-08-22
"Victoria Manor Senior Apartments, L.P.",12555,IMPERIAL,Las Palmas Foundation,14526,2024-01-11,23-24,2026-08-22
"Marple Manor RHF Partners, L.P.",12556,STANISLAUS,"Marple Manor RHF Housing, LLC",34605,2025-05-13,24-25,2026-08-22
SMG Elderly Housing LP,12558,ALAMEDA,SMGEH LLC,34612,2024-09-11,24-25,2026-08-22
"Broadway Plaza Family Apartments, LP",12559,FRESNO,"Deep Green Fresno, LLC",34614,2023-08-22,20-21,2026-08-22
"San Cristina, L.P.",12560,SAN FRANCISCO,CHP San Cristina LLC,32937,2023-09-29,23-24,2026-08-22
"Holtville Senior Associates, A California Limited Partnership",12561,IMPERIAL,Central Valley Coalition for Affordable Housing,2419,2023-08-18,24-25,2026-08-22
"Nevin Plaza I, L.P.",12562,CONTRA COSTA,"Nevin Plaza I EAH, LLC",34618,2023-09-29,24-25,2026-08-22
"San Bruno Pacific Associates, A California Limited Partnership",12563,SAN MATEO,Central Valley Coalition for Affordable Housing,2419,2023-09-01,24-25,2026-08-22
"San Diego Naranja Associates, A California Limited Partnership",12564,SAN DIEGO,Central Valley Coalition for Affordable Housing,2419,2023-09-01,24-25,2026-08-22
"9502 Van Nuys, L.P.",12565,LOS ANGELES,9502 VN GP LLC,34575,2023-09-05,21-22,2026-08-22
7th Avenue Village LP,12566,LOS ANGELES,7th Ave MGP LLC,34624,2023-08-28,24-25,2026-08-22
Mission LaRue II Limited Partnership,12567,RIVERSIDE,Las Palmas Housing and Development Corporation,17925,2023-08-29,24-25,2026-08-22
Mission LaRue Limited Partnership,12568,RIVERSIDE,Las Palmas Housing and Development Corporation,17925,2023-08-29,24-25,2026-08-22
Heacock Cottonwood IV Limited Partnership,12569,RIVERSIDE,Las Palmas Housing and Development Corporation,17925,2023-08-29,24-25,2026-08-22
Heacock Cottonwood III Limited Partnership,12570,RIVERSIDE,Las Palmas Housing and Development Corporation,17925,2023-08-29,24-25,2026-08-22
Heacock Cottonwood II Limited Partnership,12571,RIVERSIDE,Las Palmas Housing and Development Corporation,17925,2023-08-29,24-25,2026-08-22
CLG Bold Alosta LP,12572,LOS ANGELES,BCTXACQI Alosta LLC,34626,2024-08-12,24-25,2026-08-22
"Remington I, LP",12573,IMPERIAL,Pacific Southwest Community Development Corporation,9498,2024-08-28,24-25,2026-08-22
"Marin County Pacific Associates, A California Limited Partnership",12574,MARIN,Central Valley Coalition for Affordable Housing,2419,2023-08-31,24-25,2026-08-22
"Pony Express Senior Apartments, L.P.",12575,SOLANO,"PE Vacaville EAH, LLC",34628,2023-11-29,22-23,2026-08-22
"Avanath Rivers Senior, LP",12576,YOLO,"Pacific Housing, Inc.",14273,2023-09-01,24-25,2026-08-22
"Taormina Family Apartments CIC, LP",12577,SAN DIEGO,Southern California Housing Collaborative,21783,2023-09-01,24-25,2026-08-22
"Modica Family Apartments CIC, LP",12578,SAN DIEGO,Southern California Housing Collaborative,21783,2023-09-01,24-25,2026-08-22
RVP Group LP,12579,SACRAMENTO,RVP Group LLC,33182,2024-02-21,24-25,2026-08-22
"Orchard Villas Apartments, LP",12580,RIVERSIDE,"FFAH V Orchard Villa Apartments, LLC",34635,2023-09-05,24-25,2026-08-22
"Star Apartments, L.P.",12581,LOS ANGELES,Star Villas LLC,34636,2023-11-17,24-25,2026-08-22
"New Pershing Apartments, L.P.",12582,LOS ANGELES,New Pershing Villas LLC,34637,2023-10-23,24-25,2026-08-22
Simone 2015 LP,12583,LOS ANGELES,Simone Villas LLC,34638,2023-10-26,24-25,2026-08-22
"Six Veterans Housing LP, The",12584,LOS ANGELES,"Six Villas LLC, The",34639,2023-10-26,24-25,2026-08-22
Skid Row Central 1 LP,12585,LOS ANGELES,Central LA Villas LLC,34640,2023-10-26,24-25,2026-08-22
Skid Row Central 1 LP,12586,LOS ANGELES,Central LA Villas LLC,34640,2023-10-26,24-25,2026-08-22
"Visalia Pacific Associates, A California Limited Partnership",12587,TULARE,Kaweah Management Company,6907,2023-10-06,22-23,2026-08-22
Arcata Valley West Boulevard LP,12588,HUMBOLDT,Community Revitalization and Development Corporation,11591,2023-09-08,24-25,2026-08-22
"R Cap Avenue 34 Affordable, L.P.",12589,LOS ANGELES,"RCC MGP, LLC",25160,2023-12-05,24-25,2026-08-22
"Anderson Apartments, L.P.",12590,SAN LUIS OBISPO,San Luis Obispo Nonprofit Housing Corporation,11181,2023-09-08,24-25,2026-08-22
"River Walk Terrace, LP",12591,SAN LUIS OBISPO,Affordable Housing Paso Robles,25209,2023-09-11,24-25,2026-08-22
Rancho Colus LP,12592,COLUSA,"Rancho Colus-BBP, LLC",34643,2023-09-07,24-25,2026-08-22
"Sunrise Villas, LP",12593,SAN LUIS OBISPO,Affordable Housing Paso Robles,25209,2023-09-11,24-25,2026-08-22
"1123 N. Fuller Av., L.P.",12594,LOS ANGELES,Menorah Terrace,8063,2025-06-13,24-25,2026-08-22
"Firebaugh La Joya Commons, LP",12595,FRESNO,"Silvercrest, Inc.",11739,2023-09-18,24-25,2026-08-22
"Messina CIC, LP",12596,SAN DIEGO,Mt. Etna Senior Housing LLC,34534,2023-09-18,24-25,2026-08-22
"Sunnydale Block 3A Housing Partners, L.P.",12597,SAN FRANCISCO,"Mercy Transformation, LLC",27289,2025-11-07,24-25,2026-08-22
"Dorie Miller Manor Housing Partners, L.P.",12598,LOS ANGELES,AOFP LA MGP LLC,30860,2023-09-18,21-22,2026-08-22
"Dorie Miller Manor Housing Partners, L.P.",12599,LOS ANGELES,AOFP LA MGP LLC,30860,2023-09-25,21-22,2026-08-22
"Sunnydale Block 3B Housing Partners, L.P.",12600,SAN FRANCISCO,"Mercy Transformation, LLC",27289,2025-10-15,24-25,2026-08-22
"Jordan Downs Phase S2, LP",12601,LOS ANGELES,"La Cienega Lomod, Inc.",7067,2023-09-26,22-23,2026-08-22
"Jordan Downs Phase S3, LP",12602,LOS ANGELES,"La Cienega Lomod, Inc.",7067,2023-09-26,21-22,2026-08-22
"Jordan Downs Phase S4, L.P.",12603,LOS ANGELES,"La Cienega Lomod, Inc.",7067,2023-09-26,24-25,2026-08-22
Buellton Polo Village Partners LP,12604,SANTA BARBARA,Surf Development Company,15513,2024-01-18,24-25,2026-08-22
"2111 Firestone, LP",12605,LOS ANGELES,"Kingdom Firestone, LLC",34660,2023-09-22,24-25,2026-08-22
26 Point 2 LP,12606,LOS ANGELES,"AHA Los Angeles II MGP, LLC",30611,2023-09-22,24-25,2026-08-22
"Lightfighter Village, L.P.",12607,MONTEREY,"Lightfighter Village GP, LLC",34668,2023-12-06,24-25,2026-08-22
"MP Midway Associates I, L.P.",12608,SAN MATEO,"MP Midway GP I, LLC",34671,2023-09-27,22-23,2026-08-22
"Diamond Village Apartments, LP",12609,EL DORADO,PSCDC Diamond Valley LLC,34672,2023-09-28,24-25,2026-08-22
"Junipers CIC, LP",12610,SAN DIEGO,Pacific Southwest Community Development Corporation,9498,2023-09-29,24-25,2026-08-22
"Marina Village Suisun Partners, L.P.",12611,SOLANO,"Suisun Housing Company, LLC",34673,2023-12-06,23-24,2026-08-22
"Tamien Affordable, L.P.",12612,SANTA CLARA,CVCAH Tamien LLC,34678,2023-10-23,24-25,2026-08-22
"Mission Paradise, L.P.",12613,ALAMEDA,"Mission Paradise EAH, LLC",34679,2023-10-04,23-24,2026-08-22
"Matsya Villa, L.P.",12614,ALAMEDA,"Matsya Villa EAH, LLC",34680,2023-12-20,24-25,2026-08-22
"Greenfield Commons EAH, L.P.",12615,MONTEREY,"Greenfield Commons EAH, LLC",34681,2025-11-10,24-25,2026-08-22
"Broadway Station, L.P.",12616,SACRAMENTO,"1901 Broadway Sacramento EAH, LLC",34682,2024-04-05,24-25,2026-08-22
"HPD Twentynine Palms II, LP",12617,SAN BERNARDINO,"Hearthstone CA Properties V, LLC",33117,2023-10-04,24-25,2026-08-22
San Jose Sunol Street LP,12618,SANTA CLARA,Community Revitalization and Development Corporation,11591,2024-06-07,24-25,2026-08-22
Century Wlava 1 LP,12619,LOS ANGELES,Century Wlava 1 LLC,34687,2023-11-02,23-24,2026-08-22
Century Wlava 2 LP,12620,LOS ANGELES,Century Wlava 2 LLC,34688,2023-12-12,24-25,2026-08-22
"Phoenix 801 Pine, LP",12621,ALAMEDA,"Phoenix 801 Pine, LLC",34690,2023-12-06,24-25,2026-08-22
"Fresno Avalon Commons Phase I, LP",12622,FRESNO,"Silvercrest, Inc.",11739,2023-12-06,24-25,2026-08-22
"Washington Santa Ana Housing Partners, L.P.",12623,ORANGE,"Supportive Housing, LLC",26356,2023-12-05,23-24,2026-08-22
Wildomar Tres Lagos Partners LP,12624,RIVERSIDE,Las Palmas Housing and Development Corporation,17925,2023-10-10,24-25,2026-08-22
Delano RAD LP,12625,KERN,GEAHI Delano RAD LLC,34693,2023-12-22,24-25,2026-08-22
Renaissance at Baker LP,12626,KERN,GEAHI Renaissance LLC,34695,2023-12-27,24-25,2026-08-22
Adelante Vista RAD LP,12627,KERN,GEAHI Adelante Vista RAD LLC,34697,2024-01-03,24-25,2026-08-22
"South Bay Community Villas, L.P.",12629,LOS ANGELES,PSCDC LA S8 Portfolio LLC,34701,2024-01-05,24-25,2026-08-22
"South Bay Community Villas, L.P.",12630,LOS ANGELES,PSCDC LA S8 Portfolio LLC,34701,2024-01-05,24-25,2026-08-22
"South Bay Community Villas, L.P.",12631,LOS ANGELES,PSCDC LA S8 Portfolio LLC,34701,2024-01-05,24-25,2026-08-22
"South Bay Community Villas, L.P.",12632,LOS ANGELES,PSCDC LA S8 Portfolio LLC,34701,2024-01-05,24-25,2026-08-22
"South Bay Community Villas, L.P.",12633,LOS ANGELES,PSCDC LA S8 Portfolio LLC,34701,2024-01-05,24-25,2026-08-22
"South Bay Community Villas, L.P.",12634,LOS ANGELES,PSCDC LA S8 Portfolio LLC,34701,2024-01-05,24-25,2026-08-22
"2025 NJ, LP",12635,LOS ANGELES,"Step Forward Communities, A California Nonprofit Public Benefit Corporation",24993,2024-05-10,24-25,2026-08-22
Kettner Crossing LP,12637,SAN DIEGO,Cedar Kettner LLC,34702,2024-07-12,24-25,2026-08-22
"La Vista Hayward, L.P.",12638,ALAMEDA,"La Vista Hayward, LLC",34703,2024-04-05,23-24,2026-08-22
"Afton Place Senior Apartments, L.P.",12639,LOS ANGELES,"AHA Los Angeles III MGP, LLC",34704,2023-10-31,24-25,2026-08-22
"Rodeo Gateway II, L.P.",12640,CONTRA COSTA,"Rodeo Gateway II EAH, LLC",34705,2025-02-14,24-25,2026-08-22
"Sebastopol Pacific Associates, A California Limited Partnership",12641,SONOMA,Central Valley Coalition for Affordable Housing,2419,2023-10-25,22-23,2026-08-22
"Trees Apartments, L.P., The",12642,SANTA CLARA,"Eden South County, Inc.",55,2024-03-28,23-24,2026-08-22
"Maple Gardens Apartments, L.P.",12643,SANTA CLARA,"Eden South County, Inc.",55,2024-03-28,23-24,2026-08-22
"Aspen Grove Apartments, L.P.",12644,SANTA CLARA,"Eden South County, Inc.",55,2024-03-28,23-24,2026-08-22
"Depot Willows, L.P.",12645,SANTA CLARA,Depot Willows LLC,32723,2025-07-03,22-23,2026-08-22
"Bonnie Brae Terrace, LP",12646,SAN MATEO,IH Blvd Group Partnership LLC,34713,2023-12-28,24-25,2026-08-22
Heritage Park L.P.,12647,SONOMA,IH MW Development Partnership LLC,34714,2023-11-02,23-24,2026-08-22
"Truckee Riverview Housing Associates, A California Limited Partnership",12648,NEVADA,San Juan Housing Corporation,19791,2024-10-08,15-16,2026-08-22
"Stony Point Flats, LP",12649,SONOMA,IH Stony Point Flats Santa Rosa LLC,34715,2023-11-02,23-24,2026-08-22
"Flag VII Scherer Park, L.P.",12650,LOS ANGELES,"FFAH II Scherer Park, LLC",34730,2024-01-24,24-25,2026-08-22
"Flag VII Charter Oaks, L.P.",12651,LOS ANGELES,"FFAH V Charter Oaks, LLC",34731,2024-01-31,24-25,2026-08-22
"Dinuba Garden Estates, LP",12652,TULARE,Central Valley Coalition for Affordable Housing,2419,2023-11-17,24-25,2026-08-22
Girasol Acquisition LP,12653,SANTA CLARA,Girasol Acquisition LLC,34735,2023-12-27,24-25,2026-08-22
Jardines Paloma Blanca Acquisition LP,12654,SANTA CLARA,Jardines Paloma Blanca Acquisition LLC,34736,2024-01-30,24-25,2026-08-22
"Gateway Plaza OCC, LP",12655,VENTURA,"AHA Ventura MGP, LLC",27113,2023-11-17,24-25,2026-08-22
DFA Walnut Associates LP,12656,MENDOCINO,Walnut Apartments MGP LLC,34745,2024-02-20,22-23,2026-08-22
"Alvarado Affordable Associates, L.P.",12657,LOS ANGELES,"Kingdom Alvarado, LLC",34750,2023-11-30,24-25,2026-08-22
"Providence Gardens Apartments, LP",12658,LOS ANGELES,"Hearthstone CA Properties V, LLC",33117,2023-11-29,24-25,2026-08-22
"Kerner Canal, L.P.",12659,MARIN,Kerner Canal LLC,34754,2024-06-28,24-25,2026-08-22
LINC-CORE Pioneer LP,12660,LOS ANGELES,NCRC Pioneer GP LLC,34755,2024-05-01,23-24,2026-08-22
"Orange Cove Citrus Gardens, LP",12661,FRESNO,"Silvercrest, Inc.",11739,2024-02-22,23-24,2026-08-22
"Flag VII Presidio Park, L.P.",12662,SANTA BARBARA,FFAH V Presidio Park LLC,34760,2024-09-26,24-25,2026-08-22
"Flag VII Pacific Terrace, L.P.",12664,ORANGE,"FFAH II Pacific Terrace, LLC",34762,2024-01-30,24-25,2026-08-22
"Lorena Plaza, L.P.",12665,LOS ANGELES,"Supportive Housing, LLC",26356,2024-03-28,23-24,2026-08-22
Table Mountain Apartments II LP,12666,BUTTE,Community Revitalization and Development Corporation,11591,2024-03-28,24-25,2026-08-22
"Richman Santa Fe Springs Apartments, LP",12667,LOS ANGELES,Central Valley Coalition for Affordable Housing,2419,2024-01-19,24-25,2026-08-22
"LINC North Harbor Blvd, LP",12668,ORANGE,"LINC North Harbor Blvd, LLC",34766,2024-04-05,23-24,2026-08-22
Bellarmino Place LP,12669,SANTA CLARA,Bellarmino Place LLC,34776,2024-01-03,23-24,2026-08-22
Mission Valley Preservation LP,12670,SAN DIEGO,Las Palmas Housing and Development Corporation,17925,2023-12-21,24-25,2026-08-22
"Ruby Street, L.P.",12671,ALAMEDA,Ruby Street LLC,34786,2024-01-09,22-23,2026-08-22
"Linc Ramona APTS, LP",12672,LOS ANGELES,"Linc Ramona APTS, LLC",34787,2024-04-04,23-24,2026-08-22
"13th & Broadway CIC, LP",12673,SAN DIEGO,"Alpha Heights, LLC",34788,2024-04-15,24-25,2026-08-22
"Monte Vista Housing, LP",12674,LOS ANGELES,"Pacific SCDC MGP, LLC",34789,2024-05-29,24-25,2026-08-22
Century WLAVA 3 LP,12675,LOS ANGELES,Century WLAVA 3 LLC,34790,2024-01-10,24-25,2026-08-22
FH MacArthur LP,12676,MERCED,"MacArthur MGP, LLC",34792,2024-01-03,24-25,2026-08-22
"Del Sur Family Housing, L.P.",12677,SAN DIEGO,"CFAH Housing, LLC",31329,2025-05-27,24-25,2026-08-22
Mountain View Manor 200 LP,12678,LOS ANGELES,Mountain View Manor ALFA LLC,34732,2024-01-19,24-25,2026-08-22
"CHISPA East Garrison, L.P.",12679,MONTEREY,CHISPA EG GP LLC,34806,2024-04-30,23-24,2026-08-22
"Metflo, L.P.",12680,LOS ANGELES,"WCH Affordable LXVII, LLC",34807,2024-01-10,24-25,2026-08-22
LINC-CORE Pioneer LP,12681,LOS ANGELES,LINC Pioneer LLC,34808,2024-05-01,23-24,2026-08-22
"Santa Paulan Associates, L.P.",12682,VENTURA,"Santa Paulan Apartments, LLC",21932,2024-04-29,08-09,2026-08-22
"MacArthur B, LP",12684,LOS ANGELES,AHCDC MacArthur B LLC,34809,2024-01-10,24-25,2026-08-22
FH Riverside LP,12685,RIVERSIDE,"Riverside MGP, LLC",34810,2024-01-16,24-25,2026-08-22
FH Riverside LP,12686,RIVERSIDE,"Riverside MGP, LLC",34810,2024-01-16,24-25,2026-08-22
600 San Pedro LP,12687,LOS ANGELES,"WC 600 San Pedro, LLC",32555,2024-04-19,24-25,2026-08-22
"Avanath Crescent Cove, LP",12688,SAN FRANCISCO,"Tabernacle VII, LLC",32972,2024-01-17,23-24,2026-08-22
"Linc WB-3 Apts, LP",12689,LOS ANGELES,"Linc WB-3 Apts, LLC",34811,2025-06-09,25-26,2026-08-22
"Alum Rock, L.P.",12690,SANTA CLARA,Alum Rock Charities LLC,34822,2024-04-15,24-25,2026-08-22
"Keyes, L.P.",12691,SANTA CLARA,Keyes Charities LLC,34823,2024-04-22,24-25,2026-08-22
"Bernardo Family Housing, L.P.",12692,SAN DIEGO,"CFAH Housing, LLC",31329,2025-05-30,24-25,2026-08-22
"Ascent Affordable, LP",12693,SACRAMENTO,"PacH Anton South Holdings, LLC",23565,2024-01-29,24-25,2026-08-22
"Sierra View, L.P.",12694,LOS ANGELES,"CARE Housing Services GP, LLC",24212,2024-01-30,24-25,2026-08-22
"Wildhorse Family Apartments, L.P.",12695,YOLO,Riverside Charitable Corporation,10533,2024-01-30,24-25,2026-08-22
Ridge Apartments L.P.,12696,KERN,"CARE Housing Services GP, LLC",24212,2024-02-09,24-25,2026-08-22
"Warner Center I, LP",12697,LOS ANGELES,"FFAH V Warner Center I, LLC",34826,2024-02-06,24-25,2026-08-22
"Kind Project Downtown LP, The",12698,SACRAMENTO,"PacH Sac-Midtown Holdings, LLC",23566,2024-02-20,24-25,2026-08-22
"Horton House, L.P.",12699,SAN DIEGO,Horton House Interfaith Housing Corporation,6226,2024-04-19,24-25,2026-08-22
Castle Rock Bernardine Apartments LP,12700,SAN BERNARDINO,"Affordable Rent Project, Inc.",34733,2024-02-08,24-25,2026-08-22
"Allied 3335 Kifer, L.P.",12701,SANTA CLARA,"Allied 3335 Kifer, LLC",32982,2024-04-15,23-24,2026-08-22
"GS Valhalla, LP",12702,DEL NORTE,Bold Valhalla LLC,34834,2024-03-11,24-25,2026-08-22
"Bennett Valley Housing Partners, L.P.",12703,SONOMA,Allied Bennett Valley LLC,34835,2024-02-20,24-25,2026-08-22
"Maison's Heights 129, LP",12704,LOS ANGELES,"AHA High Desert MGP, LLC",30833,2024-02-22,24-25,2026-08-22
FLOR 401 Lofts LP,12705,LOS ANGELES,Flor Villas LLC,34837,2024-03-12,24-25,2026-08-22
"Fresno Step Up at 99, LP",12706,FRESNO,"Silvercrest, Inc.",11739,2024-02-22,24-25,2026-08-22
"Gridley Orchard Associates, A California Limited Partnership",12707,BUTTE,Butte County Affordable Housing Development Corporation,1658,2024-02-22,24-25,2026-08-22
600 San Pedro 2 LP,12709,LOS ANGELES,WC 600 San Pedro 2 LLC,32547,2024-03-12,24-25,2026-08-22
"Buellton Garden Apartments, L.P.",12710,SANTA BARBARA,Buellton Garden Apartments LLC,34573,2024-03-08,24-25,2026-08-22
"Nikkei Village, LP",12711,LOS ANGELES,"Housing Preservation, Inc.",24392,2024-06-04,23-24,2026-08-22
"1919 Fruitdale Preservation, L.P.",12712,SANTA CLARA,"PacH San Jose Holdings, LLC",24753,2024-03-08,24-25,2026-08-22
"Fairfax Genesee Partners and Associates, L.P.",12713,LOS ANGELES,"Affordable Rent Project, Inc.",34733,2024-05-28,23-24,2026-08-22
Wilmington Arms Housing LP,12714,LOS ANGELES,"Affordable Rent Project, Inc.",34733,2024-05-28,23-24,2026-08-22
MHDC Mariposa Gardens Associates LP,12715,SAN FRANCISCO,MHDC Mariposa Gardens LLC,30829,2024-05-07,22-23,2026-08-22
RVP Group LP,12716,SACRAMENTO,RVP Group LLC,33182,2024-02-21,24-25,2026-08-22
RVP Group LP,12717,SACRAMENTO,RVP Group LLC,33182,2024-02-21,24-25,2026-08-22
"Aloe Palm Canyon, L.P.",12718,RIVERSIDE,Aloe Palm Canyon LLC,34857,2024-04-23,23-24,2026-08-22
"Main - So. Central Associates, L.P.",12719,LOS ANGELES,"Affordable Rent Project, Inc.",34733,2024-05-28,23-24,2026-08-22
"Main - So. Central Associates, L.P.",12720,LOS ANGELES,"Affordable Rent Project, Inc.",34733,2024-05-28,23-24,2026-08-22
"Anaheim Gardens Housing, LP",12721,LOS ANGELES,"Affordable Rent Project, Inc.",34733,2024-07-05,22-23,2026-08-22
"Orange Cove Citrus Gardens, LP",12722,FRESNO,"Silvercrest, Inc.",11739,2024-02-22,23-24,2026-08-22
"Vizcaya by Vintage, LP",12723,SANTA BARBARA,"Hearthstone CA Properties II, LLC",27086,2024-05-16,25-26,2026-08-22
"23036 Ventura, LP",12724,LOS ANGELES,"AHA Los Angeles III MGP, LLC",34704,2024-03-08,24-25,2026-08-22
"Tivoli Plaza, LP",12725,LOS ANGELES,"FFAH V 1731 West Holt, LLC",34859,2024-03-12,25-26,2026-08-22
Monarch PS LP,12726,RIVERSIDE,SCHOC I LLC,34861,2024-07-19,22-23,2026-08-22
"1753 Orchid Partners, LP",12727,LOS ANGELES,Orchid Apartments LLC,34867,2024-04-29,24-25,2026-08-22
"Downtown River Two, L.P.",12728,SONOMA,Downtown River Two LLC,34872,2024-03-14,24-25,2026-08-22
"Loma Verde, L.P.",12729,LOS ANGELES,405 Loma Verde LLC,34873,2025-02-10,25-26,2026-08-22
"MP 965 Weeks Street Associates, L.P.",12731,SAN MATEO,"MP CANDO Weeks Street, LLC",34883,2024-03-15,24-25,2026-08-22
Curio Housing LP,12732,ORANGE,1740 LaVeta LLC,34645,2024-03-14,25-26,2026-08-22
"San Jacinto Manor, LP",12733,RIVERSIDE,"Beneficial Housing Foundation, The",22450,2024-03-13,23-24,2026-08-22
Wildomar Tres Lagos Partners II LP,12734,RIVERSIDE,Las Palmas Housing and Development Corporation,17925,2024-03-14,24-25,2026-08-22
IDEAL Evergreen LP,12735,SANTA CRUZ,Central Valley Coalition for Affordable Housing,2419,2025-05-28,24-25,2026-08-22
Rose Town Apartments LP,12736,LOS ANGELES,Central Valley Coalition for Affordable Housing,2419,2024-03-26,25-26,2026-08-22
"Placer 712, L.P.",12737,PLACER,Riverside Charitable Corporation,10533,2024-03-26,25-26,2026-08-22
"Madrone Terrace, L.P.",12738,ALAMEDA,"RCD GP III, LLC",26708,2024-05-31,23-24,2026-08-22
Arlington Heights LP,12739,LOS ANGELES,Kingdom Arlington LLC,34901,2024-03-15,24-25,2026-08-22
"Placer 712, L.P.",12740,PLACER,Riverside Charitable Corporation,10533,2024-03-26,25-26,2026-08-22
"Santa Clara Pacific Associates, A California Limited Partnership",12742,SANTA CLARA,Central Valley Coalition for Affordable Housing,2419,2024-04-09,24-25,2026-08-22
"Sherwood Manor Senior Apartments, LP",12743,STANISLAUS,Central Valley Coalition for Affordable Housing,2419,2024-05-29,25-26,2026-08-22
"Fiddyment Workforce Partners, L.P.",12744,PLACER,Affordable Housing Community Development Corporation,33002,2024-07-19,25-26,2026-08-22
"Mercy Housing California 96, L.P.",12747,SAN MATEO,Middlefield Junction LLC,34913,2024-04-22,24-25,2026-08-22
"Los Lirios Apartments, L.P.",12748,LOS ANGELES,Soto Station II LLC,34914,2025-02-14,22-23,2026-08-22
"FSN B Apartments, L.P.",12750,LOS ANGELES,"FSN B Apartments, LLC",34922,2024-06-20,25-26,2026-08-22
"Sunnyside, L.P.",12751,LOS ANGELES,1408 Sunnyside LLC,34874,2025-02-12,25-26,2026-08-22
Eucalyptus Grove Apartments LP,12752,SAN MATEO,Allied 1875 California LLC,34869,2024-08-27,24-25,2026-08-22
"Mitchell Park, L.P.",12753,SANTA CLARA,Eden Mitchell Park LLC,34933,2024-05-07,25-26,2026-08-22
"FSN A Apartments, L.P.",12754,LOS ANGELES,"FSN A Apartments, LLC",34934,2024-06-21,25-26,2026-08-22
"DHI Hellenic Apartments, L.P.",12756,SACRAMENTO,"Community Resident Services, Inc.",20833,2024-06-20,24-25,2026-08-22
"DHI Parkside Apartments, L.P.",12757,RIVERSIDE,"Community Resident Services, Inc.",20833,2024-06-21,24-25,2026-08-22
"CHISPA East Garrison, L.P.",12758,MONTEREY,CHISPA EG GP LLC,34806,2024-05-10,23-24,2026-08-22
Casa Nueva II LP,12760,SAN DIEGO,Casa Nueva II LLC,34700,2024-03-19,25-26,2026-08-22
"New Garden Grove Community, LP",12761,ORANGE,"AHA NGGC, LLC",34827,2024-04-04,25-26,2026-08-22
"Christiansen Senior Apartments, LP",12762,RIVERSIDE,"FFAH II Christiansen Senior Apartments, LLC",34945,2024-04-05,25-26,2026-08-22
"Sycamore Bakersfield AR, L.P.",12764,KERN,"WCH Affordable LIX, LLC",34947,2024-04-23,25-26,2026-08-22
Modesto Homekey LP,12765,STANISLAUS,HOM XXX LLC,34955,2024-05-10,25-26,2026-08-22
"95th & International Housing Partners, L.P.",12766,ALAMEDA,Acts Community Development,20391,2024-05-24,22-23,2026-08-22
"Cleaver & Clark Commons, L.P.",12767,SAN LUIS OBISPO,Cleaver & Clark Commons LLC,34963,2025-07-21,25-26,2026-08-22
Verbena WRC Lincoln LP,12768,LOS ANGELES,"PacH Santa Monica Holdings, LLC",34908,2025-06-25,24-25,2026-08-22
"Hunters Point Block 56, L.P.",12769,SAN FRANCISCO,Mercy HPSY Block 56 LLC,34968,2024-05-09,24-25,2026-08-22
"Cherry Crossing, L.P.",12770,FRESNO,Cherry Crossing LLC,34973,2024-04-22,25-26,2026-08-22
"A0685 Cathedral City, L.P.",12771,RIVERSIDE,A0685 Cathedral City Holdings LLC,34980,2024-05-29,22-23,2026-08-22
"San Diego Golden Villas, a California Limited Partnership",12772,SAN DIEGO,Affordable Housing Community Development Corporation,33002,2024-07-10,25-26,2026-08-22
"Mercy Housing California 113, L.P.",12773,BUTTE,Mercy Housing California 113 LLC,34987,2024-07-26,25-26,2026-08-22
"2052 Lake Altadena, L.P.",12774,LOS ANGELES,"2052 Lake Altadena EAH, LLC",34989,2024-06-21,24-25,2026-08-22
"Bridge Street P1, LP",13774,SAN LUIS OBISPO,San Luis Obispo Nonprofit Housing Corporation,11181,2024-05-02,25-26,2026-08-22
FH Panorama Park LP,13775,KERN,"AHA Central Valley MGP, LLC",35989,2024-04-22,25-26,2026-08-22
FH Greenbriar LP,13776,SACRAMENTO,"AHA Greenbriar MGP, LLC",35990,2024-04-22,25-26,2026-08-22
"Lincoln Bella Breeze Associates, a California Limited Partnership",13779,PLACER,Riverside Charitable Corporation,10533,2024-04-22,25-26,2026-08-22
"1400 Long Beach, LP",13781,LOS ANGELES,"FFAH V 1400 Long Beach, LLC",36004,2024-04-23,25-26,2026-08-22
"MP Boardwalk Associates, L.P.",13782,SANTA CRUZ,MP Park Place LLC,36011,2024-05-22,24-25,2026-08-22
"Lincoln Hotel 5th Avenue, LP",13783,SAN DIEGO,Rapinan Family Foundation,35997,2025-02-19,25-26,2026-08-22
3300 Mission Partners L.P.,13784,SAN FRANCISCO,Tabernal Alliance LLC,34804,2024-09-04,25-26,2026-08-22
"Heywood Gardens, LP",13785,VENTURA,"Rebuild America-Simi Valley, LLC",36019,2024-05-23,24-25,2026-08-22
"Orcutt Road, LP",13786,SAN LUIS OBISPO,San Luis Obispo Nonprofit Housing Corporation,11181,2024-06-18,25-26,2026-08-22
"Derby Housing, L.P.",13787,ALAMEDA,Derby Housing LLC,36020,2024-05-23,25-26,2026-08-22
"Williams Senior Associates II, A California Limited Partnership",13788,COLUSA,"Northview-BBP, LLC",36023,2024-06-20,25-26,2026-08-22
"Mercy Housing California 101, L.P.",13789,PLACER,Mercy Housing California 101 LLC,36024,2024-06-18,25-26,2026-08-22
Larkin Place Housing Partners LP,13791,LOS ANGELES,JHC-Larkin Place LLC,36028,2024-05-22,24-25,2026-08-22
649 Lofts LP,13792,LOS ANGELES,649 Villas LLC,36031,2025-02-12,25-26,2026-08-22
SP7 Apartments LP,13793,LOS ANGELES,SP7 Villas LLC,36032,2024-07-01,25-26,2026-08-22
"Orange Housing Investors, L.P.",13794,ORANGE,"WCH Affordable LXXI, LLC",36033,2024-05-29,25-26,2026-08-22
"Alvarado Affordable Associates, L.P.",13796,LOS ANGELES,"Kingdom Alvarado, LLC",34750,2024-06-18,24-25,2026-08-22
"Huntington Square, L.P.",13797,LOS ANGELES,"Supportive Housing, LLC",26356,2024-05-15,24-25,2026-08-22
"SIF 2 Properties 3, LP",13798,LOS ANGELES,"Sola Foundation, The",30724,2024-06-26,25-26,2026-08-22
"SIF 2 Properties 3, LP",13799,LOS ANGELES,"Sola Foundation, The",30724,2024-06-26,25-26,2026-08-22
"SIF 2 Properties 3, LP",13800,LOS ANGELES,"Sola Foundation, The",30724,2024-06-26,25-26,2026-08-22
"SIF 2 Properties 3, LP",13801,LOS ANGELES,"Sola Foundation, The",30724,2024-06-26,25-26,2026-08-22
"SIF 2 Properties 3, LP",13802,LOS ANGELES,"Sola Foundation, The",30724,2024-06-26,25-26,2026-08-22
"SIF 2 Properties 3, LP",13803,LOS ANGELES,"Sola Foundation, The",30724,2024-06-27,25-26,2026-08-22
"SIF 2 Properties 3, LP",13804,LOS ANGELES,"Sola Foundation, The",30724,2024-06-27,25-26,2026-08-22
"730 Stanyan Associates, L.P.",13805,SAN FRANCISCO,730 Stanyan TNDC GP LLC,36047,2024-05-28,24-25,2026-08-22
"Reedley I CIC, LP",13806,FRESNO,Pacific Southwest Community Development Corporation,9498,2024-06-28,25-26,2026-08-22
Chico Cussick Avenue LP,13807,BUTTE,Community Revitalization and Development Corporation,11591,2024-06-12,24-25,2026-08-22
"Shasta Lake Downtown Housing, LP",13808,SHASTA,Community Revitalization and Development Corporation,11591,2024-06-12,24-25,2026-08-22
Coventry Estates LP,13809,KERN,"CARE Housing Services GP, LLC",24212,2024-06-12,24-25,2026-08-22
"Montebello Affordable Housing, LP",13812,LOS ANGELES,"Montebello Affordable Housing, LLC",36071,2024-09-16,24-25,2026-08-22
Valentine Road LP,13813,VENTURA,Valentine Road LLC,36073,2024-08-06,25-26,2026-08-22
"Southwest Village Housing Partners, L.P.",13814,SAN DIEGO,JCNI Southwest Village Housing Partners LLC,36072,2024-06-26,23-24,2026-08-22
Maganda Park RAD LP,13817,KERN,GEAHI Maganda Park LLC,36076,2024-07-10,25-26,2026-08-22
Milagro del Valle RAD LP,13818,KERN,GEAHI Milagro del Valle LLC,36077,2024-07-12,25-26,2026-08-22
"Heber Meadows I, LP",13819,IMPERIAL,Pacific Southwest Community Development Corporation,9498,2024-06-13,25-26,2026-08-22
"FI Third Street 34, LP",13820,RIVERSIDE,Yale Ave Housing Inc.,26601,2024-11-21,25-26,2026-08-22
"MP Sonora Court Associates, L.P.",13821,SANTA CLARA,MP Sonora Court LLC,36088,2024-06-20,24-25,2026-08-22
"Orange 702, L.P.",13822,ORANGE,Riverside Charitable Corporation,10533,2024-06-17,25-26,2026-08-22
"Corinthian Community Partners, LP",13823,SANTA CLARA,"FFAH II Corinthian Apartments, LLC",36091,2024-06-20,25-26,2026-08-22
"Canoga Park Community Partners, LP",13824,LOS ANGELES,"FFAH V Canoga Park Apartments, LLC",36092,2024-06-20,25-26,2026-08-22
"Heritage Square II, LP",13825,LOS ANGELES,"Heritage Square II, LLC",36093,2024-08-28,23-24,2026-08-22
"1411 LA QOZB, LP",13826,LOS ANGELES,1411 Flower Street MGP LLC,36094,2024-07-12,25-26,2026-08-22
"1317 SGA QOZB, LP",13827,LOS ANGELES,1317 South Grand MGP LLC,36095,2024-07-12,25-26,2026-08-22
CRP Dry Creek Crossing LP,13828,SANTA CLARA,PSCDC Dry Creek Crossing LLC,36102,2024-07-01,24-25,2026-08-22
AFH NCRC Beach Blvd L.P.,13829,ORANGE,NCRC Beach Blvd LLC,36096,2024-12-30,25-26,2026-08-22
Alvarado Park LP,13830,SANTA CLARA,"Villa Garcia, Inc.",13484,2025-02-14,24-25,2026-08-22
"Sugar Pine Phase 3 Housing Partners, L.P.",13831,EL DORADO,St. Joseph Sugar Pine Village Phase 2A LLC,36109,2025-05-05,24-25,2026-08-22
SP7 Apartments LP,13833,LOS ANGELES,SP7 Villas LLC,36032,2024-08-27,25-26,2026-08-22
Siskiyou Crossroads Associates LP,13835,SISKIYOU,Siskiyou Crossroads Associates LLC,36113,2024-07-25,24-25,2026-08-22
Einstein Preservation LP,13836,SACRAMENTO,Las Palmas Housing and Development Corporation,17925,2024-07-08,25-26,2026-08-22
Manchester Urban Homes LP,13837,LOS ANGELES,"MUH GP, LLC",36117,2024-10-01,24-25,2026-08-22
"Rancho Colegio, L.P.",13838,TULARE,Rancho Colegio LLC,36121,2024-07-22,25-26,2026-08-22
Oregon Investors V Limited Partnership,13841,NEVADA,Oak Ridge Project LLC,36124,2024-07-19,23-24,2026-08-22
"Cloverdale Pacific Associates, a California Limited Partnership",13842,SONOMA,Central Valley Coalition for Affordable Housing,2419,2024-07-11,25-26,2026-08-22
Sea Breeze Gardens Preservation LP,13843,SAN DIEGO,"PacH Sea Breeze Holdings, LLC",34535,2024-07-11,25-26,2026-08-22
"Belmont Family Apartments, L.P.",13844,SAN MATEO,"PacH San Jose Holdings, LLC",24753,2024-07-15,25-26,2026-08-22
"Alice Court Apartments, LP",13845,ORANGE,"AHA Alice Court, LLC",36125,2024-07-15,25-26,2026-08-22
"Brawley Senior Associates, a California Limited Partnership",13846,IMPERIAL,Central Valley Coalition for Affordable Housing,2419,2024-07-16,25-26,2026-08-22
"Mammoth Lakes Pacific Associates III, a California Limited Partnership",13847,MONO,Central Valley Coalition for Affordable Housing,2419,2024-07-16,25-26,2026-08-22
San Lucas Senior Housing L.P.,13848,LOS ANGELES,"FFAH II San Lucas Apartments, LLC",36129,2024-07-16,25-26,2026-08-22
"1600 Commonwealth, L.P.",13849,ORANGE,"WCH Affordable LXX, LLC",36130,2024-07-16,25-26,2026-08-22
"San Jose Monterey Pacific Associates, A California Limited Partnership",13850,SANTA CLARA,Central Valley Coalition for Affordable Housing,2419,2024-07-22,25-26,2026-08-22
"San Jose Villa Del Sol Associates, A California Limited Partnership",13851,SANTA CLARA,Central Valley Coalition for Affordable Housing,2419,2024-07-22,25-26,2026-08-22
OSM River Crest LP,13852,STANISLAUS,Community Revitalization and Development Corporation,11591,2024-08-27,24-25,2026-08-22
"Devonwood Apartments, LP",14850,MERCED,"CVCAH Devonwood Apartments, LLC",36133,2024-12-27,25-26,2026-08-22
"Monterey Park Phase II, LP",14851,LOS ANGELES,Central Valley Coalition for Affordable Housing,2419,2024-07-25,25-26,2026-08-22
"BIF NON OZ 10705 Avalon Blvd, LP",14852,LOS ANGELES,HOM Avalon LLC,36135,2024-10-03,25-26,2026-08-22
"Carlton, L.P.",14853,LOS ANGELES,"Carlton GP, LLC",36128,2024-07-31,24-25,2026-08-22
Visalia Homekey LP,14854,TULARE,HOM XXXIV LLC,36136,2024-08-28,25-26,2026-08-22
"Central Ave Apartments, L.P.",14855,LOS ANGELES,"Central Ave GP, LLC",36137,2024-08-22,24-25,2026-08-22
"Meridian Family Apartments, LP",14856,SANTA CLARA,"PacH San Jose Holdings, LLC",24753,2024-07-26,25-26,2026-08-22
"Oakland Pacific Associates II, a California Limited Partnership",14857,ALAMEDA,Riverside Charitable Corporation,10533,2024-07-31,25-26,2026-08-22
"San Jose South 1st Street Associates, a California Limited Partnership",14858,SANTA CLARA,Central Valley Coalition for Affordable Housing,2419,2024-08-15,25-26,2026-08-22
"Ventura Veterans, L.P.",14859,VENTURA,"Supportive Housing, LLC",26356,2024-10-10,23-24,2026-08-22
"A0702 Morgan Hill, L.P.",14860,SANTA CLARA,NP CA Holdings LLC,36142,2024-08-21,23-24,2026-08-22
"View at Julian, LP",14861,SANTA CLARA,"PacH San Jose Holdings, LLC",24753,2024-08-20,25-26,2026-08-22
"603 A Street, L.P.",14862,ALAMEDA,CCH A Street Hayward LLC,36143,2025-12-05,24-25,2026-08-22
"Detroit West Hollywood, L.P.",14863,LOS ANGELES,"Detroit West Hollywood EAH, LLC",36144,2024-09-16,25-26,2026-08-22
"CRCD Normandie Apartments, L.P.",14864,LOS ANGELES,CRCD Normandie LLC,36001,2025-04-11,24-25,2026-08-22
"San Jose Stevens Creek Associates, a California Limited Partnership",14865,SANTA CLARA,Central Valley Coalition for Affordable Housing,2419,2024-08-15,25-26,2026-08-22
"Village Senior LP, The",14866,SANTA BARBARA,"Village Senior LLC, The",36139,2024-08-15,25-26,2026-08-22
BWF II Ethos CA Walnut Creek LP,14867,CONTRA COSTA,"AHA Walnut Creek MGP, LLC",36151,2024-08-13,25-26,2026-08-22
Avalon Courtyard Housing LP,14868,LOS ANGELES,Housing Corporation of America,6275,2024-08-15,25-26,2026-08-22
"Paseo Senter II, L.P.",14872,SANTA CLARA,AOF Paseo Senter LLC,36162,2024-08-14,24-25,2026-08-22
"SV Housing Preservation, LP",14873,SAN FRANCISCO,SFHDC Shoreview Apartments LLC,36163,2024-08-16,25-26,2026-08-22
"Green Hotel Community Partners, LP",14874,LOS ANGELES,"FFAH V Green Hotel Apartments, LLC",36170,2024-08-16,25-26,2026-08-22
Piper Way Senior Housing LP,14875,SHASTA,"PWS Housing, LLC",36171,2024-09-26,24-25,2026-08-22
"Hearthstone Village, L.P.",14876,KINGS,"FFAH V Hearthstone Village Apartments, LLC",36175,2024-08-19,25-26,2026-08-22
Hacienda Investors LP,14877,LOS ANGELES,"American Housing Preservation, Inc.",36119,2024-09-16,25-26,2026-08-22
Hacienda Investors LP,14878,LOS ANGELES,"American Housing Preservation, Inc.",36119,2024-09-16,25-26,2026-08-22
"Vista Sunrise II, L.P.",14879,RIVERSIDE,CVHC Sunrise Vista LLC,36180,2024-10-10,23-24,2026-08-22
"Valley Village Affordable Housing Partners, L.P.",14880,LOS ANGELES,"FFAH II Valley Village Apartments, LLC",36181,2024-09-16,25-26,2026-08-22
"Pomona Housing Development, LP",14883,LOS ANGELES,"Pomona Housing Development, LLC",36105,2024-12-17,24-25,2026-08-22
Found Middle LP,14884,SAN FRANCISCO,"RCC MGP, LLC",25160,2024-09-09,25-26,2026-08-22
"Sierra Village Project Partners, L.P.",14886,BUTTE,"FFAH V Sierra Village Apartments, LLC",36186,2024-08-23,25-26,2026-08-22
"Wheatland Senior Associates, A California Limited Partnership",14887,YUBA,"1st Street-BBP, LLC",36187,2024-08-29,25-26,2026-08-22
"Brine Residential, L.P.",14888,LOS ANGELES,"Decro Brine Residential, LLC",33018,2025-02-20,24-25,2026-08-22
"NoHo 5050, L.P.",14889,LOS ANGELES,Decro NoHo 5050 LLC,33017,2025-05-30,24-25,2026-08-22
"16015 Sherman, L.P.",14890,LOS ANGELES,Decro Sherman LLC,33020,2025-04-11,24-25,2026-08-22
"11604 Vanowen, L.P.",14891,LOS ANGELES,"Decro Vanowen, LLC",33016,2025-04-11,24-25,2026-08-22
"DHI Olive Manor, LP",14892,YUBA,"Community Resident Services, Inc.",20833,2024-10-18,25-26,2026-08-22
"ASI Savannah At Southport, LP",14893,YOLO,Community Revitalization and Development Corporation,11591,2024-08-29,24-25,2026-08-22
Blythe Village LP,14894,FRESNO,Community Revitalization and Development Corporation,11591,2024-08-29,25-26,2026-08-22
"Maison's Sierra Phase 1, LP",14895,LOS ANGELES,"AHA High Desert MGP, LLC",30833,2024-08-29,25-26,2026-08-22
"Lion Creek Crossings Phase I Housing Partners, L.P.",14896,ALAMEDA,Lion Creek 2 Phase I LLC,36194,2025-04-11,25-26,2026-08-22
"Lion Creek Crossings Phase II Housing Partners, L.P.",14897,ALAMEDA,Lion Creek 2 Phase II LLC,36195,2025-04-17,25-26,2026-08-22
"Vose, LP",14898,LOS ANGELES,Housing Corporation of America,6275,2024-08-29,24-25,2026-08-22
"San Jose 2880 Alum Rock Associates, A California Limited Partnership",14899,SANTA CLARA,Central Valley Coalition for Affordable Housing,2419,2024-09-09,25-26,2026-08-22
"Serenade 43, LP",14900,SAN DIEGO,Wakeland Serenade 43 LLC,36199,2024-10-09,24-25,2026-08-22
Wakeland Santa Fe Senior LP,14901,SAN DIEGO,Wakeland Santa Fe Senior LLC,36203,2024-09-13,24-25,2026-08-22
"Lindsay Family Housing Investors, L.P.",14902,TULARE,"FFAH V Lindsay Family Apartments, LLC",36174,2025-05-21,25-26,2026-08-22
"Reliant - Moreland, LP",14904,SANTA CLARA,"Rainbow - Moreland, LLC",36204,2024-09-12,25-26,2026-08-22
BG Apartments Investors LP,14906,LOS ANGELES,"AHP Pinetree Terrace, LLC",36206,2024-11-21,25-26,2026-08-22
"Lexington Green Community Partners II, LP",14907,SAN DIEGO,"FFAH V Lexington Green II, LLC",36209,2024-10-07,25-26,2026-08-22
"Roseville Affordable, LP",14908,PLACER,"PacH Roseville Holdings, LLC",34536,2024-09-16,25-26,2026-08-22
"Wightman Place Housing, L.P.",14909,SAN DIEGO,PSCDC Wightman Place LLC,36223,2025-03-20,25-26,2026-08-22
Tennyson Preservation Associates LP,14910,ALAMEDA,"FFAH V Lord Tennyson Apartments, LLC",36224,2024-10-18,25-26,2026-08-22
"TPC QOZB-Concord, LP",14911,CONTRA COSTA,Central Valley Coalition for Affordable Housing,2419,2024-11-05,24-25,2026-08-22
"TPC QOZB-Concord, LP",14912,CONTRA COSTA,Central Valley Coalition for Affordable Housing,2419,2024-11-05,24-25,2026-08-22
"San Juan Mutual Housing Associates, L.P.",14913,SACRAMENTO,San Juan Mutual Housing Association LLC,36231,2024-11-26,25-26,2026-08-22
"HV Partners 3, LP",14914,SAN FRANCISCO,HV HPAH Phase III LLC,36226,2025-04-11,24-25,2026-08-22
"1612 Apartments, L.P.",14915,STANISLAUS,"Kingdom 1612, LLC",36232,2024-11-26,25-26,2026-08-22
1413 Howe Ave LP,14916,SACRAMENTO,1413 Howe LLC,36179,2024-11-20,25-26,2026-08-22
"LS Housing Preservation, LP",14917,SAN FRANCISCO,SFHDC La Salle Apartments LLC,36211,2024-10-15,25-26,2026-08-22
"BV Housing Preservation, LP",14918,SAN FRANCISCO,SFHDC Bayview Apartments LLC,36212,2024-10-15,25-26,2026-08-22
"AH Housing Preservation, LP",14919,SAN FRANCISCO,SFHDC All Hallows Apartments LLC,36215,2024-10-15,25-26,2026-08-22
VS Phase 2 LP,14920,SAN DIEGO,VS Phase 2 GP LLC,36242,2024-09-27,25-26,2026-08-22
"Katella Terrace, L.P.",14921,ORANGE,"OSH Katella Terrace, LLC",30401,2024-10-01,24-25,2026-08-22
"Euclid Villas Community Partners, LP",14922,IMPERIAL,"Beneficial Housing Foundation, The",22450,2024-11-05,24-25,2026-08-22
"Transbay 2 Senior, L.P.",14924,SAN FRANCISCO,CCDC Transbay 2 LLC,36257,2024-10-07,25-26,2026-08-22
"CR Epoca L Communities, LP",14925,SAN DIEGO,"PH La Moraga Holdings, LLC",23465,2024-10-03,25-26,2026-08-22
7141 Woodbine Avenue LP,14926,SACRAMENTO,"PacH Sac-Midtown Holdings, LLC",23566,2024-10-03,25-26,2026-08-22
"Mercy Housing California 108, L.P.",14927,SAN FRANCISCO,Mercy Housing California 108 LLC,36264,2024-10-09,25-26,2026-08-22
"Post Arbors Santa Ana, LP",14928,ORANGE,IH Arbors Santa Ana LLC,36266,2024-10-07,25-26,2026-08-22
4252 Crenshaw LP,14929,LOS ANGELES,Kingdom AJ LLC,36267,2024-10-09,25-26,2026-08-22
"32365 Pasadena, LP",14930,RIVERSIDE,"FFAH II WS Apartments, LLC",36269,2025-09-22,25-26,2026-08-22
"Vintage at Folsom, LP",14931,SACRAMENTO,"Hearthstone CA Properties V, LLC",33117,2024-10-10,25-26,2026-08-22
OAHS Ocean View LP,14932,ALAMEDA,"Kingdom Oceanview Garden, LLC",36271,2025-02-27,25-26,2026-08-22
OAHS Playa Del Alameda LP,14934,ALAMEDA,"Kingdom Playa Del Alameda, LLC",36282,2025-01-03,25-26,2026-08-22
1735 South Mission LP,14935,SAN DIEGO,1735 South Mission LLC,36283,2024-11-04,25-26,2026-08-22
"911 K Street Partners, LP",14937,SACRAMENTO,Central Valley Coalition for Affordable Housing,2419,2024-11-05,25-26,2026-08-22
Anaheim Midway LP,14938,ORANGE,NCRC AM GP LLC,36293,2024-11-08,23-24,2026-08-22
"Terry Manor Senior Housing, L.P.",14939,LOS ANGELES,"Rainbow - Terry, LLC",36287,2024-11-21,25-26,2026-08-22
AFH NCRC Beach Blvd L.P.,14940,ORANGE,17251 Beach LLC,36173,2024-12-30,25-26,2026-08-22
"Blessed Rock of El Monte, A California Limited Partnership",14941,LOS ANGELES,Central Valley Coalition for Affordable Housing,2419,2024-11-05,25-26,2026-08-22
"Earlimart Westwood Manor, LP",14942,TULARE,Central Valley Coalition for Affordable Housing,2419,2024-11-05,25-26,2026-08-22
"Singing Wood Senior Housing, A California Limited Partnership",14943,LOS ANGELES,Central Valley Coalition for Affordable Housing,2419,2024-11-22,25-26,2026-08-22
"Reliant - Seaside, LP",14944,SANTA CRUZ,"Rainbow - Seaside, LLC",36294,2024-11-04,25-26,2026-08-22
"New Del Nido, L.P.",14945,SONOMA,New Del Nido LLC,36309,2024-11-08,25-26,2026-08-22
"MP Francis Scott Key 2 Associates, L.P.",14946,SAN FRANCISCO,"MP Francis Scott Key 2, LLC",36310,2024-11-12,23-24,2026-08-22
Crescent City H Street LP,14947,DEL NORTE,Community Revitalization and Development Corporation,11591,2024-11-27,25-26,2026-08-22
Amistad Housing Partners I LP,14948,ORANGE,JHC-Amistad LLC,36312,2024-12-30,25-26,2026-08-22
Amistad Housing Partners II LP,14949,ORANGE,JHC-Amistad II LLC,36313,2024-12-24,25-26,2026-08-22
"Cal World Clovis, LP",14950,FRESNO,Central Valley Coalition for Affordable Housing,2419,2024-11-27,25-26,2026-08-22
"Mulberry Gardens Senior, L.P.",14951,RIVERSIDE,Mulberry Gardens Senior LLC,36314,2024-12-02,25-26,2026-08-22
"BIF NON OZ 4209 Western Ave, LP",14952,LOS ANGELES,HOM 4209 Western Ave LLC,36315,2024-11-25,25-26,2026-08-22
"BIF NON OZ 7518 S Hoover St, LP",14953,LOS ANGELES,HOM XLI LLC,36316,2024-11-25,25-26,2026-08-22
"BIF NON OZ 1100 MLK BLK, LP",14954,LOS ANGELES,HOM 1130 MLK Blvd LLC,36317,2024-12-02,25-26,2026-08-22
"Flag VII Washington Sherwood, L.P.",14955,SACRAMENTO,"FFAH V Washington Sherwood Apartments, LLC",36320,2024-12-03,25-26,2026-08-22
"Flag VII Washington Sherwood, L.P.",14956,SACRAMENTO,"FFAH V Washington Sherwood Apartments, LLC",36320,2024-12-03,25-26,2026-08-22
"Maple Park Apartments Preservation, L.P.",14957,LOS ANGELES,"Kingdom Maple Park, LLC",34951,2024-11-27,25-26,2026-08-22
Huron Plaza JV LP,14958,FRESNO,Central Valley Coalition for Affordable Housing,2419,2024-11-27,25-26,2026-08-22
"East 12th Street Housing, L.P.",14959,ALAMEDA,East 12th Street Housing LLC,36327,2025-05-22,25-26,2026-08-22
BWF II Ethos CA Horizon LP,14961,ORANGE,"CM Horizon MGP, LLC",36332,2025-03-20,25-26,2026-08-22
"Pacific Rim Preservation, L.P.",14962,LOS ANGELES,"Kingdom Pacific Rim, LLC",34952,2024-11-27,25-26,2026-08-22
"Chico Bar Triangle, LP",14964,BUTTE,Butte County Affordable Housing Development Corporation,1658,2024-12-27,25-26,2026-08-22
101 Housing Partners LP,14965,ORANGE,JHC-East PCH LLC,36221,2024-12-23,24-25,2026-08-22
"River Gardens Estates Housing, LP",14967,SACRAMENTO,Affordable Housing USA,27315,2025-06-03,25-26,2026-08-22
"Montesquieu Manor Associates, A California Limited Partnership",14968,LOS ANGELES,"Flexible PSH Solutions, Inc.",34767,2024-12-06,23-24,2026-08-22
"Rousseau Residences Associates, A California Limited Partnership",14969,LOS ANGELES,"Flexible PSH Solutions, Inc.",34767,2024-12-06,23-24,2026-08-22
"Rancho del Valle Preservation, L.P.",14970,LOS ANGELES,"Kingdom Rancho del Valle, LLC",34953,2024-12-24,25-26,2026-08-22
"Voltaire Villas Associates, A California Limited Partnership",14971,LOS ANGELES,"Flexible PSH Solutions, Inc.",34767,2024-12-27,23-24,2026-08-22
"Eaglepointe Pacific Associates, A California Limited Partnership",14972,BUTTE,Butte County Affordable Housing Development Corporation,1658,2024-12-27,24-25,2026-08-22
Bridge-CP Village LP,14973,EL DORADO,"PH Fairwood Holdings, LLC",23464,2024-12-30,25-26,2026-08-22
"GC 1422-1428 6th, LP",14975,LOS ANGELES,Kingdom AL LLC,36362,2025-01-17,25-26,2026-08-22
"GC 1422-1432 7th, LP",14977,LOS ANGELES,Kingdom AL LLC,36362,2025-01-17,25-26,2026-08-22
"GC 2001-2029 Olympic, LP",14980,LOS ANGELES,"Kingdom AS, LLC",36363,2025-02-12,25-26,2026-08-22
"GC 1522 6th, LP",14983,LOS ANGELES,Kingdom AL LLC,36362,2025-01-29,25-26,2026-08-22
"GC 1423-1425 6th, LP",14984,LOS ANGELES,Kingdom AL LLC,36362,2025-01-23,25-26,2026-08-22
"GC 1537 7th, LP",14985,LOS ANGELES,Kingdom AL LLC,36362,2025-01-17,25-26,2026-08-22
"Auburn Oaks I, LP",14986,KERN,Pacific Southwest Community Development Corporation,9498,2024-12-30,25-26,2026-08-22
"Fox Point CIC, LP",14987,SAN DIEGO,Pacific Southwest Community Development Corporation,9498,2024-12-30,25-26,2026-08-22
"LAAC, L.P.",14988,LOS ANGELES,Kingdom AG LLC,36366,2025-01-17,25-26,2026-08-22
"LAAC, L.P.",14990,LOS ANGELES,Kingdom AG LLC,36366,2025-01-17,25-26,2026-08-22
"LAAC, L.P.",14991,LOS ANGELES,Kingdom AG LLC,36366,2025-01-17,25-26,2026-08-22
"LAAC, L.P.",14993,LOS ANGELES,Kingdom AG LLC,36366,2025-01-17,25-26,2026-08-22
"LAAC, L.P.",14995,LOS ANGELES,Kingdom AG LLC,36366,2025-01-17,25-26,2026-08-22
Friendship Senior Housing L.P.,14996,ALAMEDA,CHDC Friendship Senior LLC,36367,2025-10-15,24-25,2026-08-22
"Terrasini CIC, LP",14997,SAN DIEGO,"San Diego SHC Housing, LLC",36198,2024-12-23,25-26,2026-08-22
Vista Lane Property LP,14998,SAN DIEGO,"CF Tenant Services, LLC",36371,2025-04-11,25-26,2026-08-22
Westview Logan Owner LP,14999,SACRAMENTO,"Rainbow - Logan, LLC",36372,2025-01-13,25-26,2026-08-22
Bold Manteca LP,15000,SAN JOAQUIN,Bold Manteca LLC,36374,2024-12-31,25-26,2026-08-22
6171 Mission Gorge Owner LP,15001,SAN DIEGO,Las Palmas Housing and Development Corporation,17925,2024-12-30,25-26,2026-08-22
"Linc-Florence APTS, LP",15002,LOS ANGELES,LINC Housing Corporation,7337,2024-12-27,25-26,2026-08-22
"Baldwin Park Housing Development, LP",15003,LOS ANGELES,"Baldwin Park Housing Development, LLC",36383,2025-05-23,25-26,2026-08-22
"Center of Hope Apartments II, LP",15004,SHASTA,Community Revitalization and Development Corporation,11591,2024-12-30,25-26,2026-08-22
"Brawley Family Associates, A California Limited Partnership",15005,IMPERIAL,Central Valley Coalition for Affordable Housing,2419,2024-12-31,25-26,2026-08-22
"Post Harbor Terrace, LP",15006,LOS ANGELES,"Affordable Housing Alliance II, Inc., which will do business in the State of California as Integrity",22270,2025-01-03,25-26,2026-08-22
"Marina Towers Investments, LP",15007,SOLANO,IH Marina Towers Vallejo LLC,36385,2025-02-19,25-26,2026-08-22
"Marina Annex Housing Partners, LP",15008,SOLANO,IH Marina Annex Vallejo LLC,36386,2025-02-19,25-26,2026-08-22
"Patterson Point, L.P.",15009,SANTA BARBARA,Surf Development Company,15513,2025-01-07,25-26,2026-08-22
"Adelanto Springs Village, L.P.",15010,SAN BERNARDINO,"FFAH V Desert Gardens Apartments, LLC",36351,2024-12-13,25-26,2026-08-22
"Auburn Park II, L.P.",15011,SAN DIEGO,Las Palmas Foundation,14526,2025-01-03,25-26,2026-08-22
Calle Joaquin LP,15014,SAN LUIS OBISPO,Calle Joaquin Homekey LLC,36387,2025-04-24,26-27,2026-08-22
OAHS Ocean View LP,15015,ALAMEDA,"Kingdom Oceanview Garden, LLC",36271,2025-02-27,25-26,2026-08-22
"Green Manor Housing Partners, LP",15016,SAN DIEGO,"Green Manor MGP, LLC",36396,2025-03-24,25-26,2026-08-22
San Bernardino Villas I LP,15017,SAN BERNARDINO,Affordable Housing USA,27315,2025-03-20,25-26,2026-08-22
"Hillsdale Property San Mateo, LP",15018,SAN MATEO,"PacH San Jose Holdings, LLC",24753,2025-01-24,25-26,2026-08-22
"Del Rey Colusa Apartments, LP",15020,COLUSA,"FFAH V Del Rey Apts CA, LLC",36400,2025-06-27,25-26,2026-08-22
"Desert Marigold, L.P.",15021,RIVERSIDE,"Desert Marigold GP, LLC",36401,2025-12-15,25-26,2026-08-22
CRP The Pardes 2 LP,15022,SACRAMENTO,Bold Pardes II LLC,36406,2025-03-07,25-26,2026-08-22
"801 Waterloo Partners, LP",15023,LOS ANGELES,Kingdom AE LLC,36408,2025-01-16,25-26,2026-08-22
Clark Terrace LP,15024,RIVERSIDE,Clark Terrace LLC,36416,2025-01-16,25-26,2026-08-22
Sacramento Madison Avenue LP,15025,SACRAMENTO,Community Revitalization and Development Corporation,11591,2025-01-24,25-26,2026-08-22
PATH Villas El Cerrito 1 L.P.,15027,SAN DIEGO,PVEC 1 LLC,36422,2025-01-28,24-25,2026-08-22
Santa Fe Senior Village LP,15030,SAN DIEGO,NCRC Santa Fe SV LLC,36423,2025-04-24,23-24,2026-08-22
"Torrance Housing Investors, L.P.",15031,LOS ANGELES,"FFAH II Harmony Court Apartments, LLC",36349,2025-05-30,25-26,2026-08-22
"Dixon Housing Investors, L.P.",15032,SOLANO,"FFAH II Second Street Senior Apartments, LLC",36350,2025-01-28,25-26,2026-08-22
"1530 Howe, LP",15033,SACRAMENTO,"Community Resident Services, Inc.",20833,2025-05-30,25-26,2026-08-22
"Normandie Villas Community Partners, LP",15034,LOS ANGELES,"FFAH V Normandie Villas, LLC",36434,2025-01-30,25-26,2026-08-22
"MCA#3 Community Partners, LP",15035,LOS ANGELES,"FFAH V 3940 Gibraltar Avenue, LLC",36435,2025-01-29,25-26,2026-08-22
Chinatown TOD Senior Housing LP,15036,ALAMEDA,Chinatown TOD Senior Housing LLC,36436,2025-01-29,25-26,2026-08-22
"Giant Development II, LP",15037,CONTRA COSTA,"Giant Development II, LLC",36437,2025-05-06,25-26,2026-08-22
"Poppy Grove I, LP",15038,SACRAMENTO,OEDC Poppy Grove I LLC,36438,2025-01-29,23-24,2026-08-22
Poppy Grove II LP,15039,SACRAMENTO,OEDC Poppy Grove II LLC,36439,2025-01-29,23-24,2026-08-22
Poppy Grove III LP,15040,SACRAMENTO,OEDC Poppy Grove III LLC,36440,2025-01-29,23-24,2026-08-22
"Queen Apartments 2, LP",15041,LOS ANGELES,Community Revitalization and Development Corporation,11591,2025-04-17,25-26,2026-08-22
"Beech Hill Apartments, LP",15042,SACRAMENTO,"PacH Orangevale Holdings, LLC",36442,2025-01-31,25-26,2026-08-22
"Mercy Housing California 102, L.P.",15043,EL DORADO,Mercy Housing California 102 LLC,36443,2025-05-22,25-26,2026-08-22
"Sacramento 726, L.P.",15044,SACRAMENTO,Riverside Charitable Corporation,10533,2025-02-06,25-26,2026-08-22
"Roseville Harvey 715, L.P.",15045,PLACER,Riverside Charitable Corporation,10533,2025-02-06,25-26,2026-08-22
"Arroyo Terrace, L.P.",15046,SAN LUIS OBISPO,San Luis Obispo Nonprofit Housing Corporation,11181,2025-04-11,25-26,2026-08-22
"UPMO Senior SLO, L.P.",15047,SAN LUIS OBISPO,San Luis Obispo Nonprofit Housing Corporation,11181,2025-05-09,25-26,2026-08-22
Kingwood Houston Oaks Limited Partnership,15048,YOLO,"AHA Woodland MGP, LLC",36452,2025-01-29,25-26,2026-08-22
Sierra Park LP,15049,SACRAMENTO,HOM Sierra Park LLC,36456,2025-03-24,25-26,2026-08-22
Appian LP,15050,CONTRA COSTA,HOM Appian LLC,36457,2025-03-24,25-26,2026-08-22
Greenbrier Village LP,15051,SAN DIEGO,NCRC Greenbrier LLC,36458,2025-02-04,23-24,2026-08-22
"Trails at CMR CIC, LP, The",15052,SAN DIEGO,Pacific Southwest Community Development Corporation,9498,2025-02-07,25-26,2026-08-22
"Norwalk Housing Investors, L.P.",15053,LOS ANGELES,"FFAH II Center Pointe Villas Apartments, LLC",36348,2025-02-07,25-26,2026-08-22
1552 Gate Way LP,15054,ALAMEDA,"PacH San Jose Holdings, LLC",24753,2025-04-11,25-26,2026-08-22
"Post Marquee North Hollywood, LP",15055,LOS ANGELES,"Affordable Housing Alliance II, Inc., which will do business in the State of California as Integrity",22270,2025-02-06,25-26,2026-08-22
El Dorado Apartments LP,15056,SAN FRANCISCO,Conard El Dorado Apartments LLC,36390,2025-06-03,25-26,2026-08-22
"Valle Verde of Orange Cove, L.P.",15057,FRESNO,"WCH Affordable XX, LLC",36463,2025-02-07,25-26,2026-08-22
San Martin 2020 LP,15058,SAN DIEGO,San Martin MGP 2020 LLC,36461,2025-03-27,24-25,2026-08-22
"Lemoore Family Associates, A California Limited Partnership",15060,KINGS,Central Valley Coalition for Affordable Housing,2419,2025-02-26,25-26,2026-08-22
"Casa Adelante SVN Housing, L.P.",15061,SAN FRANCISCO,CCDC Casa Adelante SVN LLC,36037,2025-02-10,25-26,2026-08-22
"Timber Street Investors, L.P.",15062,ALAMEDA,"Eden Timber, LLC",36471,2025-05-13,24-25,2026-08-22
"Montessa Residential, LP",15063,SOLANO,IH Ascenda Partnership LLC,36459,2025-05-06,25-26,2026-08-22
5 Sacramento Limited Partnership,15065,YOLO,RTB MGP LLC,34642,2025-02-27,24-25,2026-08-22
Panorama II Preservation Limited Partnership,15066,LOS ANGELES,JHC-Panorama II LLC,36478,2025-07-30,25-26,2026-08-22
Second St Andrews Preservation Limited Partnership,15067,LOS ANGELES,JHC-Second St. Andrews LLC,36479,2025-07-30,25-26,2026-08-22
"Piedmont Glendale, L.P.",15068,LOS ANGELES,"Piedmont Glendale EAH, LLC",36480,2025-05-16,25-26,2026-08-22
Two Worlds II Preservation Limited Partnership,15069,LOS ANGELES,JHC-Two Worlds II LLC,36481,2025-07-10,25-26,2026-08-22
Two Worlds II Preservation Limited Partnership,15070,LOS ANGELES,JHC-Two Worlds II LLC,36481,2025-07-10,25-26,2026-08-22
Two Worlds II Preservation Limited Partnership,15071,LOS ANGELES,JHC-Two Worlds II LLC,36481,2025-07-10,25-26,2026-08-22
Two Worlds II Preservation Limited Partnership,15072,LOS ANGELES,JHC-Two Worlds II LLC,36481,2025-07-10,25-26,2026-08-22
Two Worlds II Preservation Limited Partnership,15073,LOS ANGELES,JHC-Two Worlds II LLC,36481,2025-07-10,25-26,2026-08-22
Two Worlds II Preservation Limited Partnership,15074,LOS ANGELES,JHC-Two Worlds II LLC,36481,2025-07-10,25-26,2026-08-22
"Avanath Seaport, LP",15075,LOS ANGELES,"PH La Moraga Holdings, LLC",23465,2025-02-27,25-26,2026-08-22
Turner Village L.P.,15076,SANTA BARBARA,"Turner Foundation - Since 1958, The",10618,2026-02-05,25-26,2026-08-22
Turner Lighthouse L.P.,15077,SANTA BARBARA,"Turner Foundation - Since 1958, The",10618,2026-02-05,25-26,2026-08-22
"View at San Bruno, LP",15078,SAN MATEO,"PacH San Jose Holdings, LLC",24753,2025-03-20,25-26,2026-08-22
MAAC Laurel Tree LP,15079,SAN DIEGO,MAAC Laurel Tree MGP LLC,36489,2025-05-02,25-26,2026-08-22
"Ridge View Commons II Associates, L.P.",15080,ALAMEDA,Ridge View Commons LLC,36490,2025-05-06,25-26,2026-08-22
VM Senior LP,15081,LOS ANGELES,VM Senior LLC,36491,2025-11-19,23-24,2026-08-22
VM Family LP,15082,LOS ANGELES,VM Family LLC,36492,2025-11-19,23-24,2026-08-22
1457 Main Owner LP,15083,LOS ANGELES,Kingdom AI LLC,36501,2025-03-21,25-26,2026-08-22
"Imagine Village II, LP",15084,LOS ANGELES,"Imagine II Abbey Road, LLC",32784,2025-07-31,23-24,2026-08-22
"HCEB/MPI University Homes, LP",15085,ALAMEDA,"HCEB University, LLC",36279,2025-11-07,25-26,2026-08-22
"Post 310 Housing San Diego, LP",15086,SAN DIEGO,"TACHS Post 310, LLC",36505,2025-03-20,25-26,2026-08-22
"18722 Sherman Way, L.P.",15087,LOS ANGELES,18722 Sherman Way GP LLC,36509,2025-05-21,25-26,2026-08-22
"ASI Monte Vista, L.P.",15088,LOS ANGELES,Community Revitalization and Development Corporation,11591,2025-05-27,25-26,2026-08-22
"McCloud River Community Partners, LP",15089,SISKIYOU,Synergy Community Development Corporation,20571,2025-05-23,25-26,2026-08-22
Lincoln Buena Park LP,15090,ORANGE,"RCC MGP, LLC",25160,2025-03-20,25-26,2026-08-22
Crest Apartments LP,15091,LOS ANGELES,LAFH Crest LLC,36534,2025-05-16,24-25,2026-08-22
"Corcoran Westgate Manor, LP",15092,KINGS,Central Valley Coalition for Affordable Housing,2419,2025-04-07,25-26,2026-08-22
"Holtville Pine Pacific Associates, a California Limited Partnership",15093,IMPERIAL,Central Valley Coalition for Affordable Housing,2419,2025-04-16,25-26,2026-08-22
"Prospera Homestead Partners, L.P.",15094,SOLANO,Affordable Housing Community Development Corporation,33002,2025-04-16,24-25,2026-08-22
"Indio Avenue 44 Pacific Associates, a California Limited Partnership",15095,RIVERSIDE,Central Valley Coalition for Affordable Housing,2419,2025-04-16,25-26,2026-08-22
"CRCD Normandie Apartments, L.P.",15096,LOS ANGELES,LTSC Normandie LLC,36207,2025-04-11,25-26,2026-08-22
BWF III Ethos CA Los Gatos Creek LP,15099,SANTA CLARA,"CM Los Gatos Creek MGP, LLC",36556,2025-03-28,25-26,2026-08-22
Humble Heart LP,15100,SAN DIEGO,Wakeland Humble Heart LLC,36557,2025-08-06,25-26,2026-08-22
Wakeland Alma LP,15101,LOS ANGELES,Wakeland Alma LLC,36558,2025-06-09,25-26,2026-08-22
"Redlands Supportive Housing, L.P.",15102,SAN BERNARDINO,"Supportive Housing, LLC",26356,2025-06-30,24-25,2026-08-22
"Montecito, L.P.",15103,SANTA CLARA,Montecito Charities LLC,36560,2025-03-26,25-26,2026-08-22
Shadow Way Venture LP,15104,SAN DIEGO,Kingdom AD LLC,36566,2025-06-30,25-26,2026-08-22
"WLAVA Building 210, LP",15105,LOS ANGELES,"U.S.VETS-WLAVA Building 210, LLC",36567,2025-06-13,25-26,2026-08-22
IDG Paradise Gardens III LP,15108,BUTTE,"NHC MGP I, LLC",25166,2025-09-05,25-26,2026-08-22
"Steps St. A, L.P.",15109,LOS ANGELES,Steps St. A LLC,36576,2025-11-10,25-26,2026-08-22
UC 16E LP,15110,SACRAMENTO,Community Revitalization and Development Corporation,11591,2025-04-16,25-26,2026-08-22
"Imperial Homes, LP",15111,ALAMEDA,Bay Area Community Services Housing Corporation,25010,2025-05-27,25-26,2026-08-22
"HV Partners 3, LP",15112,SAN FRANCISCO,HV HPAH Phase III LLC,36226,2025-04-11,24-25,2026-08-22
Iris at San Ysidro LP,15114,SAN DIEGO,NCRC ISY GP LLC,36584,2025-04-03,24-25,2026-08-22
"Jordan Downs 3B, LP",15115,LOS ANGELES,"JD Housing 3B, LLC",36585,2025-04-09,24-25,2026-08-22
"Watts Arms II Partners, LP",15116,LOS ANGELES,CBCDC Watts Arms LLC,36498,2025-04-16,25-26,2026-08-22
99 Ocean Avenue LP,15117,SAN FRANCISCO,"PacH San Francisco Holdings, LLC",36588,2025-04-09,26-27,2026-08-22
"ABS Sepulveda, LP",15118,LOS ANGELES,"Kingdom AM, LLC",36589,2026-01-22,25-26,2026-08-22
"Queen Apartments 2, LP",15119,LOS ANGELES,Community Revitalization and Development Corporation,11591,2025-04-24,25-26,2026-08-22
"Queen Apartments 2, LP",15120,LOS ANGELES,Community Revitalization and Development Corporation,11591,2025-04-24,25-26,2026-08-22
"Queen Apartments 2, LP",15121,LOS ANGELES,Community Revitalization and Development Corporation,11591,2025-04-24,25-26,2026-08-22
"A0358 Monterey, L.P.",15122,RIVERSIDE,"A0358 Monterey Holdings, LLC",36602,2025-03-19,24-25,2026-08-22
"SV Inglewood Holdings, L.P.",15124,LOS ANGELES,"SV Inglewood CHW GP, LLC",36605,2025-04-09,25-26,2026-08-22
Sunland CSI Senior Housing LP,15125,LOS ANGELES,Sunland CSI Senior Housing Partner LLC,36506,2025-05-29,25-26,2026-08-22
Cuatro at City Heights LP,15128,SAN DIEGO,Cuatro at City Heights LLC,36612,2025-04-21,24-25,2026-08-22
"D Avenue Housing Associates, L.P.",15129,SAN DIEGO,"CHW D Avenue, LLC",36615,2025-05-30,23-24,2026-08-22
"D Avenue Housing Associates, L.P.",15130,SAN DIEGO,"CHW D Avenue, LLC",36615,2025-05-30,23-24,2026-08-22
Broadway Partners LP,15131,LOS ANGELES,"Neighborhood Partners, Inc.",8745,2025-12-30,25-26,2026-08-22
"TC Lofts, LP",15132,SACRAMENTO,HOM The Lofts Apartments LLC,36617,2025-05-28,26-27,2026-08-22
"CG Lofts, LP",15133,SACRAMENTO,HOM The Lofts Apartments LLC,36617,2025-05-28,26-27,2026-08-22
"GB Lofts, LP",15134,SACRAMENTO,HOM The Lofts Apartments LLC,36617,2025-05-28,26-27,2026-08-22
"JSP Lofts, LP",15135,SACRAMENTO,HOM The Lofts Apartments LLC,36617,2025-05-28,26-27,2026-08-22
MP Roseland Village Associates LP,15136,SONOMA,"MP Roseland Village, LLC",36621,2025-04-30,26-27,2026-08-22
"Holt & Main, LP",15137,LOS ANGELES,"WCH Affordable LXIV, LLC",36622,2025-04-22,25-26,2026-08-22
"Post Foxdale, LP",15138,SANTA CLARA,"AHA Foxdale MGP, LLC",36624,2025-04-28,26-27,2026-08-22
2330 3rd Street Apartments L.P.,15139,LOS ANGELES,"PH La Moraga Holdings, LLC",23465,2025-05-02,26-27,2026-08-22
Cuatro at City Heights LP,15140,SAN DIEGO,Cuatro at City Heights LLC,36612,2025-04-21,24-25,2026-08-22
Cuatro at City Heights LP,15141,SAN DIEGO,Cuatro at City Heights LLC,36612,2025-04-21,24-25,2026-08-22
Cuatro at City Heights LP,15142,SAN DIEGO,Cuatro at City Heights LLC,36612,2025-04-21,24-25,2026-08-22
"Beech Street Housing Associates, L.P.",15160,SAN DIEGO,"CHW Beech Street, LLC",31395,2025-04-28,23-24,2026-08-22
"C.V. Senior Housing Partners, L.P.",15161,SAN DIEGO,"C.V. Interfaith MGP, LLC",36627,2025-08-04,25-26,2026-08-22
"Valley Pride Village, LP",15162,LOS ANGELES,"CBCDC Valley Pride Villages, LLC",36165,2025-05-30,25-26,2026-08-22
"2019 Ozone Affordable Housing - 820 MacArthur, LP",15163,ALAMEDA,AOF MacArthur LLC,36632,2025-06-27,25-26,2026-08-22
Steele Stockton LP,15164,SAN JOAQUIN,CHC Stockton MGP LLC,36633,2025-09-05,26-27,2026-08-22
"Ralston Tower RHF Partners, L.P.",15165,STANISLAUS,"Ralston Tower RHF Housing, LLC",36634,2026-01-22,24-25,2026-08-22
CG Teresina Apts LP,15166,SAN DIEGO,"PH La Moraga Holdings, LLC",23465,2025-07-25,26-27,2026-08-22
"PREG 5150 ECR Los Altos, LP",15167,SANTA CLARA,"Hearthstone CA Properties V, LLC",33117,2025-06-04,26-27,2026-08-22
Collier Avenue Associates LP,15168,LAKE,Collier Avenue Associates LLC,36647,2025-04-30,24-25,2026-08-22
"Huntington Hacienda Associates, a California Limited Partnership",15169,LOS ANGELES,"CARE Housing Services GP, LLC",24212,2025-06-04,25-26,2026-08-22
6706 Hayvenhurst Owner LP,15170,LOS ANGELES,enCORE 6706 Hayvenhurst LLC,31187,2025-04-23,26-27,2026-08-22
8503 Tobias Owner LP,15171,LOS ANGELES,enCORE 8503 Tobias LLC,31190,2025-04-23,26-27,2026-08-22
9010 Tobias Owner LP,15172,LOS ANGELES,enCORE 9010 Tobias LLC,31192,2025-04-23,26-27,2026-08-22
14612-14654 Blythe Owner LP,15173,LOS ANGELES,enCORE 14612-14654 Blythe LLC,31191,2025-04-23,26-27,2026-08-22
14732 Blythe Owner LP,15174,LOS ANGELES,enCORE 14732 Blythe LLC,31189,2025-04-23,26-27,2026-08-22
15125 Saticoy Owner LP,15175,LOS ANGELES,enCORE 15125 Saticoy LLC,31188,2025-04-25,26-27,2026-08-22
21205-21215 Saticoy Owner LP,15176,LOS ANGELES,enCORE 21205-21215 Saticoy LLC,31193,2025-04-25,26-27,2026-08-22
"FLT Telegraph Partners, L.P.",15177,VENTURA,"AHA Santa Paula MGP, LLC",36653,2025-04-25,26-27,2026-08-22
Orion and Langdon Owner LP,15178,LOS ANGELES,enCORE Orion and Langdon LLC,31194,2025-04-25,26-27,2026-08-22
Garcia Marquez Limited Partnership,15179,LOS ANGELES,"Neighborhood Partners, Inc.",8745,2025-12-30,22-23,2026-08-22
"EV 228 Soto, LP",15180,LOS ANGELES,"Step Forward Communities, A California Nonprofit Public Benefit Corporation",24993,2025-06-03,26-27,2026-08-22
Parnow Preservation LP,15182,MARIN,Las Palmas Housing and Development Corporation,17925,2025-04-29,25-26,2026-08-22
"Manchester Land Associates, L.P.",15183,LOS ANGELES,"Spectrum GP, LLC",32753,2025-05-27,25-26,2026-08-22
"Arc Village CIC, LP",15184,RIVERSIDE,Pacific Southwest Community Development Corporation,9498,2025-04-29,26-27,2026-08-22
"Ramona Park Community Partners, LP",15185,LOS ANGELES,"FFAH V RP Apts, LLC",36664,2025-07-31,26-27,2026-08-22
"HomeSafe Santa Clara, L.P.",15186,SANTA CLARA,HomeSafe Charities LLC,36665,2025-05-27,26-27,2026-08-22
Parkside JV LP,15187,FRESNO,"Silvercrest, Inc.",11739,2025-10-15,26-27,2026-08-22
"Tilden - The Easton, LP",15188,PLACER,Las Palmas Housing and Development Corporation,17925,2025-06-03,26-27,2026-08-22
"Tilden - The Everette, LP",15189,PLACER,Las Palmas Housing and Development Corporation,17925,2025-06-03,26-27,2026-08-22
NCRC Murrieta Family Housing LP,15190,RIVERSIDE,NCRC Murrieta Family MGP LLC,36675,2025-05-15,24-25,2026-08-22
OSM Alderbrook Heights LP,15192,SONOMA,Community Revitalization and Development Corporation,11591,2025-05-29,25-26,2026-08-22
"VA8 Elevate Towngate, L.P.",15193,RIVERSIDE,"PacH Moreno Valley Holdings, LLC",36679,2025-09-25,26-27,2026-08-22
"Post David, LP",15194,SANTA CLARA,"AHA David MGP, LLC",36684,2025-06-23,26-27,2026-08-22
"Post Regency & Lexington, LP",15195,SANTA CLARA,"AHA Regency & Lexington MGP, LLC",36685,2025-05-21,26-27,2026-08-22
"Post Regency & Lexington, LP",15196,SANTA CLARA,"AHA Regency & Lexington MGP, LLC",36685,2025-05-21,26-27,2026-08-22
"Post Palmdale Chaparral, LP",15197,LOS ANGELES,IH Chaparral Palmdale LLC,36680,2025-05-16,26-27,2026-08-22
"Auburn Palms, LP",15199,PLACER,"Hearthstone CA Properties V, LLC",33117,2025-07-25,26-27,2026-08-22
699 14th Street CSLC LP,15201,SAN DIEGO,699 14th Street CSLC GP LLC,36695,2026-01-14,25-26,2026-08-22
Union Tower One LP,15202,SAN DIEGO,Union Tower LLC,36696,2025-05-23,25-26,2026-08-22
Kindred Cortez Hill LP,15204,SAN DIEGO,Kindred Cortez Hill LLC,36697,2025-06-30,26-27,2026-08-22
"Witmer Manor Community Partners, LP",15205,LOS ANGELES,FFAH V Witmer Manor LLC,36709,2025-06-30,26-27,2026-08-22
"Regional Street Investors, L.P.",15206,ALAMEDA,"Regional Street, LLC",36727,2025-06-02,25-26,2026-08-22
"Visalia Pacific Associates II, a California Limited Partnership",15207,TULARE,Kaweah Management Company,6907,2025-12-12,25-26,2026-08-22
"Post David, LP",15210,SANTA CLARA,"AHA David MGP, LLC",36684,2025-06-19,26-27,2026-08-22
"Maison's Palmdale Blvd 150, LP",15211,LOS ANGELES,"AHA High Desert MGP, LLC",30833,2025-06-27,26-27,2026-08-22
OAHS Promenades LP,15212,ALAMEDA,"Kingdom AP, LLC",36746,2026-02-05,25-26,2026-08-22
"Mandela Homes, LP",15213,ALAMEDA,3650 Mandela Affordable GP LLC,36707,2025-08-27,26-27,2026-08-22
Rise 30th St LP,15214,SAN DIEGO,AOF SD MGP LLC,34236,2025-06-27,26-27,2026-08-22
"BIF NON OZ 6200 Broadway BLK, LP",15215,LOS ANGELES,HOM 6200 S Broadway LLC,36751,2025-06-25,26-27,2026-08-22
"Harbor Park Apartments Phase 2, LP",15217,SOLANO,Casa Major AH II LLC,36752,2025-06-25,26-27,2026-08-22
Chowchilla Maple I L.P.,15218,MADERA,Chowchilla Maple I LLC,36753,2025-08-18,26-27,2026-08-22
"Linc-Hill Street, L.P.",15220,SAN MATEO,Linc-Hill Street LLC,36758,2025-07-03,26-27,2026-08-22
"Linc Larrabee, LP",15221,LOS ANGELES,"Linc Larrabee, LLC",36759,2025-09-05,25-26,2026-08-22
"Peak Plaza, L.P.",15223,LOS ANGELES,"HCHC Peak Plaza GP, LLC",36760,2025-09-05,26-27,2026-08-22
"La Passeggiata, L.P.",15224,SAN JOAQUIN,La Passeggiata LLC,36302,2025-11-07,26-27,2026-08-22
"Legacy Court, L.P.",15226,CONTRA COSTA,Legacy Court LLC,36767,2025-10-14,25-26,2026-08-22
Letzring RAD LP,15227,KERN,GEAHI Letzring RAD LLC,36768,2025-08-05,26-27,2026-08-22
"NOVO Rowland Heights Holdings, L.P.",15228,LOS ANGELES,"NOVO Rowland Heights CHW GP, LLC",36769,2026-01-07,26-27,2026-08-22
"Wildomar Family Housing, L.P.",15229,RIVERSIDE,"CFAH Housing, LLC",31329,2025-07-21,25-26,2026-08-22
"Post Candlewood North, LP",15230,LOS ANGELES,"Affordable Housing Alliance II, Inc., which will do business in the State of California as Integrity",22270,2025-07-02,26-27,2026-08-22
"Richman Oroville Apartments, LP",15231,BUTTE,Butte County Affordable Housing Development Corporation,1658,2025-07-31,24-25,2026-08-22
"Oxford Terrace Housing, L.P.",15232,SAN DIEGO,Oxford Gardens Community Association,9417,2025-09-05,26-27,2026-08-22
Waterbend SF Owner LP,15233,SAN FRANCISCO,"CM Waterbend MGP, LLC",36787,2025-07-18,26-27,2026-08-22
"Danville Pacific Associates, LP",15234,CONTRA COSTA,Central Valley Coalition for Affordable Housing,2419,2025-07-29,26-27,2026-08-22
"Millbrae Broadway Pacific Associates, LP",15235,SAN MATEO,Central Valley Coalition for Affordable Housing,2419,2025-07-22,26-27,2026-08-22
"Murrieta Pacific Associates, a California Limited Partnership",15236,RIVERSIDE,Central Valley Coalition for Affordable Housing,2419,2025-07-22,26-27,2026-08-22
"Petaluma Pacific Associates, LP",15237,SONOMA,Central Valley Coalition for Affordable Housing,2419,2025-07-22,26-27,2026-08-22
"Mercy Housing California 112, L.P.",15238,LOS ANGELES,Mercy Housing California 112 LLC,36794,2025-10-02,25-26,2026-08-22
"Rancho Mirage Pacific Associates, LP",15239,RIVERSIDE,Central Valley Coalition for Affordable Housing,2419,2025-07-22,26-27,2026-08-22
"21300 Devonshire, L.P.",15240,LOS ANGELES,21300 Devonshire GP LLC,36797,2025-07-22,24-25,2026-08-22
"220 Quince, L.P.",15241,SAN DIEGO,"Quince Interfaith MGP, LLC",36798,2025-07-23,25-26,2026-08-22
"Post Orchard, LP",15242,SANTA CLARA,"AHA Orchard MGP, LLC",36799,2025-07-25,26-27,2026-08-22
"Mark Twain Partners, LP",15243,ALAMEDA,"Hearthstone CA Properties V, LLC",33117,2025-08-18,26-27,2026-08-22
"Veteran Commons, L.P.",15244,LOS ANGELES,"Veteran Commons MGP, LLC",36650,2025-12-23,26-27,2026-08-22
"Peppertree of Banning, L.P.",15245,LOS ANGELES,"WCH Affordable XLIII, LLC",36800,2025-09-10,26-27,2026-08-22
Bellwood Park Owner LP,15246,SACRAMENTO,"Rainbow - Bellwood, LLC",36801,2025-08-22,26-27,2026-08-22
Bridges at Five Oaks Owner LP,15247,SACRAMENTO,"Rainbow - Bridges, LLC",36802,2025-09-18,26-27,2026-08-22
Jerron Place Owner LP,15248,SACRAMENTO,"Rainbow - Jerron, LLC",36803,2025-09-18,26-27,2026-08-22
"MP Midway Associates 2, L.P.",15249,SAN MATEO,"MP Midway 2, LLC",36806,2026-01-16,26-27,2026-08-22
"MP Turk Street Associates, L.P.",15250,SAN FRANCISCO,MP Turk Street LLC,36807,2025-12-23,26-27,2026-08-22
"Saltair Place, L.P.",15251,KINGS,Pacific Southwest Community Development Corporation,9498,2025-08-26,25-26,2026-08-22
"Bella Vista Owner, LP",15252,CONTRA COSTA,"PacH Richmond Holdings, LLC",36820,2025-08-04,26-27,2026-08-22
"Rose Hill Courts II Housing Partners, L.P.",15253,LOS ANGELES,"LOMOD RHC II, LLC",33181,2025-08-26,26-27,2026-08-22
NCRC Beaumont LP,15254,RIVERSIDE,NCRC Beaumont LLC,36821,2025-08-06,25-26,2026-08-22
Eagle Nest 6 LP,15255,SAN BERNARDINO,"AHA Inland MGP, LLC",25659,2025-11-07,24-25,2026-08-22
Ramona Preservation LP,15256,SAN DIEGO,Las Palmas Housing and Development Corporation,17925,2025-09-05,26-27,2026-08-22
MP Verano Associates LP,15257,SONOMA,MP Verano LLC,36749,2025-10-02,26-27,2026-08-22
Pioneer Drive Apartments LP,15259,KERN,GEAHI Pioneer Apartments LLC,36829,2025-08-15,26-27,2026-08-22
Rise Carmel LP,15260,SAN DIEGO,AOF SD MGP LLC,34236,2025-08-26,26-27,2026-08-22
"U.S. REIF SP Saratoga Apartments CA, LP",15261,NAPA,"PacH Sac-Midtown Holdings, LLC",23566,2025-10-14,26-27,2026-08-22
"2550 Irving Associates, L.P.",15263,SAN FRANCISCO,2550 Irving GP LLC,36835,2025-10-14,25-26,2026-08-22
"La Amistad Apartments, LP",15264,KERN,"FFAH V La Amistad Apts CA, LLC",36837,2025-08-21,26-27,2026-08-22
"Park Palace One Apts, LP",15265,KERN,"FFAH V Park Place One Apts CA, LLC",36838,2025-08-27,26-27,2026-08-22
"Park Palace Two Apts, LP",15266,KERN,"FFAH V Park Place Two Apts CA, LLC",36839,2025-08-27,26-27,2026-08-22
"Western Avenue Apartments Preservation, LP",15267,LOS ANGELES,"Step Up On Second Street, Inc.",12397,2025-09-09,21-22,2026-08-22
College Community Courts LP,15268,VENTURA,College Community Courts LLC,36840,2025-09-02,26-27,2026-08-22
Hawthorn Senior Apartments LP,15269,SANTA CLARA,Hawthorn Senior Apartments LLC,36841,2025-08-29,25-26,2026-08-22
"Poso Place Senior Apartments, LP",15270,KERN,"FFAH II Poso Place Senior Apts CA, LLC",36845,2025-08-29,26-27,2026-08-22
"Nina Place Apartments, LP",15271,KERN,"FFAH V Nina Place Apts CA, LLC",36846,2025-08-29,26-27,2026-08-22
"King Square Apartments, LP",15272,KERN,"FFAH V King Square Apts CA, LLC",36851,2025-09-03,26-27,2026-08-22
"River Grove II, L.P.",15274,MADERA,River Grove II LLC,36855,2025-10-15,26-27,2026-08-22
Rose Creek Village LP,15275,SAN DIEGO,NCRC Rose Creek GP LLC,36863,2025-09-19,25-26,2026-08-22
69th Street Apartments LP,15276,SACRAMENTO,Community Revitalization and Development Corporation,11591,2025-09-19,26-27,2026-08-22
"Folsom Pacific Associates II, A California Limited Partnership",15277,SACRAMENTO,Central Valley Coalition for Affordable Housing,2419,2025-09-24,26-27,2026-08-22
Sacramento 11th Street II LP,15278,SACRAMENTO,Community Revitalization and Development Corporation,11591,2025-09-24,26-27,2026-08-22
"Jordan Downs Phase S5, LP",15279,LOS ANGELES,"La Cienega Lomod, Inc.",7067,2025-09-26,25-26,2026-08-22
Rise 8th Ave LP,15281,SAN DIEGO,"National Housing MGP, LLC",30873,2025-09-24,24-25,2026-08-22
"San Diego Pacific Associates, A California Limited Partnership",15285,SAN DIEGO,Central Valley Coalition for Affordable Housing,2419,2025-09-26,26-27,2026-08-22
525 Capitol LP,15287,SANTA CLARA,"FFAH V 525 Capitol, LLC",36870,2025-12-30,26-27,2026-08-22
"2533 Mansfield Owner, L.P.",15288,LOS ANGELES,"PH La Moraga Holdings, LLC",23465,2025-09-26,26-27,2026-08-22
"200 N La Cumbre Associates, L.P.",15289,SANTA BARBARA,"Garden Court, Inc.",21872,2025-09-26,26-27,2026-08-22
"Coventry Court Preservation, L.P.",15290,ORANGE,"PacH San Jose Holdings, LLC",24753,2025-10-30,26-27,2026-08-22
"Brandon Place, LP",15291,RIVERSIDE,"FFAH II BP Senior Apartments, LLC",36875,2026-01-26,26-27,2026-08-22
"5435 Balboa, LP",15294,LOS ANGELES,Las Palmas Housing and Development Corporation,17925,2025-10-03,26-27,2026-08-22
"Coronado Owner, LP",15295,ORANGE,Kingdom Solstice LLC,36886,2026-02-09,26-27,2026-08-22
"13C Sacramento, LP",15296,SACRAMENTO,"PacH Sac-Midtown Holdings, LLC",23566,2025-10-03,26-27,2026-08-22
Central Valley Holdings 1 LP,15297,KINGS,"PacH Fresno Holdings, LLC",36888,2025-09-29,26-27,2026-08-22
Central Valley Holdings 1 LP,15298,FRESNO,"PacH Fresno Holdings, LLC",36888,2025-09-29,26-27,2026-08-22
Central Valley Holdings 1 LP,15299,FRESNO,"PacH Fresno Holdings, LLC",36888,2025-09-29,26-27,2026-08-22
Central Valley Holdings 1 LP,15300,FRESNO,"PacH Fresno Holdings, LLC",36888,2025-09-29,26-27,2026-08-22
Central Valley Holdings 1 LP,15301,KINGS,"PacH Fresno Holdings, LLC",36888,2025-09-29,26-27,2026-08-22
Central Valley Holdings 1 LP,15302,FRESNO,"PacH Fresno Holdings, LLC",36888,2025-09-29,26-27,2026-08-22
"U.S. REIF SP Saratoga Apartments CA, LP",15303,NAPA,"PacH Sac-Midtown Holdings, LLC",23566,2025-10-03,26-27,2026-08-22
"PSI Rehab, LP",15305,SANTA CLARA,AHCDC Paseo Senter 1 LLC,36902,2025-11-07,26-27,2026-08-22
Avon Tower Investors LP,15306,LOS ANGELES,"FFAH II Burbank Senior, LLC",36904,2026-01-22,26-27,2026-08-22
Midtown Senior Housing LP,15307,LOS ANGELES,"FFAH II Burbank Senior, LLC",36904,2026-01-22,26-27,2026-08-22
"Livingston B Street, L.P.",15308,MERCED,SHE Livingston B Street LLC,36916,2025-10-10,26-27,2026-08-22
"Cherry Street Commons, L.P.",15310,SAN MATEO,Eden Cherry Street LLC,36917,2026-01-27,25-26,2026-08-22
"Fountain Park, LP",15311,SANTA CLARA,Las Palmas Housing and Development Corporation,17925,2025-10-30,26-27,2026-08-22
Oakland Affordable Homes LP,15312,ALAMEDA,Kingdom BC LLC,36926,2025-10-17,26-27,2026-08-22
Oakland Affordable Homes LP,15313,ALAMEDA,Kingdom BC LLC,36926,2025-10-20,25-26,2026-08-22
Oakland Affordable Homes LP,15314,ALAMEDA,Kingdom BC LLC,36926,2025-10-20,26-27,2026-08-22
Oakland Affordable Homes LP,15315,ALAMEDA,Kingdom BC LLC,36926,2025-10-20,26-27,2026-08-22
Fox Hill Senior Housing LP,15316,LOS ANGELES,"American Housing Preservation, Inc.",36119,2025-10-30,26-27,2026-08-22
Sol Haus Owner LP,15318,SAN DIEGO,Las Palmas Housing and Development Corporation,17925,2025-10-31,26-27,2026-08-22
"18615 E Arrow Highway, LP",15320,LOS ANGELES,HOM Pacific Trails LLC,36940,2025-12-19,26-27,2026-08-22
"Jean McKinney Housing, L.P.",15321,SAN DIEGO,PSCDC McKinney LLC,36941,2025-12-12,26-27,2026-08-22
Standard Vistria Park Kiely Owner LP,15323,SANTA CLARA,HOM Park Kiely LLC,36942,2025-10-22,26-27,2026-08-22
Electric Lofts LP,15324,ALAMEDA,AOF Electric Lofts LLC,36943,2026-01-27,26-27,2026-08-22
"112 Vera Ave., L.P.",15325,SAN MATEO,Corporation for Better Housing,3474,2025-10-31,26-27,2026-08-22
"1271 E. Julian St., L.P., a California limited partnership",15326,SANTA CLARA,Corporation for Better Housing,3474,2025-10-31,26-27,2026-08-22
"Kooser Apartments, L.P.",15327,SANTA CLARA,"CFAH Housing, LLC",31329,2025-10-31,25-26,2026-08-22
"Post Canyon Villa, LP",15328,SAN DIEGO,"FFAH V Canyon Villa Apartments CA, LLC",36947,2025-10-28,26-27,2026-08-22
"Dorado Senior, LP",15331,ORANGE,"FFAH II DS Apartments CA, LLC",36951,2025-11-21,26-27,2026-08-22
"Hunt Pradera II, L.P.",15332,NAPA,"Hunt Pradera II, LLC",36952,2025-12-08,25-26,2026-08-22
Sungrove Senior Apartments LP,15333,ORANGE,"FFAH II Sungrove Senior CA, LLC",36954,2025-11-21,26-27,2026-08-22
Adagio LP,15334,LAKE,"CARE Housing Services GP, LLC",24212,2025-11-10,26-27,2026-08-22
Comfrey LP,15335,SACRAMENTO,"CARE Housing Services GP, LLC",24212,2025-11-06,26-27,2026-08-22
Hudson Bay LP,15336,SACRAMENTO,"CARE Housing Services GP, LLC",24212,2025-11-06,26-27,2026-08-22
"Post Rancho Cordova, LP",15337,SACRAMENTO,"FFAH V RC Apts CA, LLC",36956,2025-11-21,26-27,2026-08-22
Northside Commons LP,15338,SAN BERNARDINO,"CARE Housing Services GP, LLC",24212,2025-11-06,26-27,2026-08-22
Oasis Village Adelanto LP,15339,SAN BERNARDINO,"CARE Housing Services GP, LLC",24212,2025-11-06,26-27,2026-08-22
Regency Place LP,15340,SHASTA,"CARE Housing Services GP, LLC",24212,2025-11-06,26-27,2026-08-22
Shadowbrook LP,15341,SHASTA,"CARE Housing Services GP, LLC",24212,2025-11-06,26-27,2026-08-22
Suncrest Barstow LP,15342,SAN BERNARDINO,"CARE Housing Services GP, LLC",24212,2025-11-06,26-27,2026-08-22
Tara Hills LP,15343,SHASTA,"CARE Housing Services GP, LLC",24212,2025-12-12,26-27,2026-08-22
Three Palms Hesperia LP,15344,SAN BERNARDINO,"CARE Housing Services GP, LLC",24212,2025-11-07,26-27,2026-08-22
Villa Monterey LP,15345,RIVERSIDE,"CARE Housing Services GP, LLC",24212,2025-11-07,26-27,2026-08-22
Village LP,15346,LAKE,"CARE Housing Services GP, LLC",24212,2025-11-07,26-27,2026-08-22
Viscar Terrace LP,15347,RIVERSIDE,RHCDC Viscar MGP LLC,36965,2025-12-08,26-27,2026-08-22
"PR Ethos Linq Property, LP",15348,SANTA CLARA,"PacH San Jose Holdings, LLC",24753,2025-11-10,26-27,2026-08-22
"Locke Lofts Associates, A California Limited Partnership",15349,LOS ANGELES,"Flexible PSH Solutions, Inc.",34767,2025-11-10,26-27,2026-08-22
East Village West LP,15350,SAN DIEGO,Island Village Housing LLC,36962,2025-11-10,26-27,2026-08-22
"716 Seagaze Affordable, L.P.",15351,SAN DIEGO,PSCDC Prime SD LLC,36974,2025-12-18,26-27,2026-08-22
"1540 W. Court Street, LP",15352,LOS ANGELES,HOM 1540 W. Court St LLC,36975,2025-12-30,26-27,2026-08-22
"Flag VII The Parker, L.P",15354,LOS ANGELES,Las Palmas Housing and Development Corporation,17925,2025-11-17,26-27,2026-08-22
Dry Creek Commons L.P.,15361,SONOMA,"BHDC Dry Creek Commons, LLC",36578,2025-11-13,26-27,2026-08-22
528 Natoma LP,15362,SAN FRANCISCO,SFHDC Small Sites 528 Natoma LLC,36990,2025-11-13,25-26,2026-08-22
Center Housing Partners LP,15364,ORANGE,JHC-Center LLC,36992,2026-01-22,26-27,2026-08-22
"Prime Potrero Housing Partners, L.P.",15365,SAN FRANCISCO,Urban Preservation Foundation,21405,2026-01-26,26-27,2026-08-22
"AMCAL Los Vientos Fund, L.P.",15366,SAN DIEGO,"AHA MGP Delta I, LLC",36995,2025-11-17,26-27,2026-08-22
"AMCAL Sandstone Fund, L.P.",15367,FRESNO,"AHA MGP Delta II, LLC",36996,2025-11-17,26-27,2026-08-22
"Sommerset Place, Limited Partnership",15368,SACRAMENTO,"AHA MGP Delta II, LLC",36996,2025-11-17,26-27,2026-08-22
"Camino Al Oro Fund, L.P.",15369,LOS ANGELES,"AHA MGP Los Angeles V, LLC",36997,2025-11-18,26-27,2026-08-22
"AMCAL Tesoro Del Valle Fund, L.P.",15370,LOS ANGELES,"AHA MGP Los Angeles V, LLC",36997,2025-11-18,26-27,2026-08-22
"AMCAL Cielo Azul Fund, L.P.",15371,LOS ANGELES,"AHA MGP Los Angeles VI, LLC",36998,2025-11-26,26-27,2026-08-22
"AMCAL Casa Bella Fund, L.P.",15372,SAN BERNARDINO,"AHA MGP Los Angeles VI, LLC",36998,2025-11-26,26-27,2026-08-22
"AMCAL Mirandela Fund, L.P.",15373,LOS ANGELES,"AHA MGP Los Angeles IX, LLC",36999,2025-11-20,26-27,2026-08-22
"AMCAL 1440 Santa Ana Fund, LP",15374,ORANGE,"AHA MGP ORC I, LLC",37000,2025-11-19,26-27,2026-08-22
Lincoln Beach LP,15375,ORANGE,IHO-Lincoln Beach LLC,37003,2025-12-30,26-27,2026-08-22
"Chadwick Owner, LP",15376,LOS ANGELES,"Pacific Housing, Inc.",14273,2025-12-03,26-27,2026-08-22
"Monterey Road Family Apartments, L.P.",15377,SANTA CLARA,"PacH San Jose Holdings, LLC",24753,2025-12-03,26-27,2026-08-22
"Placer Creek Affordable, LP",15378,PLACER,"PacH Anton South Holdings, LLC",23565,2025-12-03,26-27,2026-08-22
"North Fair Oaks Apartments, L.P.",15380,SAN MATEO,"CFAH Housing, LLC",31329,2025-12-10,25-26,2026-08-22
"Casa Del Sol Calipatria, LP",15381,IMPERIAL,"FFAH V Casa Del Sol Calipatria CA, LLC",37036,2025-12-04,26-27,2026-08-22
"Sierra Vista Seeley, LP",15382,IMPERIAL,"FFAH V Sierra Vista Seeley CA, LLC",37037,2025-12-05,26-27,2026-08-22
"Bluffs at 44th LP, The",15384,SANTA CRUZ,"PSCDC The Bluffs, LLC",37042,2025-12-08,25-26,2026-08-22
"831 Water Street, L.P.",15386,SANTA CRUZ,"Community Resident Services, Inc.",20833,2026-01-26,26-27,2026-08-22
"CG Falls, LP",15387,SACRAMENTO,"PH La Moraga Holdings, LLC",23465,2025-12-10,26-27,2026-08-22
"GB Falls, LP",15388,SACRAMENTO,"PH La Moraga Holdings, LLC",23465,2025-12-10,26-27,2026-08-22
"JSP Falls, LP",15389,SACRAMENTO,"PH La Moraga Holdings, LLC",23465,2025-12-10,26-27,2026-08-22
Sycamore Drive Antioch LP,15390,CONTRA COSTA,"PacH Fresno Holdings, LLC",36888,2025-12-26,26-27,2026-08-22
"AMCAL Flores Del Valle Fund, L.P.",15391,LOS ANGELES,"AHA MGP Los Angeles V, LLC",36997,2025-12-26,26-27,2026-08-22
"AMCAL Oceana Fund, L.P.",15392,ORANGE,"AHA MGP ORC I, LLC",37000,2025-12-26,26-27,2026-08-22
"AMCAL Villa Escondido Fund, L.P.",15393,FRESNO,"AHA MGP Delta II, LLC",36996,2026-01-09,26-27,2026-08-22
"Hills at Hacienda EREP, LP",15396,LOS ANGELES,"AHA Hacienda MGP, LLC",37072,2026-01-27,26-27,2026-08-22
"Chico PSH Pacific Associates, A California Limited Partnership",15397,BUTTE,Butte County Affordable Housing Development Corporation,1658,2026-01-16,24-25,2026-08-22
"FC 2175 Workforce, LP",15398,SAN FRANCISCO,San Francisco Housing Development Corporation,11057,2026-02-06,17-18,2026-08-22
"Martel EAH, LP",15399,LOS ANGELES,"Martel EAH, LLC",37074,2026-01-22,25-26,2026-08-22
"Sierra Madre Associates, L.P.",15401,SAN BENITO,Sierra Madre GP LLC,37075,2025-12-23,26-27,2026-08-22
Pleasant View 2024 Limited Partnership,15402,FRESNO,"AOF Cameron Villa, LLC",27994,2026-01-09,26-27,2026-08-22
Passo Stoner LP,15403,LOS ANGELES,HOM 1747 Stoner Ave LLC,37081,2025-12-24,26-27,2026-08-22
Passo Barrington LP,15404,LOS ANGELES,HOM 1734 S Barrington Ave LLC,37080,2025-12-23,26-27,2026-08-22
Passo Centinela LP,15405,LOS ANGELES,HOM 4129 S Centinela Ave LLC,37082,2025-12-24,26-27,2026-08-22
Passo Centinela 2 LP,15406,LOS ANGELES,HOM 4706 S Centinela Ave LLC,37083,2025-12-31,26-27,2026-08-22
Enclave LP,15409,CONTRA COSTA,HOM Enclave LLC,37079,2026-01-06,26-27,2026-08-22
"Los Angeles Reseda Pacific Associates, LP",15410,LOS ANGELES,Central Valley Coalition for Affordable Housing,2419,2026-01-09,26-27,2026-08-22
Oakland Affordable Housing Group III LP,15411,ALAMEDA,Community Revitalization and Development Corporation,11591,2026-01-16,26-27,2026-08-22
Oakland Affordable Housing Group III LP,15412,ALAMEDA,Community Revitalization and Development Corporation,11591,2026-01-16,26-27,2026-08-22
Century WLAVA 4 LP,15413,LOS ANGELES,Century WLAVA 4 LLC,37093,2026-01-02,26-27,2026-08-22
"Community Garden Towers, LP",15418,ORANGE,"Hearthstone CA Properties V, LLC",33117,2026-01-23,26-27,2026-08-22
"Hunt Pradera II, L.P.",15419,NAPA,"Hunt Pradera II, LLC",36952,2026-01-23,25-26,2026-08-22
"456 South Lake, L.P.",15420,LOS ANGELES,"AHA MGP Los Angeles VI, LLC",36998,2026-01-28,26-27,2026-08-22
"AMCAL Casa De Angeles Fund, LP",15421,LOS ANGELES,"AHA MGP Los Angeles V, LLC",36997,2026-01-29,26-27,2026-08-22
"AMCAL Villas Las Americas Fund, L.P.",15423,LOS ANGELES,"AHA MGP Los Angeles VIII, LLC",37106,2026-01-05,26-27,2026-08-22
"AMCAL Villa Esperanza Fund, L.P.",15424,KINGS,"AHA MGP Delta I, LLC",36995,2026-01-29,26-27,2026-08-22
"Maison's Sierra Phase 2, LP",15425,LOS ANGELES,"AHA High Desert II MGP, LLC",37113,2026-01-12,26-27,2026-08-22
"Magnolias, LP, The",15427,SANTA CLARA,"Eden Magnolias, LLC",37115,2026-01-15,26-27,2026-08-22
"Mulberry Gardens Family, L.P.",15428,RIVERSIDE,Mulberry Gardens Family LLC,37117,2026-01-21,26-27,2026-08-22
Village Green Tax Credit LP,15429,SAN BERNARDINO,Las Palmas Housing and Development Corporation,17925,2026-01-29,26-27,2026-08-22
Fairfield Heights LP,15430,SOLANO,"CARE Housing Services GP, LLC",24212,2026-01-29,26-27,2026-08-22
Almond Gardens LP,15432,SOLANO,"Kingdom AR, LLC",37120,2026-01-27,26-27,2026-08-22
North Avenue LP,15433,SACRAMENTO,"CARE Housing Services GP, LLC",24212,2026-01-29,26-27,2026-08-22
"6033 De Soto, LP",15435,LOS ANGELES,"Western Community Housing, Inc.",15708,2026-01-30,26-27,2026-08-22
"ECP Parcel A South Housing Partners, L.P.",15438,CONTRA COSTA,"El Cerrito Plaza MGP, LLC",37150,2026-02-02,26-27,2026-08-22
"ARA Woodlands, LP",15439,SACRAMENTO,"PH La Moraga Holdings, LLC",23465,2026-02-02,26-27,2026-08-22
"TC Woodlands, LP",15440,SACRAMENTO,"PH La Moraga Holdings, LLC",23465,2026-02-02,26-27,2026-08-22
"JSP Woodlands, LP",15441,SACRAMENTO,"PH La Moraga Holdings, LLC",23465,2026-02-02,26-27,2026-08-22
"CG Woodlands, LP",15442,SACRAMENTO,"PH La Moraga Holdings, LLC",23465,2026-02-02,26-27,2026-08-22
"Kind Project Investors, LP, The",15443,YOLO,"PacH Sac-Midtown Holdings, LLC",23566,2026-01-30,26-27,2026-08-22
"YVR, L.P.",15445,CONTRA COSTA,RCD GP V LLC,37059,2026-02-05,26-27,2026-08-22
PD Millennium Partners LP,15452,RIVERSIDE,"Kingdom AQ, LLC",37156,2026-02-09,26-27,2026-08-22
"Reliant - Lido Square, LP",15457,CONTRA COSTA,"Rainbow - Lido Square, LLC",37163,2026-01-30,26-27,2026-08-22
"Flag VII Montecito, L.P.",15461,SANTA CLARA,Las Palmas Housing and Development Corporation,17925,2026-02-06,26-27,2026-08-22
