project_id,agency,property_name,entity,city,county,resolution,meeting_date,item_type,minutes_status,investor_1,investor_2,nonprofit_partner,total_units,restricted_units,rent_restricted_pct,term_years,city_cut,grant_description,address,estimated_closing,status,new_build,built,acquisition_price_m,acquisition_date,link,leasing_link,closing_fee,cmfa_annual_fee,scc_filed,row_source,field_overrides
1,CMFA,Alvarado Streets Apartments,"Alvarado Affordable Associates, L.P.",Los Angeles,Los Angeles,23-204,2023-07-14,authorize,,Taylor Equities,,Kingdom Development,24,24,100% at 80% AMI,20,3600.0,Charitable Affordable Housing Grant for an Affordable,"1136 S. Alvarado Street, Los Angeles, CA",,,,,,,,,14400,4000,True,generated,closing_fee:collaborator-sheet; cmfa_annual_fee:collaborator-sheet; scc_filed:collaborator-sheet; restricted_units:collaborator-sheet; address:collaborator-sheet
2,CMFA,2025 New Jersey Apartments,"2025 NJ, LP",Los Angeles,Los Angeles,23-223,2023-08-04,authorize,,"Eleos Ventures, LLC",,Step Forward Communities,15,14,100% at 80% AMI,20,2250.0,Charitable Affordable Housing Grant for an Affordable,"2025 New Jersey St, Los Angeles, CA",,,,2023,,,,,10000,4000,True,generated,built:collaborator-sheet; closing_fee:collaborator-sheet; cmfa_annual_fee:collaborator-sheet; scc_filed:collaborator-sheet; investor_1:collaborator-sheet; restricted_units:collaborator-sheet; address:collaborator-sheet
3,CMFA,Mariposa Club Apartments,"Mariposa Club Apartments I, LP",Mountain View,Santa Clara,23-224,2023-08-04,authorize,,Prometheus Real Estate Group,,Hearthstone Housing Foundation,48,48,100% at 80% AMI,20,7500.0,Charitable Affordable Housing Grant for an Affordable,"660 Mariposa Ave., Mountain View, CA",,,,,,,,,28800,7200,True,generated,closing_fee:collaborator-sheet; cmfa_annual_fee:collaborator-sheet; scc_filed:collaborator-sheet; restricted_units:collaborator-sheet; address:collaborator-sheet
4,CMFA,Bernardine Apartments,"Castle Rock Bernardine Apartments, LP",San Bernardino,San Bernardino,23-222,2023-08-04,authorize,,Quest Capital Partners,,Affordable Rent Project,71,70,,,10650,,"363 E. Gilbert St., San Bernardino, CA",,,,,,,,,42600,10650,True,generated,closing_fee:collaborator-sheet; cmfa_annual_fee:collaborator-sheet; scc_filed:collaborator-sheet; investor_1:collaborator-sheet; nonprofit_partner:collaborator-sheet; total_units:collaborator-sheet; restricted_units:collaborator-sheet; address:collaborator-sheet; city_cut:collaborator-sheet
5,CMFA,City View aka Outlook at Mission Valley Apartments,"Mission Valley Preservation LP, a limited partnership",San Diego,San Diego,23-275,2023-08-25,authorize,,Securities Properties,,Las Palmas Housing & Development,56,23,,,8400,,"840 17th St, San Diego, CA 92101",,,,,,,,,33600,8400,True,generated,closing_fee:collaborator-sheet; cmfa_annual_fee:collaborator-sheet; scc_filed:collaborator-sheet; investor_1:collaborator-sheet; nonprofit_partner:collaborator-sheet; total_units:collaborator-sheet; restricted_units:collaborator-sheet; address:collaborator-sheet; city_cut:collaborator-sheet
6,CMFA,381 Turk Street Apartments,"381 Turk Street Associates, a California limited partnership",San Francisco,San Francisco,23-307,2023-09-15,authorize,,Mosser Capital,,"Kingdom Development, Inc.",32,13,41% at 80% AMI,55,4800,Charitable Affordable Housing Grant for an Affordable,"381 Turk St., San Francisco, CA",,dead,,,,,,,19200,4800,,generated,closing_fee:collaborator-sheet; cmfa_annual_fee:collaborator-sheet; status:collaborator-sheet; city:collaborator-sheet; restricted_units:collaborator-sheet; address:collaborator-sheet; city_cut:collaborator-sheet
7,CMFA,Townhomes at Gading Apartments,"SFF 2, LLC, a California limited liability company",Hayward,Alameda,23-370,2023-12-08,authorize,,The Sobrato Organization,,Sobrato Foundation,61,61,100% at 80% AMI,20,9150.0,Charitable Affordable Housing Grant for an Affordable,"26409 Gading Rd, Hayward, CA 94544",,,,,,,,https://www.townhomesongadingapts.com/,36600,9150,,generated,leasing_link:collaborator-sheet; closing_fee:collaborator-sheet; cmfa_annual_fee:collaborator-sheet; restricted_units:collaborator-sheet; address:collaborator-sheet
8,CMFA,1317 S. Grand Apartments,"1317 SGA QOZB, LP",Los Angeles,Los Angeles,23-371,2023-12-08,authorize,,Housing Diversity Corporation,,PEP Housing,147,147,100% at 80% AMI,20,22050.0,Charitable Affordable Housing Grant for an Affordable,"1317 S. Grand St, Los Angeles, CA 90015",,,,,,,,,88200,22050,True,generated,closing_fee:collaborator-sheet; cmfa_annual_fee:collaborator-sheet; scc_filed:collaborator-sheet; restricted_units:collaborator-sheet; address:collaborator-sheet
9,CMFA,1411 S. Flower Apartments,Housing Diversity,Los Angeles,Los Angeles,23-372,2023-12-08,authorize,,Housing Diversity Corporation,Arctaris Impact Investors,PEP Housing,227,227,100% at 80% AMI,20,34050.0,Charitable Affordable Housing Grant for an Affordable,"1411 Flower St, Los Angeles, CA 90015",,,,,,,,,136200,34050,,generated,investor_2:collaborator-sheet; closing_fee:collaborator-sheet; cmfa_annual_fee:collaborator-sheet; restricted_units:collaborator-sheet; address:collaborator-sheet
10,CMFA,7518 Hoover St. Apartments,"BIF NON OZ 7518 S Hoover St, LP, a Delaware limited partnership",Los Angeles,Los Angeles,24-041,2024-02-02,authorize,,"SoLa Impact, LLC",Black Impact Group,Housing on Merit,79,48,,,11850,,"7518 S. Hoover, Los Angeles, CA 90044",,,,,,,,,47400,11850,True,generated,investor_2:collaborator-sheet; closing_fee:collaborator-sheet; cmfa_annual_fee:collaborator-sheet; scc_filed:collaborator-sheet; investor_1:collaborator-sheet; nonprofit_partner:collaborator-sheet; total_units:collaborator-sheet; restricted_units:collaborator-sheet; address:collaborator-sheet; city_cut:collaborator-sheet
11,CMFA,820 MacArthur Apartments,2019 Ozone Affordable Housing,Oakland,Alameda,24-052,2024-02-23,authorize,,"Riaz, Inc.",,AOF Pacific,166,166,100% at 80% AMI,20,24900.0,Charitable Affordable Housing Grant for an Affordable Rental,"820 W MacArthur Blvd, Oakland, CA 94608",,,YES,,,,,,99600,24900,True,generated,new_build:collaborator-sheet; closing_fee:collaborator-sheet; cmfa_annual_fee:collaborator-sheet; scc_filed:collaborator-sheet; entity:collaborator-sheet; restricted_units:collaborator-sheet; address:collaborator-sheet
12,CMFA,The Waterloo Apartments,"801 Waterloo Partners, LP",Los Angeles,Los Angeles,24-053,2024-02-23,authorize,,The Greg Scott Company,,"Kingdom Development, Inc.",154,154,12% at 50% AMI; 98% at 80% AMI,20,23250.0,Charitable Affordable Housing Grant for an Affordable,"801-809 Waterloo Street, Los Angeles, CA",,,,,,,,,92400,23100,True,generated,closing_fee:collaborator-sheet; cmfa_annual_fee:collaborator-sheet; scc_filed:collaborator-sheet; restricted_units:collaborator-sheet; address:collaborator-sheet
13,CMFA,275 Turk Street Apartments,"RHI-Mosser 275 Turk, LP",San Francisco,San Francisco,24-076,2024-03-15,authorize,,"Mosser Capital, LLC",Stars Real Estate Investment,"Kingdom Development, Inc.",66,27,100% at 80% AMI,30,9900.0,Charitable Affordable Housing Grant for an Affordable Rental,"275 Turk St, San Francisco, CA",,dead,,,,,,,39600,9900,,generated,investor_2:collaborator-sheet; closing_fee:collaborator-sheet; cmfa_annual_fee:collaborator-sheet; status:collaborator-sheet; restricted_units:collaborator-sheet; address:collaborator-sheet
14,CMFA,Electric Lofts Apartments,"Electric Lofts, LP, a California limited partnership",Oakland,Alameda,24-074,2024-03-15,authorize,,Trestle Development LLC,,AOF / Pacific Affordable Housing Corp,89,40,100% at 80% AMI,30,13350.0,Charitable Affordable Housing Grant for an Affordable,"2415 Valdez St, Oakland, CA 94612",,,,,,,,https://www.electriclofts.com/,53400,13350,True,generated,leasing_link:collaborator-sheet; closing_fee:collaborator-sheet; cmfa_annual_fee:collaborator-sheet; scc_filed:collaborator-sheet; restricted_units:collaborator-sheet; address:collaborator-sheet
15,CMFA,Premiere Hollywood Apartments,"OODB2, LP",Los Angeles,Los Angeles,24-178,2024-04-26,authorize,,Housing Diversity Corporation,,PEP Housing,69,69,100% at 80% AMI,30,10350.0,Charitable Affordable Housing Grant for an Affordable,"6762 Hawthorn Ave, Los Angeles, CA 90028",,dead,,2023,,,,,41400,10350,,generated,built:collaborator-sheet; closing_fee:collaborator-sheet; cmfa_annual_fee:collaborator-sheet; status:collaborator-sheet; entity:collaborator-sheet; restricted_units:collaborator-sheet; address:collaborator-sheet
16,CMFA,Montessa Apartments,"Affordable Housing Alliance II, Inc. dba Integrity Housing",Vacaville,Solano,24-200,2024-05-17,authorize,,Ascenda Capital,,Integrity Housing,169,58,34% at 80% AMI,30,8700.0,Charitable Affordable Housing Grant for an Affordable Rental,"343 Moon River Pl, Vacaville, CA 95687",,,YES,,,,,,101400,25350,,generated,new_build:collaborator-sheet; closing_fee:collaborator-sheet; cmfa_annual_fee:collaborator-sheet; entity:collaborator-sheet; restricted_units:collaborator-sheet; address:collaborator-sheet
17,CMFA,4252 Crenshaw Apartments,4252 Crenshaw LP,Los Angeles,Los Angeles,24-199,2024-05-17,authorize,,Thrive Living,Magnum Real Estate Group,"Kingdom Development, Inc.",111,111,100% at 80% AMI,30,16650.0,Charitable Affordable Housing Grant for an Affordable,4252 S CRENSHAW BLVD LOS ANGELES CA 90008,,,NO,2020,,,,,66600,16650,True,generated,investor_2:collaborator-sheet; new_build:collaborator-sheet; built:collaborator-sheet; closing_fee:collaborator-sheet; cmfa_annual_fee:collaborator-sheet; scc_filed:collaborator-sheet; restricted_units:collaborator-sheet; address:collaborator-sheet
18,CMFA,Fallbrook Trail Apartments,1735 South Mission LP,San Diego,San Diego,24-219,2024-06-07,authorize,,AOF,Pacific Affordable Housing Corp,Pacific Affordable Housing Corp,103,102,100% at 80% AMI,30,15300,Charitable Affordable Housing Grant for an Affordable,"1735 S Mission Rd, Fallbrook, CA 92028",,,,2021,,,,,61800,15450,True,generated,investor_2:collaborator-sheet; built:collaborator-sheet; closing_fee:collaborator-sheet; cmfa_annual_fee:collaborator-sheet; scc_filed:collaborator-sheet; city:collaborator-sheet; investor_1:collaborator-sheet; nonprofit_partner:collaborator-sheet; restricted_units:collaborator-sheet; address:collaborator-sheet; city_cut:collaborator-sheet
19,CMFA,The Arbors Apartments,"Post Arbors Santa Ana, LP",Santa Ana,Orange,24-222,2024-06-07,authorize,,Ascenda Capital,Post Investment Group,Integrity Housing,160,160,100% at 80% AMI,30,24000.0,Charitable Affordable Housing Grant for an Affordable Rental,"1100-1200 E. Fairhaven Avenue, Santa Ana, CA",,,,1969,,,,,96000,24000,True,generated,investor_2:collaborator-sheet; built:collaborator-sheet; closing_fee:collaborator-sheet; cmfa_annual_fee:collaborator-sheet; scc_filed:collaborator-sheet; restricted_units:collaborator-sheet; address:collaborator-sheet
20,CMFA,Pinetree Terrace Apartments,Hacienda Investors LP,Los Angeles,Los Angeles,24-220,2024-06-07,authorize,,GHC Housing Partners,,Foundation for Affordable Housing,58,58,100% at 80% AMI,20,8700.0,Charitable Affordable Housing Grant for an Affordable,"7940 Reseda Boulevard, Reseda, CA",,,,,17600000,2024-06-28,,,34800,8700,True,generated,acquisition_price_m:collaborator-sheet; acquisition_date:collaborator-sheet; closing_fee:collaborator-sheet; cmfa_annual_fee:collaborator-sheet; scc_filed:collaborator-sheet; restricted_units:collaborator-sheet; address:collaborator-sheet
21,CMFA,Windmere Court Apartments,Hacienda Investors LP,Los Angeles,Los Angeles,24-221,2024-06-07,authorize,,GHC Housing Partners,,Foundation for Affordable Housing,52,52,100% at 80% AMI,30,7800.0,Charitable Affordable Housing Grant for an Affordable,"18325 Saticoy St, Reseda, CA 91335",,,,,16300000,2024-06-13,,,31200,7800,True,generated,acquisition_price_m:collaborator-sheet; acquisition_date:collaborator-sheet; closing_fee:collaborator-sheet; cmfa_annual_fee:collaborator-sheet; scc_filed:collaborator-sheet; restricted_units:collaborator-sheet; address:collaborator-sheet
22,CMFA,Seville Gardens Apartments,BG Apartments Investors LP,Huntington Park,Los Angeles,24-223,2024-06-07,authorize,,GHC Housing Partners,,Foundation for Affordable Housing,225,225,100% at 80% AMI,20,33750.0,Charitable Affordable Housing Grant for an Affordable,"2701 Randolph St., Huntington Park, CA",,,,1989,,,,,135000,33750,True,generated,built:collaborator-sheet; closing_fee:collaborator-sheet; cmfa_annual_fee:collaborator-sheet; scc_filed:collaborator-sheet; restricted_units:collaborator-sheet; address:collaborator-sheet
23,CMFA,Harbour Residences Apartments,"RMG Fee Avalon, LP, a California limited partnership",Los Angeles,Los Angeles,24-252,2024-07-19,authorize,,RMG Housing LLC,,DECRO Corporation,74,74,100% at 80% AMI,30,11100.0,Charitable Affordable Housing Grant for an Affordable,"445 N. Avalon Boulevard, Los Angeles, CA",,dead,YES,,,,,,44400,11100,,generated,new_build:collaborator-sheet; closing_fee:collaborator-sheet; cmfa_annual_fee:collaborator-sheet; status:collaborator-sheet; restricted_units:collaborator-sheet; address:collaborator-sheet
24,CMFA,4209 Western Avenue Apartments,"BIF NON OZ 4209 WESTERN AVE, LP",Los Angeles,Los Angeles,24-253,2024-07-19,authorize,,"SoLa Impact, LLC",,Housing on Merit,25,24,100% at 80% AMI,30,3600.0,Charitable Affordable Housing Grant for an Affordable,"4209 S Western Ave, Los Angeles, CA 90062",,,,,,,,,15000,4000,True,generated,closing_fee:collaborator-sheet; cmfa_annual_fee:collaborator-sheet; scc_filed:collaborator-sheet; resolution:collaborator-sheet; restricted_units:collaborator-sheet; address:collaborator-sheet
25,CMFA,1130 Martin Luther King Jr. Blvd Apartments,"BIF NON OZ 1100 MLK BLK, LP, a California limited partnership",Los Angeles,Los Angeles,24-254,2024-07-19,authorize,,"SoLa Impact, LLC",,Housing on Merit,29,28,100% at 80% AMI,30,4200.0,Charitable Affordable Housing Grant for an Affordable,"1130 W Martin Luther King Jr Blvd, Los Angeles, CA 90037",,,,,,,,,17400,4350,True,generated,closing_fee:collaborator-sheet; cmfa_annual_fee:collaborator-sheet; scc_filed:collaborator-sheet; restricted_units:collaborator-sheet; address:collaborator-sheet
26,CMFA,Harbor Terrace Apartments,"Post Harbor Terrace, LP",Los Angeles,Los Angeles,24-286,2024-08-09,authorize,,Ascenda Capital,,Integrity Housing,93,93,100% at 80% AMI,30,13950.0,Charitable Affordable Housing Grant for an Affordable,"441 W 3rd St, San Pedro, CA 90731",,,,1987,,,,,55800,13950,True,generated,built:collaborator-sheet; closing_fee:collaborator-sheet; cmfa_annual_fee:collaborator-sheet; scc_filed:collaborator-sheet; restricted_units:collaborator-sheet; address:collaborator-sheet
27,CMFA,Santa Monica Portfolio A Apartments,"GC 1422-1428 6th, LP",Santa Monica,Los Angeles,24-280,2024-08-09,authorize,,Gortikov Capital,,"Kingdom Development, Inc.",52,32,60% at 80% AMI,26,4800.0,Charitable Affordable Housing Grant for an Affordable,"1422-1428 6th St., Santa Monica, CA",,,NO,1997,17170000,2024-09-12,https://www.1422on6th.com/,,31200,7800,True,generated,new_build:collaborator-sheet; built:collaborator-sheet; acquisition_price_m:collaborator-sheet; acquisition_date:collaborator-sheet; link:collaborator-sheet; closing_fee:collaborator-sheet; cmfa_annual_fee:collaborator-sheet; scc_filed:collaborator-sheet; total_units:collaborator-sheet; restricted_units:collaborator-sheet; address:collaborator-sheet
28,CMFA,Santa Monica Portfolio B Apartments,"GC 1422-1432 7th, LP",Santa Monica,Los Angeles,24-281,2024-08-09,authorize,,Gortikov Capital,,"Kingdom Development, Inc.",72,49,60% at 80% AMI,26,7350.0,Charitable Affordable Housing Grant for an Affordable,"1422-1432 7th, Santa Monica, CA",,,,,,,,,43200,10800,True,generated,closing_fee:collaborator-sheet; cmfa_annual_fee:collaborator-sheet; scc_filed:collaborator-sheet; total_units:collaborator-sheet; restricted_units:collaborator-sheet; address:collaborator-sheet
29,CMFA,Santa Monica Portfolio C Apartments,"GC 1423-1425 6th, LP",Santa Monica,Los Angeles,24-282,2024-08-09,authorize,,Gortikov Capital,,"Kingdom Development, Inc.",48,29,60% at 80% AMI,27,4350.0,Charitable Affordable Housing Grant for an Affordable,"1423-1425 6th, Santa Monica, CA",,,,,,,,,28800,7200,True,generated,closing_fee:collaborator-sheet; cmfa_annual_fee:collaborator-sheet; scc_filed:collaborator-sheet; total_units:collaborator-sheet; restricted_units:collaborator-sheet; address:collaborator-sheet
30,CMFA,Santa Monica Portfolio D Apartments,"GC 1522 6th, LP",Santa Monica,Los Angeles,24-283,2024-08-09,authorize,,Gortikov Capital,,"Kingdom Development, Inc.",26,25,100% at 80% AMI,30,3750.0,Charitable Affordable Housing Grant for an Affordable,"1522 6th St, Santa Monica, CA",,,,2004,,,,,15600,3900,True,generated,built:collaborator-sheet; closing_fee:collaborator-sheet; cmfa_annual_fee:collaborator-sheet; scc_filed:collaborator-sheet; restricted_units:collaborator-sheet; address:collaborator-sheet
31,CMFA,Santa Monica Portfolio E Apartments,"GC 1537 7th, LP",Santa Monica,Los Angeles,24-284,2024-08-09,authorize,,Gortikov Capital,,"Kingdom Development, Inc.",26,25,100% at 80% AMI,30,3750.0,Charitable Affordable Housing Grant for an Affordable,"1537 7th, Santa Monica, CA",,,,,5390000,2024-09-12,,,15600,3900,True,generated,acquisition_price_m:collaborator-sheet; acquisition_date:collaborator-sheet; closing_fee:collaborator-sheet; cmfa_annual_fee:collaborator-sheet; scc_filed:collaborator-sheet; restricted_units:collaborator-sheet; address:collaborator-sheet
32,CMFA,Santa Monica Portfolio F Apartments,"GC 2001-2029 Olympic, LP",Santa Monica,Los Angeles,24-285,2024-08-09,authorize,,Gortikov Capital,,"Kingdom Development, Inc.",165,98,60% at 80% AMI,30,14700.0,Charitable Affordable Housing Grant for an Affordable,"2001-2029 Olympic Blvd, Santa Monica",,,,2008,,,,,99000,24750,True,generated,built:collaborator-sheet; closing_fee:collaborator-sheet; cmfa_annual_fee:collaborator-sheet; scc_filed:collaborator-sheet; total_units:collaborator-sheet; restricted_units:collaborator-sheet; address:collaborator-sheet
33,CMFA,7524 S. Hoover St. Apartments,"BIF NON OZ 7524 S HOOVER ST, LP",Los Angeles,Los Angeles,24-279,2024-08-09,authorize,,SoLa Impact,,Housing On Merit,79,48,61% at 80% AMI,30,11850.0,Charitable Affordable Housing Grant for an Affordable,"7518 S. Hoover, Los Angeles, CA",,stale,YES,,,,,,47400,11850,,generated,new_build:collaborator-sheet; closing_fee:collaborator-sheet; cmfa_annual_fee:collaborator-sheet; status:collaborator-sheet; restricted_units:collaborator-sheet; address:collaborator-sheet
34,CMFA,Appian Terrace Apartments,APPIAN LP,El Sobrante,Contra Costa,24-277,2024-08-09,authorize,,Tesseract Capital Group,,Housing on Merit,41,41,100% at 80% AMI,30,6150,Charitable Affordable Housing Grant for an Affordable,"4481 Appian Way, El Sobrante, CA 94803",,,,,,,,,24600,6150,True,generated,closing_fee:collaborator-sheet; cmfa_annual_fee:collaborator-sheet; scc_filed:collaborator-sheet; city:collaborator-sheet; county:collaborator-sheet; restricted_units:collaborator-sheet; address:collaborator-sheet; city_cut:collaborator-sheet
35,CMFA,Sierra Park Apartments,"Sierra Park LP, a California Limited Partnership",Unincorporated,Sacramento,24-278,2024-08-09,authorize,,Tesseract Capital Group,,Housing on Merit,104,104,100% at 80% AMI,30,15600,Charitable Affordable Housing Grant for an Affordable,"4930 Polk St, North Highlands, CA 95660",,,,,,,,,62400,15600,True,generated,closing_fee:collaborator-sheet; cmfa_annual_fee:collaborator-sheet; scc_filed:collaborator-sheet; city:collaborator-sheet; resolution:collaborator-sheet; restricted_units:collaborator-sheet; address:collaborator-sheet; city_cut:collaborator-sheet
36,CMFA,Stadium Village Apartments,"SV INGLEWOOD HOLDINGS, L.P., a California limited partnership",Inglewood,Los Angeles,24-361,2024-08-30,authorize,,Community HousingWorks,,Community HousingWorks,80,80,100% at 80% AMI,30,12000.0,Charitable Affordable Housing Grant for an Affordable,"9301 – 9609 Crenshaw
Blvd, Inglewood, CA",,,,,,,,,48000,12000,True,generated,closing_fee:collaborator-sheet; cmfa_annual_fee:collaborator-sheet; scc_filed:collaborator-sheet; resolution:collaborator-sheet; restricted_units:collaborator-sheet; address:collaborator-sheet
37,CMFA,2330 E. 3rd Street Apartments,2330 3rd Street Apartments L.P.,Los Angeles,Los Angeles,24-363,2024-08-30,authorize,,Terra Capital Development Group LLC,,"Pacific Housing, Inc.",53,53,100% at 80% AMI,30,7950.0,Charitable Affordable Housing Grant for an Affordable,"2330 E. 3rd Street, Los Angeles, CA",,,YES,,,,,,31800,7950,True,generated,new_build:collaborator-sheet; closing_fee:collaborator-sheet; cmfa_annual_fee:collaborator-sheet; scc_filed:collaborator-sheet; property_name:collaborator-sheet; resolution:collaborator-sheet; restricted_units:collaborator-sheet; address:collaborator-sheet
38,CMFA,Marquee Apartments,"Post Marquee North Hollywood, LP",Los Angeles,Los Angeles,24-383,2024-09-20,authorize,,Ascenda Capital,,Integrity Housing,236,236,100% at 80% AMI,30,35400.0,Charitable Affordable Housing Grant for an Affordable,"12300 Sherman Way, North Hollywood, CA 91605",,,NO,1965,,,,,141600,35400,True,generated,new_build:collaborator-sheet; built:collaborator-sheet; closing_fee:collaborator-sheet; cmfa_annual_fee:collaborator-sheet; scc_filed:collaborator-sheet; restricted_units:collaborator-sheet; address:collaborator-sheet
39,CMFA,6200 S. Broadway Apartments,"BIF NON OZ 6200 BROADWAY BLK, LP",Los Angeles,Los Angeles,24-379,2024-09-20,authorize,,"SoLa Impact, LLC",,Housing on Merit,66,51,80% at 80% AMI,30,7950.0,Charitable Affordable Housing Grant for an Affordable,"6200 S Broadway, Los Angeles, CA",,,YES,,,,,,39600,9900,True,generated,new_build:collaborator-sheet; closing_fee:collaborator-sheet; cmfa_annual_fee:collaborator-sheet; scc_filed:collaborator-sheet; resolution:collaborator-sheet; restricted_units:collaborator-sheet; address:collaborator-sheet
40,CMFA,4228 Western Ave. Apartments,"BIF NON OZ 4228 WESTERN AVE, LP",Los Angeles,Los Angeles,24-380,2024-09-20,authorize,,"SoLa Impact, LLC",,Housing on Merit,68,14,21% at 80% AMI,30,2500.0,Charitable Affordable Housing Grant for an Affordable,"4228 Western Avenue, Los Angeles, CA",,dead,YES,,,,,,40800,10200,,generated,new_build:collaborator-sheet; closing_fee:collaborator-sheet; cmfa_annual_fee:collaborator-sheet; status:collaborator-sheet; resolution:collaborator-sheet; restricted_units:collaborator-sheet; address:collaborator-sheet
41,CMFA,4327 S. Vermont Apartments,IF OZ 4300 S VERMONT AVE BLK LP a Delaware limited partnership,Los Angeles,Los Angeles,24-381,2024-09-20,authorize,,"SoLa Impact, LLC",,Housing on Merit,188,111,59% at 80% AMI,30,16650.0,Charitable Affordable Housing Grant for an Affordable,"4327 S Vermont, Los Angeles, CA",,,YES,,,,,,112800,28200,,generated,new_build:collaborator-sheet; closing_fee:collaborator-sheet; cmfa_annual_fee:collaborator-sheet; restricted_units:collaborator-sheet; address:collaborator-sheet
42,CMFA,2023 Imperial Apartments,"BIF NON OZ 2000 Imperial Hwy Blk, LP",Los Angeles,Los Angeles,24-382,2024-09-20,authorize,,"SoLa Impact, LLC",,Housing on Merit,90,71,79% at 80% AMI,30,10650.0,Charitable Affordable Housing Grant for an Affordable,"110 Imperial Highway, Los Angeles, CA",,dead,YES,,,,,,54000,13500,,generated,new_build:collaborator-sheet; closing_fee:collaborator-sheet; cmfa_annual_fee:collaborator-sheet; status:collaborator-sheet; restricted_units:collaborator-sheet; address:collaborator-sheet
43,CMFA,Meridian Apartments,"400 Meridian, LP, a California limited partnership",San Rafael,Marin,24-384,2024-09-20,authorize,,Tesseract Capital Group,,Housing on Merit,99,99,100% at 80% AMI,35,14850,Charitable Affordable Housing Grant for an Affordable,"400 Canal St, San Rafael, CA 94901",,dead,NO,,,,,,59400,14850,,generated,new_build:collaborator-sheet; closing_fee:collaborator-sheet; cmfa_annual_fee:collaborator-sheet; status:collaborator-sheet; restricted_units:collaborator-sheet; address:collaborator-sheet; city_cut:collaborator-sheet
44,CMFA,Soto Apartments,"EV 228 Soto, LP, a California limited partnership",Los Angeles,Los Angeles,24-413,2024-10-11,authorize,,"Eleos Ventures, LLC",,Step Forward Comminities,41,40,100% at 80% AMI,30,6000.0,Charitable Affordable Housing Grant for an Affordable,"228 N Soto Street, Los Angeles, CA",,,YES,,,,,,24600,6150,True,generated,new_build:collaborator-sheet; closing_fee:collaborator-sheet; cmfa_annual_fee:collaborator-sheet; scc_filed:collaborator-sheet; nonprofit_partner:collaborator-sheet; restricted_units:collaborator-sheet; address:collaborator-sheet
45,CMFA,Horizon Apartments,"BWF II ETHOS CA HORIZON LP, a Delaware limited partnership",Santa Ana,Orange,24-410,2024-10-11,authorize,,Ethos Real Estate,Bridge Investment Group,"Affordable Housing Access, Inc.",406,406,100% at 80% AMI,30,60900.0,Charitable Affordable Housing Grant for an Affordable,"2414 N Tustin Ave, Santa Ana, CA 92705",,,NO,,,,,,243600,60900,True,generated,investor_2:collaborator-sheet; new_build:collaborator-sheet; closing_fee:collaborator-sheet; cmfa_annual_fee:collaborator-sheet; scc_filed:collaborator-sheet; restricted_units:collaborator-sheet; address:collaborator-sheet
46,CMFA,4752 Main Street Apartments,"4752 Main, LP",Los Angeles,Los Angeles,24-399,2024-10-11,preliminary_only,,"Eleos Ventures, LLC",,Step Forward Communities,53,53,100% at 80% AMI,30,7950.0,Charitable Affordable Housing Grant for an Affordable,"4752 Main St, Los Angeles, CA 90037",,dead,YES,,,,,,31800,7950,,generated,new_build:collaborator-sheet; closing_fee:collaborator-sheet; cmfa_annual_fee:collaborator-sheet; status:collaborator-sheet; restricted_units:collaborator-sheet; address:collaborator-sheet
47,CMFA,6171 Mission Gorge Apartments,"6171 Mission Gorge Owner LP, a California limited partnership",San Diego,San Diego,24-412,2024-10-11,authorize,,Impact Housing,,Las Palmas Housing & Development Corporation,488,483,100% at 80% AMI,30,72450.0,Charitable Affordable Housing Grant for an Affordable,"6171 Mission Gorge Rd, San Diego, CA 92120",,,YES,,,,,,292800,73200,True,generated,new_build:collaborator-sheet; closing_fee:collaborator-sheet; cmfa_annual_fee:collaborator-sheet; scc_filed:collaborator-sheet; restricted_units:collaborator-sheet; address:collaborator-sheet
48,CMFA,Hillsdale Gardens Apartments,Hillsdale Property LP,San Mateo,San Mateo,24-411,2024-10-11,authorize,,Vistria Group,Ethos Real Estate,"Pacific Housing, Inc.",697,697,100% at 80% AMI,30,74775.0,Charitable Affordable Housing Grant for an Affordable,"3500 Edison St, San Mateo, CA 94403",,,NO,,,,,,418200,104550,True,generated,investor_2:collaborator-sheet; new_build:collaborator-sheet; closing_fee:collaborator-sheet; cmfa_annual_fee:collaborator-sheet; scc_filed:collaborator-sheet; investor_1:collaborator-sheet; restricted_units:collaborator-sheet; address:collaborator-sheet
49,CMFA,Summerwood Apartments Homes Apartments,Standard Properties,Hayward,Alameda,26-176,2026-04-17,authorize,,Standard Properties,,Housing on Merit,162,162,100% at 80% AMI,30,18450,Charitable Affordable Housing Grant for an Affordable,"21701 Foothill Blvd, Hayward, CA 94541",,,NO,,,,,,97200,24300,,generated,new_build:collaborator-sheet; closing_fee:collaborator-sheet; cmfa_annual_fee:collaborator-sheet; property_name:collaborator-sheet; entity:collaborator-sheet; investor_1:collaborator-sheet; restricted_units:collaborator-sheet; address:collaborator-sheet; city_cut:collaborator-sheet
50,CMFA,Market Street Village Apartments,699 14TH Street CSLC LP,San Diego,San Diego,24-427,2024-11-01,authorize,,Community Solutions,,Community Solutions,229,229,100% at 80% AMI,30,34350,Charitable Affordable Housing Grant for an Affordable,"699 14th Street, San Diego, CA",,,NO,,,,,,137400,34350,True,generated,new_build:collaborator-sheet; closing_fee:collaborator-sheet; cmfa_annual_fee:collaborator-sheet; scc_filed:collaborator-sheet; restricted_units:collaborator-sheet; address:collaborator-sheet; city_cut:collaborator-sheet
51,CMFA,Creekside Villas Apartments,"Post Creekside, LP",San Diego,San Diego,24-429,2024-11-01,authorize,,Post Investment Group,,Integrity Housing,145,144,100% at 80% AMI,30,21600.0,Charitable Affordable Housing Grant for an Affordable,"220 47th St, San Diego, CA 92102",,dead,NO,1984,,,,,87000,21750,,generated,new_build:collaborator-sheet; built:collaborator-sheet; closing_fee:collaborator-sheet; cmfa_annual_fee:collaborator-sheet; status:collaborator-sheet; total_units:collaborator-sheet; restricted_units:collaborator-sheet; address:collaborator-sheet
52,CMFA,The Carla Apartments,1201 Fulton Ave LP,Unincorporated,Sacramento,24-428,2024-11-01,authorize,,"Trion Properties, Inc.",,Riverside Charitable Corporation,63,62,100% at 80% AMI,30,9300,Charitable Affordable Housing Grant for an Affordable,"1201 Fulton Ave, Sacramento, CA 95825",,dead,NO,,,,,,37800,9450,,generated,new_build:collaborator-sheet; closing_fee:collaborator-sheet; cmfa_annual_fee:collaborator-sheet; status:collaborator-sheet; city:collaborator-sheet; restricted_units:collaborator-sheet; address:collaborator-sheet; city_cut:collaborator-sheet
53,CMFA,Skylark Place by Trion Living Apartments,"Trion Skylark Properties, LP",Unincorporated,Sacramento,24-430,2024-11-01,authorize,,"Trion Properties, Inc.",,Integrity Housing,198,198,100% at 80% AMI,30,29700,Charitable Affordable Housing Grant for an Affordable,"6930 Fair Oaks Blvd, Carmichael, CA 95608",,dead,NO,1973/1991,,,,,118800,29700,,generated,new_build:collaborator-sheet; built:collaborator-sheet; closing_fee:collaborator-sheet; cmfa_annual_fee:collaborator-sheet; status:collaborator-sheet; city:collaborator-sheet; restricted_units:collaborator-sheet; address:collaborator-sheet; city_cut:collaborator-sheet
54,CMFA,Seaport Village Apartments,"Avanath Seaport, LP, a Delaware limited partnership",Long Beach,Los Angeles,24-442,2024-11-22,authorize,,Avanath Capital,,"Pacific Housing, Inc.",356,144,40% at 80% AMI,30,21600.0,Charitable Affordable Housing Grant for an Affordable,"5601 North Paramount Boulevard, Long Beach, Los Angeles",,,NO,,,,,,213600,53400,True,generated,new_build:collaborator-sheet; closing_fee:collaborator-sheet; cmfa_annual_fee:collaborator-sheet; scc_filed:collaborator-sheet; resolution:collaborator-sheet; total_units:collaborator-sheet; restricted_units:collaborator-sheet; address:collaborator-sheet
55,CMFA,1457 Main Street Apartments,1457 Main Owner LP,Los Angeles,Los Angeles,24-443,2024-11-22,authorize,,Thrive Living,"Open House Group Co., Ltd","Kingdom Development, Inc.",377,151,40% at 80% AMI,30,22650.0,Charitable Affordable Housing Grant for an Affordable,"1457 N Main St, Los Angeles, CA 90012",,,YES,,,,,,226200,56550,True,generated,investor_2:collaborator-sheet; new_build:collaborator-sheet; closing_fee:collaborator-sheet; cmfa_annual_fee:collaborator-sheet; scc_filed:collaborator-sheet; restricted_units:collaborator-sheet; address:collaborator-sheet
56,CMFA,Viewpoint Apartments,"651 Addison LLC, a California limited liability company",Berkeley,Alameda,24-470,2024-12-13,authorize,,Bridge Housing,,Bridge Housing,94,71,75% at 80% AMI,30,10650.0,Charitable Affordable Housing Grant for an Affordable,"651 Addison St, Berkeley, CA 94710",,,,,,,,https://bridgehousing.com/properties/viewpoint/,56400,14100,,generated,leasing_link:collaborator-sheet; closing_fee:collaborator-sheet; cmfa_annual_fee:collaborator-sheet; investor_1:collaborator-sheet; nonprofit_partner:collaborator-sheet; restricted_units:collaborator-sheet; address:collaborator-sheet
57,CMFA,SoFi Los Gatos Creek Apartments,"BWF III Ethos CA Los Gatos Creek LP, a Delaware limited partnership",San Jose,Santa Clara,24-472,2024-12-13,authorize,,Ethos Real Estate,Bridge Investment Group,"Casa Major, Inc.",193,193,100% at 80% AMI,30,28950.0,Charitable Affordable Housing Grant for an Affordable,"2130 Southwest Expy, San Jose, CA 95126",,,NO,1969,61.1,2024-12-31,https://www.ethos-re.com/news/sofi-at-los-gatos-creek-adam-siegman-comments-on-affordable-housing,https://www.losgatoslandingapts.com/,115800,28950,True,generated,investor_2:collaborator-sheet; new_build:collaborator-sheet; built:collaborator-sheet; acquisition_price_m:collaborator-sheet; acquisition_date:collaborator-sheet; link:collaborator-sheet; leasing_link:collaborator-sheet; closing_fee:collaborator-sheet; cmfa_annual_fee:collaborator-sheet; scc_filed:collaborator-sheet; restricted_units:collaborator-sheet; address:collaborator-sheet
58,CMFA,Chaparral Apartments,"Post Chaparral, LP, a Delaware limited partnership",Palmdale,Los Angeles,24-473,2024-12-13,authorize,,Post Investment Group,,Integrity Housing,296,296,100% at 80% AMI,30,44400.0,Charitable Affordable Housing Grant for an Affordable,"38441 5th St W, Palmdale, CA 93551",,,NO,,,,,,177600,44400,True,generated,new_build:collaborator-sheet; closing_fee:collaborator-sheet; cmfa_annual_fee:collaborator-sheet; scc_filed:collaborator-sheet; restricted_units:collaborator-sheet; address:collaborator-sheet
59,CMFA,Ventana Residences Apartments,"99 Ocean Avenue LP, a Delaware limited partnership",San Francisco,San Francisco,24-471,2024-12-13,authorize,,"Presidio Bay Ventures, LLC",,"Pacific Housing, Inc.",193,100,52% at 80% AMI,30,15000.0,Charitable Affordable Housing Grant for an Affordable,"99 OCEAN AVE SAN FRANCISCO, CA 94112-2548",,,YES,2023,,,,,115800,28950,True,generated,new_build:collaborator-sheet; built:collaborator-sheet; closing_fee:collaborator-sheet; cmfa_annual_fee:collaborator-sheet; scc_filed:collaborator-sheet; city:collaborator-sheet; resolution:collaborator-sheet; restricted_units:collaborator-sheet; address:collaborator-sheet
60,CMFA,Harken Apartments,Prometheus Real Estate Group,Los Altos,Santa Clara,25-065,2025-01-31,authorize,,Prometheus Real Estate Group,,Hearthstone Housing Foundation,196,29,15% at 60% AMI,30,4350,Charitable Affordable Housing Grant for an Affordable,"5150 El Camino Real, Los Altos, CA",,,YES,,,,,,117600,29400,,generated,new_build:collaborator-sheet; closing_fee:collaborator-sheet; cmfa_annual_fee:collaborator-sheet; entity:collaborator-sheet; total_units:collaborator-sheet; restricted_units:collaborator-sheet; address:collaborator-sheet; city_cut:collaborator-sheet
61,CMFA,11422 Broadway Apartments,"BIF IMPACT OZ 1100 BROADWAY BLK, LP",Los Angeles,Los Angeles,25-081,2025-02-21,authorize,,"SoLa Impact, LLC",,Housing on Merit,166,165,,,24750,,"11422 S Broadway, Los Angeles, CA 90061",,dead,YES,,,,,,99600,24900,,generated,new_build:collaborator-sheet; closing_fee:collaborator-sheet; cmfa_annual_fee:collaborator-sheet; status:collaborator-sheet; resolution:collaborator-sheet; investor_1:collaborator-sheet; nonprofit_partner:collaborator-sheet; total_units:collaborator-sheet; restricted_units:collaborator-sheet; address:collaborator-sheet; city_cut:collaborator-sheet
62,CMFA,Mansfield Micro Apartments,"2533 Mansfield Owner, L.P., a California limited partnership.",Los Angeles,Los Angeles,25-084,2025-02-21,authorize,,"CIM Group, LLC",,"Pacific Housing, Inc.",116,115,100% at 80% AMI,30,17250.0,Charitable Affordable Housing Grant for an Affordable,"2533 S Mansfield Ave, Los Angeles, CA 90016",,,YES,,,,,,69600,17400,True,generated,new_build:collaborator-sheet; closing_fee:collaborator-sheet; cmfa_annual_fee:collaborator-sheet; scc_filed:collaborator-sheet; restricted_units:collaborator-sheet; address:collaborator-sheet
63,CMFA,The Enclave Apartments,"ENCLAVE LP, a California limited partnership",Walnut Creek,Contra Costa,25-082,2025-02-21,authorize,,Tesseract Capital Group,,Housing on Merit,32,32,100% at 80% AMI,30,4800,Charitable Affordable Housing Grant for an Affordable,"3081 N Main St, Walnut Creek, CA 94597",,,,,,,,,19200,4800,True,generated,closing_fee:collaborator-sheet; cmfa_annual_fee:collaborator-sheet; scc_filed:collaborator-sheet; resolution:collaborator-sheet; restricted_units:collaborator-sheet; address:collaborator-sheet; city_cut:collaborator-sheet
64,CMFA,333 Douglas Apartments,"333 Douglas Street, LP, a California limited partnership",Los Angeles,Los Angeles,25-080,2025-02-21,authorize,,Visionary Development Enterprises LLC,,Housing on Merit,33,32,,,4800,,"333 Douglas St, Los Angeles, CA",,dead,,,,,,,19800,4950,,generated,closing_fee:collaborator-sheet; cmfa_annual_fee:collaborator-sheet; status:collaborator-sheet; resolution:collaborator-sheet; investor_1:collaborator-sheet; nonprofit_partner:collaborator-sheet; total_units:collaborator-sheet; restricted_units:collaborator-sheet; address:collaborator-sheet; city_cut:collaborator-sheet
65,CMFA,Casa La Palma Apartments,"7777 Valley View, L.P., a California limited partnership",La Palma,Orange,25-103,2025-03-14,authorize,,Mariman & Co.,,AOF/Pacific Affordable Housing Corporation,272,270,100% at 80% AMI,30,40500.0,Charitable Affordable Housing Grant for an Affordable,"7777 Valley View Street, La Palma, CA",,,NO,1978,,,,,163200,40800,True,generated,new_build:collaborator-sheet; built:collaborator-sheet; closing_fee:collaborator-sheet; cmfa_annual_fee:collaborator-sheet; scc_filed:collaborator-sheet; restricted_units:collaborator-sheet; address:collaborator-sheet
66,CMFA,The Eaves Apartments,"920 Gramercy Upwell, LP, a Delaware limited partnership",Los Angeles,Los Angeles,25-104,2025-03-14,authorize,,Treehouse Community,,Butterfly’s Haven,13,13,100% at 80% AMI,30,2500.0,Charitable Affordable Housing Grant for an Affordable,"920 S. Gramercy Place, Los Angeles, CA",,dead,,,,,,,10000,4000,,generated,closing_fee:collaborator-sheet; cmfa_annual_fee:collaborator-sheet; status:collaborator-sheet; restricted_units:collaborator-sheet; address:collaborator-sheet
67,CMFA,Coronado Palms Apartments,"Coronado Owner, LP",Anaheim,Orange,25-102,2025-03-14,authorize,,TriWest Multifamily,,"Kingdom Development, Inc.",169,68,40% at 80% AMI,30,10200.0,Charitable Affordable Housing Grant for an Affordable,"1250 S. Euclid St., Anaheim, CA",,,,,,,,,101400,25350,True,generated,closing_fee:collaborator-sheet; cmfa_annual_fee:collaborator-sheet; scc_filed:collaborator-sheet; restricted_units:collaborator-sheet; address:collaborator-sheet
68,CMFA,Candlewood North Apartments,"Post Candlewood North, LP",Los Angeles,Los Angeles,25-117,2025-04-04,authorize,,Post Investment Group,,Integrity Housing,189,189,100% at 80% AMI,30,28350.0,Charitable Affordable Housing Grant for an Affordable,"9830 Reseda Blvd, Northridge, CA 91324",,,NO,1964,,,,,113400,28350,True,generated,new_build:collaborator-sheet; built:collaborator-sheet; closing_fee:collaborator-sheet; cmfa_annual_fee:collaborator-sheet; scc_filed:collaborator-sheet; restricted_units:collaborator-sheet; address:collaborator-sheet
69,CMFA,Lindley Parc Apartments,10535 Lindley Affordable L.P.,Los Angeles,Los Angeles,25-116,2025-04-04,authorize,,Taylor Equities,,Housing on Merit,50,50,100% at 80% AMI,30,4800.0,Charitable Affordable Housing Grant for an Affordable,"10535 Lindley Ave, Granada Hills, CA 91326",,dead,,,,,,,30000,7500,,generated,closing_fee:collaborator-sheet; cmfa_annual_fee:collaborator-sheet; status:collaborator-sheet; restricted_units:collaborator-sheet; address:collaborator-sheet
70,CMFA,Terrace View Apartments,"SFF 4, LLC",Daly City,San Mateo,25-144,2025-04-25,authorize,,The Sobrato Organization,,"Pacific Housing, Inc.",122,,20% at 60% AMI; 80% at 80% AMI,30,18300.0,Charitable Affordable Housing Grant for an Affordable,"26 Terrace View Ct, Daly City, CA 94015",,,,,,,,,73200,18300,,generated,closing_fee:collaborator-sheet; cmfa_annual_fee:collaborator-sheet; address:collaborator-sheet
71,CMFA,SoFi Redwood Park Apartments,"SFF 3, LLC",Redwood City,San Mateo,25-145,2025-04-25,authorize,,The Sobrato Organization,,"Pacific Housing, Inc.",112,112,20% at 60% AMI; 80% at 80% AMI,30,16800.0,Charitable Affordable Housing Grant for an Affordable,"1212 Whipple Ave, Redwood City, CA 94062",,,,,,2024-12-05,,https://www.theheltsley.com/,67200,16800,,generated,acquisition_date:collaborator-sheet; leasing_link:collaborator-sheet; closing_fee:collaborator-sheet; cmfa_annual_fee:collaborator-sheet; restricted_units:collaborator-sheet; address:collaborator-sheet
72,CMFA,Waterbend Apartments,Axis Fee Owner LP,San Francisco,San Francisco,25-219,2025-05-16,authorize,,TruAmerica Multifamily LLC,Angeleno Investments LP,Affordable Housing Access,136,136,15% at 55% AMI; 85% at 80% AMI,30,20400,Charitable Affordable Housing Grant for an Affordable,"5880 3rd St, San Francisco, CA 94124",,,NO,2016,,,,,81600,20400,,generated,investor_2:collaborator-sheet; new_build:collaborator-sheet; built:collaborator-sheet; closing_fee:collaborator-sheet; cmfa_annual_fee:collaborator-sheet; city:collaborator-sheet; restricted_units:collaborator-sheet; address:collaborator-sheet; city_cut:collaborator-sheet
73,CMFA,1540 W Court Apartments,"1540 W. Court Street, LP",Los Angeles,Los Angeles,25-207,2025-05-16,authorize,,Visionary Development Enterprises LLC,,Housing on Merit,189,148,78% at 80% AMI,30,22200.0,Charitable Affordable Housing Grant for an Affordable,"1540 W Court St, Los Angeles, CA 90026",,,YES,,,,,,113400,28350,True,generated,new_build:collaborator-sheet; closing_fee:collaborator-sheet; cmfa_annual_fee:collaborator-sheet; scc_filed:collaborator-sheet; restricted_units:collaborator-sheet; address:collaborator-sheet
74,CMFA,Sol Haus Apartments,"Sol Haus Owner LP, California Limited Partnership",San Diego,San Diego,25-209,2025-05-16,authorize,,CONAM Management Corporation,,Las Palmas Housing & Development Corporation,147,145,100% at 80% AMI,30,22050,Charitable Affordable Housing Grant for an Affordable,"5040 Logan Avenue, San Diego, CA 92113",,,YES,,,,,,88200,22050,True,generated,new_build:collaborator-sheet; closing_fee:collaborator-sheet; cmfa_annual_fee:collaborator-sheet; scc_filed:collaborator-sheet; restricted_units:collaborator-sheet; address:collaborator-sheet; city_cut:collaborator-sheet
75,CMFA,Palmilla Apartments,BWF III Ethos CA Palmilla LP,San Diego,San Diego,25-208,2025-05-16,authorize,,Ethos Real Estate,Bridge Investment Group,"Casa Major, Inc.",203,203,100% at 80% AMI,30,30450,Charitable Affordable Housing Grant for an Affordable,"5474 Reservoir Dr, San Diego, CA 92120",,,NO,,,,,,121800,30450,,generated,investor_2:collaborator-sheet; new_build:collaborator-sheet; closing_fee:collaborator-sheet; cmfa_annual_fee:collaborator-sheet; restricted_units:collaborator-sheet; address:collaborator-sheet; city_cut:collaborator-sheet
76,CMFA,1451 W MLK BLVD Apartments,1451 W. MLK Boulevard Apartments,Los Angeles,Los Angeles,26-040,2026-01-30,authorize,,"SoLa Impact, LLC",,Housing on Merit,50,49,100% at 80% AMI,30,7350.0,Charitable Affordable Housing Grant for an Affordable,"1451 W. MLK Blvd, Los Angeles, CA",,,YES,,,,,,30000,7500,,generated,new_build:collaborator-sheet; closing_fee:collaborator-sheet; cmfa_annual_fee:collaborator-sheet; entity:collaborator-sheet; restricted_units:collaborator-sheet; address:collaborator-sheet
77,CMFA,11630 S. Main Street Apartments,"4 SIOF 11630 S MAIN ST, LP",Los Angeles,Los Angeles,25-291,2025-06-27,authorize,,"SoLa Impact, LLC",,Housing on Merit,84,17,20% at 80% AMI,30,2550.0,Charitable Affordable Housing Grant for an Affordable,"11630 Main St, Los Angeles, CA 90061",,,YES,,,,,,50400,12600,,generated,new_build:collaborator-sheet; closing_fee:collaborator-sheet; cmfa_annual_fee:collaborator-sheet; restricted_units:collaborator-sheet; address:collaborator-sheet
78,CMFA,Bella Vista at Hilltop Apartments,"Bella Vista Owner, LP",Richmond,Contra Costa,25-281,2025-06-27,authorize,,Kennedy Wilson,Vintage Housing Holdings,Hearthstone Housing Foundation,1008,1008,at 80% AMI,30,98100.0,Charitable Affordable Housing Grant for an Affordable,"3400 Richmond Pkwy, Richmond, CA 94806",,,NO,,,,https://www.cmfa-ca.com/wp-content/uploads/2025/01/CMFA-Staff-Reports-01-10-25.pdf,,604800,151200,True,generated,investor_2:collaborator-sheet; new_build:collaborator-sheet; link:collaborator-sheet; closing_fee:collaborator-sheet; cmfa_annual_fee:collaborator-sheet; scc_filed:collaborator-sheet; investor_1:collaborator-sheet; nonprofit_partner:collaborator-sheet; total_units:collaborator-sheet; restricted_units:collaborator-sheet; address:collaborator-sheet
79,CMFA,10811 S. Compton Ave Apartments,10811 S. Compton Ave Apartments,Los Angeles,Los Angeles,25-287,2025-06-27,authorize,,"SoLa Impact, LLC",,Housing on Merit,29,28,100% at 80% AMI,30,4200.0,Charitable Affordable Housing Grant for an Affordable,"10811 S. Compton Avenue, Los Angeles, CA",,,YES,,,,,,17400,4350,,generated,new_build:collaborator-sheet; closing_fee:collaborator-sheet; cmfa_annual_fee:collaborator-sheet; entity:collaborator-sheet; restricted_units:collaborator-sheet; address:collaborator-sheet
80,CMFA,4101 Somerset Dr. Apartments,"6 SIOF 4101 Somerset Dr, LP",Los Angeles,Los Angeles,25-282,2025-06-27,authorize,,"SoLa Impact, LLC",,Housing on Merit,36,35,100% at 80% AMI,30,5250.0,Charitable Affordable Housing Grant for an Affordable,"4101 Somerset Drive, Los Angeles, CA",,,YES,,,,,,21600,5400,,generated,new_build:collaborator-sheet; closing_fee:collaborator-sheet; cmfa_annual_fee:collaborator-sheet; restricted_units:collaborator-sheet; address:collaborator-sheet
81,CMFA,321 E. Florence Apartments,"3 SIOF 321 E Florence Ave, LP",Los Angeles,Los Angeles,25-283,2025-06-27,authorize,,"SoLa Impact, LLC",,Housing on Merit,31,30,100% at 80% AMI,30,4500,Charitable Affordable Housing Grant for an Affordable,"321 E. Florence Ave, Los Angeles, CA",,,YES,,,,,,18600,4650,,generated,new_build:collaborator-sheet; closing_fee:collaborator-sheet; cmfa_annual_fee:collaborator-sheet; total_units:collaborator-sheet; restricted_units:collaborator-sheet; address:collaborator-sheet; city_cut:collaborator-sheet
82,CMFA,9300 Compton Ave. Apartments,"6 SIOF 9300 Compton Ave, LP",Los Angeles,Los Angeles,25-284,2025-06-27,authorize,,"SoLa Impact, LLC",,Housing on Merit,20,19,100% at 80% AMI,30,2850.0,Charitable Affordable Housing Grant for an Affordable,"9300 Compton Ave., Los Angeles, CA",,,YES,,,,,,12000,4000,,generated,new_build:collaborator-sheet; closing_fee:collaborator-sheet; cmfa_annual_fee:collaborator-sheet; restricted_units:collaborator-sheet; address:collaborator-sheet
83,CMFA,6401 S. Avalon Blvd. Apartments,"6 SIOF 6401 S Avalon Blvd, LP",Los Angeles,Los Angeles,25-285,2025-06-27,authorize,,"SoLa Impact, LLC",,Housing on Merit,28,27,100% at 80% AMI,30,4050.0,Charitable Affordable Housing Grant for an Affordable,"6401 S. Avalon Blvd., Los Angeles, CA",,,YES,,,,,,16800,4200,,generated,new_build:collaborator-sheet; closing_fee:collaborator-sheet; cmfa_annual_fee:collaborator-sheet; restricted_units:collaborator-sheet; address:collaborator-sheet
84,CMFA,9515 Compton Ave. Apartments,"6 SIOF 9515 Compton Ave, LP",Los Angeles,Los Angeles,25-286,2025-06-27,authorize,,"SoLa Impact, LLC",,Housing on Merit,21,20,100% at 80% AMI,30,3000.0,Charitable Affordable Housing Grant for an Affordable,"9515 Compton Avenue, Los Angeles, CA",,,YES,,,,,,12600,4000,,generated,new_build:collaborator-sheet; closing_fee:collaborator-sheet; cmfa_annual_fee:collaborator-sheet; restricted_units:collaborator-sheet; address:collaborator-sheet
85,CMFA,569 W. 6th Street. Apartments,"SIOF 5 Properties, LP, California limited partnership",Los Angeles,Los Angeles,25-288,2025-06-27,authorize,,"SoLa Impact, LLC",,Housing on Merit,48,47,100% at 80% AMI,30,7050.0,Charitable Affordable Housing Grant for an Affordable,"569 W. 6th Street, San Pedro, CA",,,YES,,,,,,28800,7200,,generated,new_build:collaborator-sheet; closing_fee:collaborator-sheet; cmfa_annual_fee:collaborator-sheet; entity:collaborator-sheet; restricted_units:collaborator-sheet; address:collaborator-sheet
86,CMFA,685 W. 4th St Apartments,"2 SIOF 685 W Fourth St, LP, Delaware limited partnership",Los Angeles,Los Angeles,25-289,2025-06-27,authorize,,"SoLa Impact, LLC",,Housing on Merit,28,27,100% at 80% AMI,30,4050.0,Charitable Affordable Housing Grant for an Affordable,"685 W. 4th St., Los Angeles, CA",,,YES,,,,,,16800,4200,,generated,new_build:collaborator-sheet; closing_fee:collaborator-sheet; cmfa_annual_fee:collaborator-sheet; entity:collaborator-sheet; restricted_units:collaborator-sheet; address:collaborator-sheet
87,CMFA,Chadwick Apartments,"Chadwick Owner, LP",Los Angeles,Los Angeles,25-290,2025-06-27,authorize,,Vintage Housing Holdings,Kennedy Wilson,"Pacific Housing, Inc.",687,687,100% at 80% AMI,30,74025.0,Charitable Affordable Housing Grant for an Affordable,"209 Westmoreland Ave, Los Angeles, CA 90004",,,NO,,,,,,412200,103050,True,generated,investor_2:collaborator-sheet; new_build:collaborator-sheet; closing_fee:collaborator-sheet; cmfa_annual_fee:collaborator-sheet; scc_filed:collaborator-sheet; investor_1:collaborator-sheet; restricted_units:collaborator-sheet; address:collaborator-sheet
88,CMFA,Chatsworth Apartments,"Chatsworth Housing, LP",Los Angeles,Los Angeles,25-308,2025-07-18,authorize,,BMI Developments,,"Kingdom Development, Inc.",69,68,100% at 80% AMI,30,10200.0,Charitable Affordable Housing Grant for an Affordable,"17188 Chatsworth St., Los Angeles, CA",,,YES,,,,,,41400,10350,,generated,new_build:collaborator-sheet; closing_fee:collaborator-sheet; cmfa_annual_fee:collaborator-sheet; restricted_units:collaborator-sheet; address:collaborator-sheet
89,CMFA,LINQ Apartments,"Ethos GP I Venture, LP",San Jose,Santa Clara,25-305,2025-07-18,authorize,,Ethos Real Estate,,"Pacific Housing, Inc.",230,230,100% at 80% AMI,30,34500.0,Charitable Affordable Housing Grant for an Affordable,"1700 Newbury Park Dr, San Jose, CA 95133",,,,,,2025-09-03,,,138000,34500,,generated,acquisition_date:collaborator-sheet; closing_fee:collaborator-sheet; cmfa_annual_fee:collaborator-sheet; restricted_units:collaborator-sheet; address:collaborator-sheet
90,CMFA,Pacific Trails Apartments,"Pacific Trails, LP",Azusa,Los Angeles,25-304,2025-07-18,authorize,,Langdon Park Capital,,Housing on Merit,84,84,100% at 80% AMI,30,12600.0,Charitable Affordable Housing Grant for an Affordable,"18615 E Arrow Hwy, Covina, CA 91722",,,NO,,,,,,50400,12600,,generated,new_build:collaborator-sheet; closing_fee:collaborator-sheet; cmfa_annual_fee:collaborator-sheet; restricted_units:collaborator-sheet; address:collaborator-sheet
91,CMFA,Huston Affordable Housing Apartments,10910 Huston LP,Los Angeles,Los Angeles,25-353,2025-08-08,authorize,,"Angeleno Investments, LP",,Las Palmas Housing & Development Corporation,38,37,100% at 80% AMI,30,5550.0,Charitable Affordable Housing Grant for an Affordable,"10910 Huston St, North Hollywood, CA 91601",,,YES,,,,,,22800,5700,,generated,new_build:collaborator-sheet; closing_fee:collaborator-sheet; cmfa_annual_fee:collaborator-sheet; restricted_units:collaborator-sheet; address:collaborator-sheet
92,CMFA,The Parker Apartments,"Flag VII The Parker, L.P.",El Monte,Los Angeles,25-350,2025-08-08,authorize,,Belveron Partners,,Las Palmas Housing & Development Corporation,177,177,100% at 80% AMI,30,26550.0,Charitable Affordable Housing Grant for an Affordable,"4640 Arden Way, El Monte, CA 91731",,,NO,,,,,,106200,26550,True,generated,new_build:collaborator-sheet; closing_fee:collaborator-sheet; cmfa_annual_fee:collaborator-sheet; scc_filed:collaborator-sheet; restricted_units:collaborator-sheet; address:collaborator-sheet
93,CMFA,Canyon Ridge at Napa Junction Apartments,"Canyon Ridge at Napa Junction, LP",American Canyon,Napa,25-351,2025-08-08,authorize,,BRIDGE Housing Corp.,,BRIDGE Housing Corp.,148,148,100% at 80% AMI,30,22200.0,Charitable Affordable Housing Grant for an Affordable,"800 Reliant Wy, American Canyon, CA 94503",,,NO,,,,,,88800,22200,,generated,new_build:collaborator-sheet; closing_fee:collaborator-sheet; cmfa_annual_fee:collaborator-sheet; resolution:collaborator-sheet; investor_1:collaborator-sheet; nonprofit_partner:collaborator-sheet; restricted_units:collaborator-sheet; address:collaborator-sheet
94,CMFA,Canyon Villa Apartment Homes,"Post Canyon Villa, LP",Chula Vista,San Diego,25-352,2025-08-08,authorize,,Post Investment Group,,Integrity Housing,183,183,100% at 80% AMI,30,27450.0,Charitable Affordable Housing Grant for an Affordable,"601 Telegraph Canyon Road, Chula Vista, CA 91910",,,NO,1981,,,,,109800,27450,True,generated,new_build:collaborator-sheet; built:collaborator-sheet; closing_fee:collaborator-sheet; cmfa_annual_fee:collaborator-sheet; scc_filed:collaborator-sheet; restricted_units:collaborator-sheet; address:collaborator-sheet
95,CMFA,Fountain Park Apartments,"Fountain Park, L.P., a California limited partnership",San Jose,Santa Clara,25-349,2025-08-08,authorize,,Sack Capital Partners,Belveron Partners,Las Palmas Housing & Development Corp.,164,164,100% at 80% AMI,30,24600.0,Charitable Affordable Housing Grant for an Affordable,"1026 S De Anza Blvd, San Jose, CA 95129",,,,,,2025-08-29,https://rebusinessonline.com/sack-properties-belveron-partners-buy-164-unit-multifamily-property-in-san-jose-california/,,98400,24600,True,generated,investor_2:collaborator-sheet; acquisition_date:collaborator-sheet; link:collaborator-sheet; closing_fee:collaborator-sheet; cmfa_annual_fee:collaborator-sheet; scc_filed:collaborator-sheet; resolution:collaborator-sheet; investor_1:collaborator-sheet; nonprofit_partner:collaborator-sheet; restricted_units:collaborator-sheet; address:collaborator-sheet
96,CMFA,Park Kiely Apartments,"Standard Vistria Park Kiely Owner, LP",San Jose,Santa Clara,25-348,2025-08-08,authorize,,Standard Property Company,Vistria,Housing on Merit,948,948,100% at 80% AMI,30,93600.0,Charitable Affordable Housing Grant for an Affordable,"355 Kiely Blvd, San Jose, CA 95129",,,,1972,410,2025-08-27,,,568800,142200,True,generated,investor_2:collaborator-sheet; built:collaborator-sheet; acquisition_price_m:collaborator-sheet; acquisition_date:collaborator-sheet; closing_fee:collaborator-sheet; cmfa_annual_fee:collaborator-sheet; scc_filed:collaborator-sheet; restricted_units:collaborator-sheet; address:collaborator-sheet
97,CMFA,Azusa Gardens Apartments,"Azusa Gardens Owner, LP",Azusa,Los Angeles,25-347,2025-08-08,authorize,,TriWest Multifamily,,"Kingdom Development, Inc.",112,112,100% at 80% AMI,30,16800.0,Charitable Affordable Housing Grant for an Affordable,"601 E 8th St, Azusa, CA 91702",,,NO,,,,,,67200,16800,,generated,new_build:collaborator-sheet; closing_fee:collaborator-sheet; cmfa_annual_fee:collaborator-sheet; restricted_units:collaborator-sheet; address:collaborator-sheet
98,CMFA,Camden Village Apartments,"Flag VII Camden Village, L.P.",Fremont,Alameda,25-423,2025-08-29,authorize,,Belveron Partners,,Las Palmas Housing & Development Corporation,192,192,100% at 80% AMI,30,28800.0,Charitable Affordable Housing Grant for an Affordable,"38000 Camden St, Fremont, CA 94536",,dead,NO,,,,,https://www.camdenvillageapts.com/,115200,28800,,generated,new_build:collaborator-sheet; leasing_link:collaborator-sheet; closing_fee:collaborator-sheet; cmfa_annual_fee:collaborator-sheet; status:collaborator-sheet; restricted_units:collaborator-sheet; address:collaborator-sheet
99,CMFA,Passo Barrington Apartments,"Passo Barrington, LP",Los Angeles,Los Angeles,25-424,2025-08-29,authorize,,Glimcher Capital Group,,Housing on Merit,53,53,100% at 80% AMI,30,7800.0,Charitable Affordable Housing Grant for an Affordable,"1734 S. Barrington Ave., Los Angeles, CA, 90025",,,YES,,,,,,31800,7950,True,generated,new_build:collaborator-sheet; closing_fee:collaborator-sheet; cmfa_annual_fee:collaborator-sheet; scc_filed:collaborator-sheet; restricted_units:collaborator-sheet; address:collaborator-sheet
100,CMFA,Passo Centinela I Apartments,"Passo Centinela, LP",Los Angeles,Los Angeles,25-425,2025-08-29,authorize,,Glimcher Capital Group,,Housing on Merit,72,71,100% at 80% AMI,30,10650.0,Charitable Affordable Housing Grant for an Affordable,"4129 Centinela Avenue, Los Angeles, CA 90066",,,YES,,,,,,43200,10800,True,generated,new_build:collaborator-sheet; closing_fee:collaborator-sheet; cmfa_annual_fee:collaborator-sheet; scc_filed:collaborator-sheet; restricted_units:collaborator-sheet; address:collaborator-sheet
101,CMFA,Passo Centinela II Apartments,"Passo Centinela 2, LP",Los Angeles,Los Angeles,25-426,2025-08-29,authorize,,Glimcher Capital Group,,Housing on Merit,73,72,100% at 80% AMI,30,10800.0,Charitable Affordable Housing Grant for an Affordable,"4706 Centinela Avenue, Los Angeles, CA 90066",,,YES,,,,,,43800,10950,True,generated,new_build:collaborator-sheet; closing_fee:collaborator-sheet; cmfa_annual_fee:collaborator-sheet; scc_filed:collaborator-sheet; restricted_units:collaborator-sheet; address:collaborator-sheet
102,CMFA,Passo Stoner Apartments,"Passo Stoner, LP",Los Angeles,Los Angeles,25-427,2025-08-29,authorize,,Glimcher Capital Group,,Housing on Merit,53,52,100% at 80% AMI,30,7800.0,Charitable Affordable Housing Grant for an Affordable,"1747 Stoner Avenue, Los Angeles, CA 90025",,,YES,,,,,,31800,7950,True,generated,new_build:collaborator-sheet; closing_fee:collaborator-sheet; cmfa_annual_fee:collaborator-sheet; scc_filed:collaborator-sheet; restricted_units:collaborator-sheet; address:collaborator-sheet
103,CMFA,4th Street Apartments,2025 E 4th Street LLLP,Los Angeles,Los Angeles,25-448,2025-09-19,authorize,,K3 Holdings,,"Kingdom Development, Inc.",25,25,100% at 80% AMI,30,3750.0,Charitable Affordable Housing Grant for an Affordable,"2025 E. 4th Street, Los Angeles, CA",,,NO,,,,,,15000,4000,,generated,new_build:collaborator-sheet; closing_fee:collaborator-sheet; cmfa_annual_fee:collaborator-sheet; restricted_units:collaborator-sheet; address:collaborator-sheet
104,CMFA,Alexandria I Apartments,247 S Alexandria LLLP,Los Angeles,Los Angeles,25-449,2025-09-19,authorize,,K3 Holdings,,"Kingdom Development, Inc.",27,27,100% at 80% AMI,30,4050.0,Charitable Affordable Housing Grant for an Affordable,"247 S. Alexandria Avenue, Los Angeles, CA",,,NO,,,,,,16200,4050,,generated,new_build:collaborator-sheet; closing_fee:collaborator-sheet; cmfa_annual_fee:collaborator-sheet; restricted_units:collaborator-sheet; address:collaborator-sheet
105,CMFA,Ashby Apartments,808 S Hobart LLLP,Los Angeles,Los Angeles,25-450,2025-09-19,authorize,,K3 Holdings,,"Kingdom Development, Inc.",49,49,100% at 80% AMI,30,7350.0,Charitable Affordable Housing Grant for an Affordable,"808 S. Hobart Boulevard, Los Angeles, CA",,,NO,,,,,,29400,7350,,generated,new_build:collaborator-sheet; closing_fee:collaborator-sheet; cmfa_annual_fee:collaborator-sheet; restricted_units:collaborator-sheet; address:collaborator-sheet
106,CMFA,Catalina Apartments,454 Catalina LLLP,Los Angeles,Los Angeles,25-451,2025-09-19,authorize,,K3 Holdings,,"Kingdom Development, Inc.",48,48,100% at 80% AMI,30,7200.0,Charitable Affordable Housing Grant for an Affordable,"454 S. Catalina Street, Los Angeles, CA",,,NO,,,,,,28800,7200,,generated,new_build:collaborator-sheet; closing_fee:collaborator-sheet; cmfa_annual_fee:collaborator-sheet; restricted_units:collaborator-sheet; address:collaborator-sheet
107,CMFA,Edgemont Apartments,103 S Edgemont LLLP,Los Angeles,Los Angeles,25-452,2025-09-19,authorize,,K3 Holdings,,"Kingdom Development, Inc.",43,43,100% at 80% AMI,30,6450.0,Charitable Affordable Housing Grant for an Affordable,"103 S. Edgemont Street, Los Angeles, CA 90004",,,NO,,,,,,25800,6450,,generated,new_build:collaborator-sheet; closing_fee:collaborator-sheet; cmfa_annual_fee:collaborator-sheet; restricted_units:collaborator-sheet; address:collaborator-sheet
108,CMFA,Gramercy Apartments,Carson Gramercy LLLP // 974 S Gramercy LLLP,Los Angeles,Los Angeles,25-453,2025-09-19,authorize,,K3 Holdings,,"Kingdom Development, Inc.",38,38,100% at 80% AMI,30,5700.0,Charitable Affordable Housing Grant for an Affordable,"974 S. Gramercy Place, Los Angeles, CA",,,NO,,,,,,22800,5700,,generated,new_build:collaborator-sheet; closing_fee:collaborator-sheet; cmfa_annual_fee:collaborator-sheet; restricted_units:collaborator-sheet; address:collaborator-sheet
109,CMFA,Irolo Apartments,Irolo 16 LLLP,Los Angeles,Los Angeles,25-454,2025-09-19,authorize,,K3 Holdings,,"Kingdom Development, Inc.",32,32,100% at 80% AMI,30,4800.0,Charitable Affordable Housing Grant for an Affordable,"832 Irolo Street, Los Angeles, CA",,,NO,,,,,,19200,4800,,generated,new_build:collaborator-sheet; closing_fee:collaborator-sheet; cmfa_annual_fee:collaborator-sheet; restricted_units:collaborator-sheet; address:collaborator-sheet
110,CMFA,Kenmore I Apartments,Kenmore 20 LLLP,Los Angeles,Los Angeles,25-455,2025-09-19,authorize,,K3 Holdings,,"Kingdom Development, Inc.",42,42,100% at 80% AMI,30,3600.0,Charitable Affordable Housing Grant for an Affordable,"941 S. Kenmore Avenue, Los Angeles, CA",,,NO,,,,,,25200,6300,,generated,new_build:collaborator-sheet; closing_fee:collaborator-sheet; cmfa_annual_fee:collaborator-sheet; total_units:collaborator-sheet; restricted_units:collaborator-sheet; address:collaborator-sheet
111,CMFA,Manhattan III Apartments,426 Manhattan LLLP,Los Angeles,Los Angeles,25-456,2025-09-19,authorize,,K3 Holdings,,"Kingdom Development, Inc.",40,40,,,6000,,"426 S. Manhattan Place, Los Angeles, CA",,,NO,,,,,,24000,6000,,generated,new_build:collaborator-sheet; closing_fee:collaborator-sheet; cmfa_annual_fee:collaborator-sheet; investor_1:collaborator-sheet; nonprofit_partner:collaborator-sheet; total_units:collaborator-sheet; restricted_units:collaborator-sheet; address:collaborator-sheet; city_cut:collaborator-sheet
112,CMFA,Mariposa II Apartments,260 S Mariposa LLLP,Los Angeles,Los Angeles,25-457,2025-09-19,authorize,,K3 Holdings,,"Kingdom Development, Inc.",40,40,100% at 80% AMI,30,6000.0,Charitable Affordable Housing Grant for an Affordable,"260 S. Mariposa Avenue, Los Angeles, CA",,,NO,,,,,,24000,6000,,generated,new_build:collaborator-sheet; closing_fee:collaborator-sheet; cmfa_annual_fee:collaborator-sheet; restricted_units:collaborator-sheet; address:collaborator-sheet
113,CMFA,Normandie Apartments,739 Normandie LLLP,Los Angeles,Los Angeles,25-458,2025-09-19,authorize,,K3 Holdings,,"Kingdom Development, Inc.",32,32,100% at 80% AMI,30,4800.0,Charitable Affordable Housing Grant for an Affordable,"739 S. Normandie Avenue, Los Angeles, CA",,,NO,,,,,,19200,4800,,generated,new_build:collaborator-sheet; closing_fee:collaborator-sheet; cmfa_annual_fee:collaborator-sheet; restricted_units:collaborator-sheet; address:collaborator-sheet
114,CMFA,Norton Apartments,1111 Norton LLLP,Los Angeles,Los Angeles,25-459,2025-09-19,authorize,,K3 Holdings,,"Kingdom Development, Inc.",20,20,100% at 80% AMI,30,3000.0,Charitable Affordable Housing Grant for an Affordable,"1111 S. Norton Avenue, Los Angeles, CA 90019",,,NO,,,,,,12000,4000,,generated,new_build:collaborator-sheet; closing_fee:collaborator-sheet; cmfa_annual_fee:collaborator-sheet; restricted_units:collaborator-sheet; address:collaborator-sheet
115,CMFA,Oxford I Apartments,Oxford 19 LLLP,Los Angeles,Los Angeles,25-460,2025-09-19,authorize,,K3 Holdings,,"Kingdom Development, Inc.",60,60,100% at 80% AMI,30,9000.0,Charitable Affordable Housing Grant for an Affordable,"975-985 S. Oxford Avenue, Los Angeles, CA",,,NO,,,,,,36000,9000,,generated,new_build:collaborator-sheet; closing_fee:collaborator-sheet; cmfa_annual_fee:collaborator-sheet; restricted_units:collaborator-sheet; address:collaborator-sheet
116,CMFA,Oxford III Apartments,960 S Oxford LLLP,Los Angeles,Los Angeles,25-461,2025-09-19,authorize,,K3 Holdings,,"Kingdom Development, Inc.",73,73,100% at 80% AMI,30,10950.0,Charitable Affordable Housing Grant for an Affordable,"960 S. Oxford Avenue, Los Angeles, CA",,,NO,,,,,,43800,10950,,generated,new_build:collaborator-sheet; closing_fee:collaborator-sheet; cmfa_annual_fee:collaborator-sheet; restricted_units:collaborator-sheet; address:collaborator-sheet
117,CMFA,Seven Lions Apartments,3715 W 1st Street LLLP,Los Angeles,Los Angeles,25-462,2025-09-19,authorize,,K3 Holdings,,"Kingdom Development, Inc.",55,55,100% at 80% AMI,30,8250.0,Charitable Affordable Housing Grant for an Affordable,"3715 W. 1st Street, Los Angeles, CA",,,NO,,,,,,33000,8250,,generated,new_build:collaborator-sheet; closing_fee:collaborator-sheet; cmfa_annual_fee:collaborator-sheet; restricted_units:collaborator-sheet; address:collaborator-sheet
118,CMFA,St. Andrews I Apartments,515 S St. Andrews LLLP,Los Angeles,Los Angeles,25-463,2025-09-19,authorize,,K3 Holdings,,"Kingdom Development, Inc.",40,40,100% at 80% AMI,30,6000.0,Charitable Affordable Housing Grant for an Affordable,"515 S. St. Andrews Place, Los Angeles, CA 90020",,,NO,,,,,,24000,6000,,generated,new_build:collaborator-sheet; closing_fee:collaborator-sheet; cmfa_annual_fee:collaborator-sheet; restricted_units:collaborator-sheet; address:collaborator-sheet
119,CMFA,St. Andrews II Apartments,516 St. Andrews LLLP,Los Angeles,Los Angeles,25-464,2025-09-19,authorize,,K3 Holdings,,"Kingdom Development, Inc.",59,59,,,8850,,"516 S. St. Andrews Place, Los Angeles, CA 90020",,,NO,,,,,,35400,8850,,generated,new_build:collaborator-sheet; closing_fee:collaborator-sheet; cmfa_annual_fee:collaborator-sheet; investor_1:collaborator-sheet; nonprofit_partner:collaborator-sheet; total_units:collaborator-sheet; restricted_units:collaborator-sheet; address:collaborator-sheet; city_cut:collaborator-sheet
120,CMFA,The Falls at Arden Apartments,"GB Falls, LP",Unincorporated,Sacramento,25-484,2025-10-10,authorize,,Jackson Square Properties,,Housing on Merit,272,272,100% at 80% AMI,30,40800,Charitable Affordable Housing Grant for an Affordable,"2345 Northrop Ave, Sacramento, CA 95825",,,NO,,,,,,163200,40800,True,generated,new_build:collaborator-sheet; closing_fee:collaborator-sheet; cmfa_annual_fee:collaborator-sheet; scc_filed:collaborator-sheet; city:collaborator-sheet; restricted_units:collaborator-sheet; address:collaborator-sheet; city_cut:collaborator-sheet
121,CMFA,Alexandria II Apartments,130 Alexandria LLLP,Los Angeles,Los Angeles,25-487,2025-10-10,authorize,,K3 Holdings,,"Kingdom Development, Inc.",30,30,,,4500,,"130 S. Alexandria Avenue, Los Angeles, CA",,,NO,,,,,,18000,4500,,generated,new_build:collaborator-sheet; closing_fee:collaborator-sheet; cmfa_annual_fee:collaborator-sheet; investor_1:collaborator-sheet; nonprofit_partner:collaborator-sheet; total_units:collaborator-sheet; restricted_units:collaborator-sheet; address:collaborator-sheet; city_cut:collaborator-sheet
122,CMFA,Fedora Apartments,861 Fedora LLLP,Los Angeles,Los Angeles,25-488,2025-10-10,authorize,,K3 Holdings,,"Kingdom Development, Inc.",39,39,100% at 80% AMI,30,5850.0,Charitable Affordable Housing Grant for an Affordable,"861 Fedora Street, Los Angeles, CA",,,NO,,,,,,23400,5850,,generated,new_build:collaborator-sheet; closing_fee:collaborator-sheet; cmfa_annual_fee:collaborator-sheet; restricted_units:collaborator-sheet; address:collaborator-sheet
123,CMFA,Kenmore II Apartments,Kenmore II 20 LLLP,Los Angeles,Los Angeles,25-489,2025-10-10,authorize,,K3 Holdings,,"Kingdom Development, Inc.",48,48,100% at 80% AMI,30,7200.0,Charitable Affordable Housing Grant for an Affordable,"200 S. Kenmore Avenue, Los Angeles, CA",,,NO,,,,,,28800,7200,,generated,new_build:collaborator-sheet; closing_fee:collaborator-sheet; cmfa_annual_fee:collaborator-sheet; restricted_units:collaborator-sheet; address:collaborator-sheet
124,CMFA,Kenmore III Apartments,915 S Kenmore LLLP,Los Angeles,Los Angeles,25-490,2025-10-10,authorize,,K3 Holdings,,"Kingdom Development, Inc.",18,18,100% at 80% AMI,30,2700.0,Charitable Affordable Housing Grant for an Affordable,"915 S. Kenmore Avenue, Los Angeles, CA",,,NO,,,,,,10800,4000,,generated,new_build:collaborator-sheet; closing_fee:collaborator-sheet; cmfa_annual_fee:collaborator-sheet; restricted_units:collaborator-sheet; address:collaborator-sheet
125,CMFA,Kingsley Apartments,530 Kingsley LLLP,Los Angeles,Los Angeles,25-491,2025-10-10,authorize,,K3 Holdings,,"Kingdom Development, Inc.",45,45,100% at 80% AMI,30,6750.0,Charitable Affordable Housing Grant for an Affordable,"530 Kingsley Drive, Los Angeles, CA",,,NO,,,,,,27000,6750,,generated,new_build:collaborator-sheet; closing_fee:collaborator-sheet; cmfa_annual_fee:collaborator-sheet; property_name:collaborator-sheet; restricted_units:collaborator-sheet; address:collaborator-sheet
126,CMFA,Mariposa I Apartments,Mariposa 20 LLLP,Los Angeles,Los Angeles,25-492,2025-10-10,authorize,,K3 Holdings,,"Kingdom Development, Inc.",40,40,100% at 80% AMI,30,6000.0,Charitable Affordable Housing Grant for an Affordable,"727 S. Mariposa Avenue, Los Angeles, CA",,,NO,,,,,,24000,6000,,generated,new_build:collaborator-sheet; closing_fee:collaborator-sheet; cmfa_annual_fee:collaborator-sheet; restricted_units:collaborator-sheet; address:collaborator-sheet
127,CMFA,Mariposa III Apartments,750 Mariposa LLLP,Los Angeles,Los Angeles,25-493,2025-10-10,authorize,,K3 Holdings,,"Kingdom Development, Inc.",23,23,100% at 80% AMI,30,3450.0,Charitable Affordable Housing Grant for an Affordable,"750-752 S. Mariposa Avenue, Los Angeles, CA",,,NO,,,,,,13800,4000,,generated,new_build:collaborator-sheet; closing_fee:collaborator-sheet; cmfa_annual_fee:collaborator-sheet; restricted_units:collaborator-sheet; address:collaborator-sheet
128,CMFA,Mariposa IV Apartments,520 Mariposa LLLP,Los Angeles,Los Angeles,25-494,2025-10-10,authorize,,K3 Holdings,,"Kingdom Development, Inc.",48,48,100% at 80% AMI,30,7200.0,Charitable Affordable Housing Grant for an Affordable,"520 S. Mariposa Avenue, Los Angeles, CA",,,NO,,,,,,28800,7200,,generated,new_build:collaborator-sheet; closing_fee:collaborator-sheet; cmfa_annual_fee:collaborator-sheet; restricted_units:collaborator-sheet; address:collaborator-sheet
129,CMFA,Oxford II Apartments,Oxford 20 LLLP,Los Angeles,Los Angeles,25-495,2025-10-10,authorize,,K3 Holdings,,"Kingdom Development, Inc.",32,32,100% at 80% AMI,30,4800.0,Charitable Affordable Housing Grant for an Affordable,"207 N. Oxford Avenue, Los Angeles, CA",,,NO,,,,,,19200,4800,,generated,new_build:collaborator-sheet; closing_fee:collaborator-sheet; cmfa_annual_fee:collaborator-sheet; restricted_units:collaborator-sheet; address:collaborator-sheet
130,CMFA,Western Apartments,Western 19 LLLP,Los Angeles,Los Angeles,25-496,2025-10-10,authorize,,K3 Holdings,,"Kingdom Development, Inc.",76,76,100% at 80% AMI,30,11400.0,Charitable Affordable Housing Grant for an Affordable,"1057 S. Western Avenue, Los Angeles, CA",,,NO,,,,,,45600,11400,,generated,new_build:collaborator-sheet; closing_fee:collaborator-sheet; cmfa_annual_fee:collaborator-sheet; restricted_units:collaborator-sheet; address:collaborator-sheet
131,CMFA,Citrine Apartments,"Citrine Preservation, LP",Healdsburg,Sonoma,25-485,2025-10-10,authorize,,The Transcend Group,,Retail Store Employees Building Corporation,37,37,100% at 80% AMI,30,5550.0,Charitable Affordable Housing Grant for an Affordable,"1260 Grove St, Healdsburg, CA 95448",,,NO,,,,,,22200,5550,,generated,new_build:collaborator-sheet; closing_fee:collaborator-sheet; cmfa_annual_fee:collaborator-sheet; restricted_units:collaborator-sheet; address:collaborator-sheet
132,CMFA,7524 S. Hoover St Apartments,"PS 7518 Hoover St, LP",Los Angeles,Los Angeles,25-513,2025-10-24,authorize,,California State Teachers’ Retirement System,,Housing On Merit,79,78,100% at 80% AMI,20,11850.0,Charitable Affordable Housing Grant for an Affordable,"7524 S. Hoover St, Los Angeles, CA",,,,,,,,,47400,11850,,generated,closing_fee:collaborator-sheet; cmfa_annual_fee:collaborator-sheet; restricted_units:collaborator-sheet; address:collaborator-sheet
134,CMFA,10705 Avalon Blvd Apartments,"PS 10705 Avalon Blvd, LP",Los Angeles,Los Angeles,25-512,2025-10-24,authorize,,California State Teachers’ Retirement System,,Housing On Merit,68,68,100% at 80% AMI,20,10200.0,Charitable Affordable Housing Grant for an Affordable,"10705 Avalon Blvd, Los Angeles, CA",,,YES,,,,,,40800,10200,,generated,new_build:collaborator-sheet; closing_fee:collaborator-sheet; cmfa_annual_fee:collaborator-sheet; total_units:collaborator-sheet; restricted_units:collaborator-sheet; address:collaborator-sheet
135,CMFA,236 Berendo Apartments,236 Berendo Holdings OZ LP,Los Angeles,Los Angeles,25-510,2025-10-24,authorize,,Terra Capital Development Group LLC,,"Pacific Housing, Inc.",52,52,100% at 80% AMI,30,7800.0,Approve a Charitable Affordable Housing Program,"236 N. Berendo Street., Los Angeles, CA",,,YES,,,,,,31200,7800,,generated,new_build:collaborator-sheet; closing_fee:collaborator-sheet; cmfa_annual_fee:collaborator-sheet; restricted_units:collaborator-sheet; address:collaborator-sheet
136,CSCDA,Ascent Apartments,"Ethos GP I Venture, LP",San Jose,Santa Clara,,2025-11-20,authorize,approved,Ethos Real Estate,,,650,260,40% at 80% AMI,30,,"Grant of $5,000","5805 Charlotte Drive, San Jose, CA 95123","December, 2025",,,,,,,,285000,71250,,generated,closing_fee:collaborator-sheet; cmfa_annual_fee:collaborator-sheet; investor_1:collaborator-sheet; restricted_units:collaborator-sheet; address:collaborator-sheet
137,CMFA,Kittridge Affordable Housing Apartments,"18337 Kittridge, LP",Los Angeles,Los Angeles,25-552,2025-11-21,authorize,,"Angeleno Investments, LP",,Las Palmas Housing & Development Corporation,41,41,100% at 80% AMI,30,6150.0,Charitable Affordable Housing Grant for an Affordable,"18337 Kittridge St, Reseda, CA 91335",,,YES,,,,,,24600,6150,,generated,new_build:collaborator-sheet; closing_fee:collaborator-sheet; cmfa_annual_fee:collaborator-sheet; total_units:collaborator-sheet; restricted_units:collaborator-sheet; address:collaborator-sheet
138,CMFA,Montecito Apartments,"Flag VII Montecito, L.P.",San Jose,Santa Clara,25-557,2025-11-21,authorize,,Belveron Partners,,Las Palmas Housing & Development Corporation,114,114,100% at 80% AMI,30,17100.0,Charitable Affordable Housing Grant for an Affordable,"3765 Tamarack Ln, Santa Clara, CA 95051",,,NO,,,,,,68400,17100,True,generated,new_build:collaborator-sheet; closing_fee:collaborator-sheet; cmfa_annual_fee:collaborator-sheet; scc_filed:collaborator-sheet; city:collaborator-sheet; restricted_units:collaborator-sheet; address:collaborator-sheet
139,CMFA,Thornbridge Apartments,"Thornbridge Holdings, L.P.",San Jose,Santa Clara,25-556,2025-11-21,authorize,,Community HousingWorks,,Community HousingWorks,286,286,100% at 80% AMI,30,42900.0,Charitable Affordable Housing Grant for an Affordable,"5210 Monterey Rd, San Jose, CA 95111",,dead,NO,,,,,,171600,42900,,generated,new_build:collaborator-sheet; closing_fee:collaborator-sheet; cmfa_annual_fee:collaborator-sheet; status:collaborator-sheet; nonprofit_partner:collaborator-sheet; restricted_units:collaborator-sheet; address:collaborator-sheet
140,CMFA,The Crossings Apartments,"Ethos GP I Venture, LP",Sunnyvale,Santa Clara,25-555,2025-11-21,authorize,,"Ethos GP I Venture, LP",,"Pacific Housing, Inc",148,148,100% at 80% AMI,30,22200.0,Charitable Affordable Housing Grant for an Affordable,"1180 Lochinvar Ave, Sunnyvale, CA 94087",,stale,NO,,,,,,88800,22200,,generated,new_build:collaborator-sheet; closing_fee:collaborator-sheet; cmfa_annual_fee:collaborator-sheet; status:collaborator-sheet; restricted_units:collaborator-sheet; address:collaborator-sheet
141,CMFA,Renaissance Apartment Homes,"Post Renaissance Apartments, LP",Fresno,Fresno,25-551,2025-11-21,authorize,,Post Investment Group,,Foundation for Affordable Housing,278,278,100% at 80% AMI,30,41700.0,Charitable Affordable Housing Grant for an Affordable,"5669 N Fresno St, Fresno, CA 93710",,,NO,1984,,,,,166800,41700,,generated,new_build:collaborator-sheet; built:collaborator-sheet; closing_fee:collaborator-sheet; cmfa_annual_fee:collaborator-sheet; restricted_units:collaborator-sheet; address:collaborator-sheet
142,CMFA,9033 Ramsgate Apartments,9033 Ramsgate LP,Los Angeles,Los Angeles,25-553,2025-11-21,authorize,,Six Peak Capital,,Housing on Merit,116,116,100% at 80% AMI,30,17400.0,Charitable Affordable Housing Grant for an Affordable,"9033 Ramsgate Avenue, Westchester, CA",,,,,,,,,69600,17400,,generated,closing_fee:collaborator-sheet; cmfa_annual_fee:collaborator-sheet; restricted_units:collaborator-sheet; address:collaborator-sheet
143,CMFA,Coliseum Transit Village,"Coliseum Transit Village One, LP",Oakland,Alameda,25-554,2025-11-21,authorize,,UrbanCore Development,,"Pacific Housing, Inc.",110,55,20% at 50% AMI; 30% at 60% AMI,30,8250.0,Charitable Affordable Housing Grant for an Affordable,"805 71st Avenue, Oakland, CA",,,NO,,,,,,66000,16500,True,generated,new_build:collaborator-sheet; closing_fee:collaborator-sheet; cmfa_annual_fee:collaborator-sheet; scc_filed:collaborator-sheet; property_name:collaborator-sheet; restricted_units:collaborator-sheet; address:collaborator-sheet
144,CMFA,La Vista Apartment Homes,"SM La Vista Owner, LP",Santa Maria,Santa Barbara,26-108,2026-02-20,authorize,,Farallon Capital Management L.L.C.,,Las Palmas Housing & Development Corporation,460,460,100% at 80% AMI,30,57000.0,Charitable Affordable Housing Grant for an Affordable,"740 S. Western Avenue, Santa Maria, CA 93458",,,NO,,,,,,276000,69000,,generated,new_build:collaborator-sheet; closing_fee:collaborator-sheet; cmfa_annual_fee:collaborator-sheet; property_name:collaborator-sheet; restricted_units:collaborator-sheet; address:collaborator-sheet
145,CMFA,Golden Gardens Apartments,"Golden Gardens Housing Partners, L.P.",Fresno,Fresno,,2025-12-12,preliminary_only,,"Islas Development, LLC",,"Pacific Housing, Inc.",110,110,100% at 80% AMI,30,16500.0,Approve a Charitable Affordable Housing Program,"2130 N Marks Ave, Fresno, CA 93722",,dead,NO,,,,,,66000,16500,,generated,new_build:collaborator-sheet; closing_fee:collaborator-sheet; cmfa_annual_fee:collaborator-sheet; status:collaborator-sheet; restricted_units:collaborator-sheet; address:collaborator-sheet
146,CMFA,San Pedro Apartments,"7655 San Pedro, LP",Los Angeles,Los Angeles,25-562,2025-12-12,authorize,,"Eleos Ventures, LLC",,Step Forward Communities,40,40,100% at 80% AMI,30,6000.0,Charitable Affordable Housing Grant for an Affordable,"7655 S San Pedro St, Los Angeles, CA 90003",,,YES,,,,,,24000,6000,,generated,new_build:collaborator-sheet; closing_fee:collaborator-sheet; cmfa_annual_fee:collaborator-sheet; restricted_units:collaborator-sheet; address:collaborator-sheet
147,CMFA,Coliseum Connections,"Coliseum Transit Village One, LP",Oakland,Alameda,25-563,2025-12-12,authorize,,UrbanCore Development,,"Pacific Housing, Inc.",110,55,20% at 50% AMI; 30% at 60% AMI,30,8250.0,Charitable Affordable Housing Grant for an Affordable,"805 71st Avenue, Oakland, CA",,stale,NO,,,,,,66000,16500,True,generated,new_build:collaborator-sheet; closing_fee:collaborator-sheet; cmfa_annual_fee:collaborator-sheet; scc_filed:collaborator-sheet; status:collaborator-sheet; property_name:collaborator-sheet; restricted_units:collaborator-sheet; address:collaborator-sheet
148,CMFA,Park Wilshire Apartments,Concord Park Wilshire LP,Los Angeles,Los Angeles,25-564,2025-12-12,authorize,,Concord Companies,,"Pacific Housing, Inc.",170,170,100% at 80% AMI,30,25500.0,Charitable Affordable Housing Grant for an Affordable,"2424 Wilshire Blvd, Los Angeles, CA 90057",,dead,NO,1929,,,,,102000,25500,,generated,new_build:collaborator-sheet; built:collaborator-sheet; closing_fee:collaborator-sheet; cmfa_annual_fee:collaborator-sheet; status:collaborator-sheet; restricted_units:collaborator-sheet; address:collaborator-sheet
149,CMFA,Sir Francis Drake Villa Apartments,Concord Sir Francis Drake LP,Los Angeles,Los Angeles,25-565,2025-12-12,authorize,,Concord Companies,,"Pacific Housing, Inc.",61,61,100% at 80% AMI,30,9150.0,Charitable Affordable Housing Grant for an Affordable,"841 S Serrano Ave, Los Angeles, CA 90005",,dead,NO,,,,,,36600,9150,,generated,new_build:collaborator-sheet; closing_fee:collaborator-sheet; cmfa_annual_fee:collaborator-sheet; status:collaborator-sheet; restricted_units:collaborator-sheet; address:collaborator-sheet
150,CMFA,Langham Apartments,Concord Langham LP,Los Angeles,Los Angeles,25-566,2025-12-12,authorize,,Concord Companies,,"Pacific Housing, Inc.",181,181,100% at 80% AMI,30,27150.0,Charitable Affordable Housing Grant for an Affordable,"715 Normandie Ave, Los Angeles, CA 90005",,dead,NO,,,,,,108600,27150,,generated,new_build:collaborator-sheet; closing_fee:collaborator-sheet; cmfa_annual_fee:collaborator-sheet; status:collaborator-sheet; property_name:collaborator-sheet; restricted_units:collaborator-sheet; address:collaborator-sheet
151,CMFA,Piccadilly Apartments,Concord Piccadilly LP,Los Angeles,Los Angeles,25-567,2025-12-12,authorize,,Concord Companies,,"Pacific Housing, Inc.",74,74,100% at 80% AMI,30,11100.0,Charitable Affordable Housing Grant for an Affordable,"682 Irolo Street, Los Angeles, CA",,dead,NO,,,,,,44400,11100,,generated,new_build:collaborator-sheet; closing_fee:collaborator-sheet; cmfa_annual_fee:collaborator-sheet; status:collaborator-sheet; property_name:collaborator-sheet; restricted_units:collaborator-sheet; address:collaborator-sheet
152,CMFA,The Hive at Ackerfield Apartments,"Ackerfield 2 LP, a Delaware limited partnership",Long Beach,Los Angeles,25-568,2025-12-12,authorize,,Golden Bee Properties,,"Kingdom Development, Inc.",152,152,100% at 80% AMI,30,22800.0,Charitable Affordable Housing Grant for an Affordable,"5565 Ackerfield Avenue / 5700 Ackerfield Avenue, Long Beach, CA",,,NO,,,,,,91200,22800,,generated,new_build:collaborator-sheet; closing_fee:collaborator-sheet; cmfa_annual_fee:collaborator-sheet; total_units:collaborator-sheet; restricted_units:collaborator-sheet; address:collaborator-sheet
153,CMFA,Hawaiian Terrace Senior Apartments,"RK Equity Group Limited Partnership, 12142 Oxnard Limited Partnership, HG Napa Equity Limited Partnership, HG FSA Capital Limited Partnership",Hawaiian Gardens,Los Angeles,25-569,2025-12-12,authorize,,"MKCR Capital, LLC",,Foundation for Affordable Housing,101,101,100% at 80% AMI,30,15150.0,Charitable Affordable Housing Grant for an Affordable,"12100 226th St, Hawaiian Gardens, CA 90716",,,NO,1990,,,,,60600,15150,,generated,new_build:collaborator-sheet; built:collaborator-sheet; closing_fee:collaborator-sheet; cmfa_annual_fee:collaborator-sheet; restricted_units:collaborator-sheet; address:collaborator-sheet
154,CMFA,Crystal Springs Terrace Apartments,"Crystal Springs Terrace Apartments, LP, a limited partnership",San Bruno,San Mateo,25-570,2025-12-12,authorize,,Prometheus Real Estate Group,,Integrity Housing,482,216,45% at 80% AMI,30,32400.0,Charitable Affordable Housing Grant for an Affordable,"2000 Crystal Springs Rd, San Bruno, CA 94066",,,NO/YES,,,,,,289200,72300,,generated,new_build:collaborator-sheet; closing_fee:collaborator-sheet; cmfa_annual_fee:collaborator-sheet; restricted_units:collaborator-sheet; address:collaborator-sheet
155,CMFA,Trailview Apartments,TBD LP,Concord,Contra Costa,25-571,2025-12-12,authorize,,Kairos Investment Management Company,,"Pacific Housing, Inc.",120,120,100% at 80% AMI,30,18000.0,Charitable Affordable Housing Grant for an Affordable,"1070 San Miguel Road, Concord, CA",,,NO,1974,,,,,72000,18000,,generated,new_build:collaborator-sheet; built:collaborator-sheet; closing_fee:collaborator-sheet; cmfa_annual_fee:collaborator-sheet; entity:collaborator-sheet; restricted_units:collaborator-sheet; address:collaborator-sheet
156,CMFA,Casa Serena Apartments,TBD LP,Fremont,Alameda,25-572,2025-12-12,authorize,,Kairos Investment Management Company,,"Pacific Housing, Inc.",170,170,100% at 80% AMI,30,25500.0,Charitable Affordable Housing Grant for an Affordable,"36000 Fremont Boulevard, Fremont, CA",,,NO,1969,,,,,102000,25500,,generated,new_build:collaborator-sheet; built:collaborator-sheet; closing_fee:collaborator-sheet; cmfa_annual_fee:collaborator-sheet; entity:collaborator-sheet; restricted_units:collaborator-sheet; address:collaborator-sheet
157,CSCDA,Hendrix & Hadley Apartments,"Hendrix EREP, LP & Hadley EREP, LP",Escondido,San Diego,,2026-01-08,authorize,approved,Eagle Partners,,,551,440,,,,,"439 West El Norte Parkway / 1045 Morning View Drive, Escondido, CA",,,,,,,,,255300,63825,,generated,closing_fee:collaborator-sheet; cmfa_annual_fee:collaborator-sheet; investor_1:collaborator-sheet; total_units:collaborator-sheet; restricted_units:collaborator-sheet; address:collaborator-sheet
158,CMFA,Kalmia Apartments,"Kalmia Supportive Housing, L.P., a California limited partnership",Los Angeles,Los Angeles,25-306,2025-07-18,authorize,,A Community of Friends,,A Community of Friends,29,29,100% at 80% AMI,30,4350.0,Charitable Affordable Housing Grant for an Affordable,,,dead,YES,,,,,,17400,4350,,generated,new_build:collaborator-sheet; closing_fee:collaborator-sheet; cmfa_annual_fee:collaborator-sheet; status:collaborator-sheet; total_units:collaborator-sheet; restricted_units:collaborator-sheet
159,CMFA,1141 N. Vermont Avenue Apartments,1141 N. Vermont NH LP,Los Angeles,Los Angeles,26-002,2026-01-09,authorize,,Thrive Living,,"Foundation Permanent Housing Fund, Inc.",290,290,100% at 80% AMI,30,43500.0,Charitable Affordable Housing Grant for an Affordable,"1141 N. Vermont Avenue, Los Angeles, CA 90029",,,,,,,,,174000,43500,,generated,closing_fee:collaborator-sheet; cmfa_annual_fee:collaborator-sheet; restricted_units:collaborator-sheet; address:collaborator-sheet
160,CMFA,12th Street Apartments,12th Street 19 LLLP,Los Angeles,Los Angeles,25-486,2025-10-10,authorize,,K3 Holdings,,"Kingdom Development, Inc.",16,16,100% at 80% AMI,30,2500.0,Charitable Affordable Housing Grant for an Affordable,"3048 W. 12th Street, CA 90006",,,NO,,,,,,9600,4000,,generated,new_build:collaborator-sheet; closing_fee:collaborator-sheet; cmfa_annual_fee:collaborator-sheet; restricted_units:collaborator-sheet; address:collaborator-sheet
161,CMFA,8th Street Apartments,2933 8th LLLP,Los Angeles,Los Angeles,26-003,2026-01-09,authorize,,K3 Holdings,,"Kingdom Development, Inc.",40,40,100% at 80% AMI,55,6000.0,Charitable Affordable Housing Grant for an Affordable,"2933 W. 8th Street, Los Angeles, CA",,,,,,,,,24000,6000,,generated,closing_fee:collaborator-sheet; cmfa_annual_fee:collaborator-sheet; restricted_units:collaborator-sheet; address:collaborator-sheet
162,CMFA,Alexandria II Apartments,130 Alexandria LLLP,Los Angeles,Los Angeles,26-005,2026-01-09,authorize,,K3 Holdings,,"Kingdom Development, Inc.",30,30,,,4500,,"130 S. Alexandria Avenue, Los Angeles, CA",,,,,,,,,18000,4500,,generated,closing_fee:collaborator-sheet; cmfa_annual_fee:collaborator-sheet; investor_1:collaborator-sheet; nonprofit_partner:collaborator-sheet; total_units:collaborator-sheet; restricted_units:collaborator-sheet; address:collaborator-sheet; city_cut:collaborator-sheet
163,CMFA,Ardmore Apartments,Ardmore 19 LLLP,Los Angeles,Los Angeles,26-006,2026-01-09,authorize,,K3 Holdings,,"Kingdom Development, Inc.",67,67,100% at 80% AMI,55,10050.0,Charitable Affordable Housing Grant for an Affordable,"437 N. Ardmore Avenue, Los Angeles, CA",,,,,,,,,40200,10050,,generated,closing_fee:collaborator-sheet; cmfa_annual_fee:collaborator-sheet; restricted_units:collaborator-sheet; address:collaborator-sheet
164,CMFA,Avalon Apartments,Ave 55 19 LLLP,Los Angeles,Los Angeles,26-007,2026-01-09,authorize,,K3 Holdings,,"Kingdom Development, Inc.",40,40,100% at 80% AMI,55,6000.0,Charitable Affordable Housing Grant for an Affordable,"249 S. Ave 55, Los Angeles, CA",,,,,,,,,24000,6000,,generated,closing_fee:collaborator-sheet; cmfa_annual_fee:collaborator-sheet; restricted_units:collaborator-sheet; address:collaborator-sheet
165,CMFA,Fedora Apartments,861 Fedora LLLP,Los Angeles,Los Angeles,26-008,2026-01-09,authorize,,K3 Holdings,,"Kingdom Development, Inc.",39,39,100% at 80% AMI,55,5850.0,Charitable Affordable Housing Grant for an Affordable,"861 Fedora Street, Los Angeles, CA",,,,,,,,,23400,5850,,generated,closing_fee:collaborator-sheet; cmfa_annual_fee:collaborator-sheet; restricted_units:collaborator-sheet; address:collaborator-sheet
166,CMFA,Harvard Apartments,516 Harvard LLLP,Los Angeles,Los Angeles,26-009,2026-01-09,authorize,,K3 Holdings,,"Kingdom Development, Inc.",40,40,100% at 80% AMI,55,6000.0,Charitable Affordable Housing Grant for an Affordable,"516 N. Harvard Boulevard, Los Angeles, CA",,,,,,,,,24000,6000,,generated,closing_fee:collaborator-sheet; cmfa_annual_fee:collaborator-sheet; restricted_units:collaborator-sheet; address:collaborator-sheet
167,CMFA,Hollywood Apartments,5200 Hollywood LLLP,Los Angeles,Los Angeles,26-010,2026-01-09,authorize,,K3 Holdings,,"Kingdom Development, Inc.",20,20,100% at 80% AMI,55,3000.0,Charitable Affordable Housing Grant for an Affordable,"5200 Hollywood Boulevard, Los Angeles, CA",,,,,,,,,12000,4000,,generated,closing_fee:collaborator-sheet; cmfa_annual_fee:collaborator-sheet; restricted_units:collaborator-sheet; address:collaborator-sheet
168,CMFA,Kenmore II Apartments,Kenmore II 20 LLLP,Los Angeles,Los Angeles,26-011,2026-01-09,authorize,,K3 Holdings,,"Kingdom Development, Inc.",48,48,100% at 80% AMI,55,7200.0,Charitable Affordable Housing Grant for an Affordable,"200 S. Kenmore Avenue, Los Angeles, CA",,,,,,,,,28800,7200,,generated,closing_fee:collaborator-sheet; cmfa_annual_fee:collaborator-sheet; restricted_units:collaborator-sheet; address:collaborator-sheet
169,CMFA,Kenmore III Apartments,915 S Kenmore LLLP,Los Angeles,Los Angeles,26-012,2026-01-09,authorize,,K3 Holdings,,"Kingdom Development, Inc.",18,18,100% at 80% AMI,55,2700.0,Charitable Affordable Housing Grant for an Affordable,"915 S. Kenmore Avenue, Los Angeles, CA",,,,,,,,,10800,4000,,generated,closing_fee:collaborator-sheet; cmfa_annual_fee:collaborator-sheet; restricted_units:collaborator-sheet; address:collaborator-sheet
170,CMFA,Kinglsey Apartments,530 Kingsley LLLP,Los Angeles,Los Angeles,26-013,2026-01-09,authorize,,K3 Holdings,,"Kingdom Development, Inc.",45,45,100% at 80% AMI,55,6750.0,Charitable Affordable Housing Grant for an Affordable,"530 Kingsley Drive, Los Angeles, CA",,,,,,,,,27000,6750,,generated,closing_fee:collaborator-sheet; cmfa_annual_fee:collaborator-sheet; restricted_units:collaborator-sheet; address:collaborator-sheet
171,CMFA,Lexington Apartments,5406 Lexington LLLP,Los Angeles,Los Angeles,26-014,2026-01-09,authorize,,K3 Holdings,,"Kingdom Development, Inc.",42,42,100% at 80% AMI,55,6300,Charitable Affordable Housing Grant for an Affordable,"5406 Lexington Avenue, Los Angeles, CA",,,,,,,,,25200,6300,,generated,closing_fee:collaborator-sheet; cmfa_annual_fee:collaborator-sheet; restricted_units:collaborator-sheet; address:collaborator-sheet; city_cut:collaborator-sheet
172,CMFA,Manhattan I & II Apartments,Manhattan 20 LLLP,Los Angeles,Los Angeles,26-015,2026-01-09,authorize,,K3 Holdings,,"Kingdom Development, Inc.",106,106,,,15900,,"410 S. Manhattan Place / 509 S. Manhattan Place, Los Angeles, CA",,,,,,,,,63600,15900,,generated,closing_fee:collaborator-sheet; cmfa_annual_fee:collaborator-sheet; investor_1:collaborator-sheet; nonprofit_partner:collaborator-sheet; total_units:collaborator-sheet; restricted_units:collaborator-sheet; address:collaborator-sheet; city_cut:collaborator-sheet
173,CMFA,Mariposa I Apartments,Mariposa 20 LLLP,Los Angeles,Los Angeles,26-016,2026-01-09,authorize,,K3 Holdings,,"Kingdom Development, Inc.",40,40,100% at 80% AMI,55,6000.0,Charitable Affordable Housing Grant for an Affordable,"727 S. Mariposa Avenue, Los Angeles, CA",,,,,,,,,24000,6000,,generated,closing_fee:collaborator-sheet; cmfa_annual_fee:collaborator-sheet; restricted_units:collaborator-sheet; address:collaborator-sheet
174,CMFA,Mariposa III Apartments,750 Mariposa LLLP,Los Angeles,Los Angeles,26-017,2026-01-09,authorize,,K3 Holdings,,"Kingdom Development, Inc.",23,23,100% at 80% AMI,55,3450.0,Charitable Affordable Housing Grant for an Affordable,"750-752 S. Mariposa Avenue, Los Angeles, CA",,,,,,,,,13800,4000,,generated,closing_fee:collaborator-sheet; cmfa_annual_fee:collaborator-sheet; restricted_units:collaborator-sheet; address:collaborator-sheet
175,CMFA,Mariposa IV Apartments,520 Mariposa LLLP,Los Angeles,Los Angeles,26-018,2026-01-09,authorize,,K3 Holdings,,"Kingdom Development, Inc.",48,48,100% at 80% AMI,55,7200.0,Charitable Affordable Housing Grant for an Affordable,"520 S. Mariposa Avenue, Los Angeles, CA",,,,,,,,,28800,7200,,generated,closing_fee:collaborator-sheet; cmfa_annual_fee:collaborator-sheet; restricted_units:collaborator-sheet; address:collaborator-sheet
176,CMFA,Monte Vista Apartments,Monte Vista 19 LLLP,Los Angeles,Los Angeles,26-019,2026-01-09,authorize,,K3 Holdings,,"Kingdom Development, Inc.",31,31,100% at 80% AMI,55,4650.0,Charitable Affordable Housing Grant for an Affordable,"5635 Monte Vista Street, Los Angeles, CA",,,,,,,,,18600,4650,,generated,closing_fee:collaborator-sheet; cmfa_annual_fee:collaborator-sheet; restricted_units:collaborator-sheet; address:collaborator-sheet
177,CMFA,Oxford II Apartments,Oxford 20 LLLP,Los Angeles,Los Angeles,26-020,2026-01-09,authorize,,K3 Holdings,,"Kingdom Development, Inc.",32,32,100% at 80% AMI,55,4800.0,Charitable Affordable Housing Grant for an Affordable,"207 S. Oxford St, Los Angeles, CA",,,,,,,,,19200,4800,,generated,closing_fee:collaborator-sheet; cmfa_annual_fee:collaborator-sheet; restricted_units:collaborator-sheet; address:collaborator-sheet
178,CMFA,Parkview Apartments,Highland 19 LLLP,Los Angeles,Los Angeles,26-021,2026-01-09,authorize,,K3 Holdings,,"Kingdom Development, Inc.",40,40,100% at 80% AMI,55,6000.0,Charitable Affordable Housing Grant for an Affordable,"300 W. Avenue 37, Los Angeles, CA",,,,,,,,,24000,6000,,generated,closing_fee:collaborator-sheet; cmfa_annual_fee:collaborator-sheet; restricted_units:collaborator-sheet; address:collaborator-sheet
179,CMFA,Western Apartments,Western 19 LLLP,Los Angeles,Los Angeles,26-022,2026-01-09,authorize,,K3 Holdings,,"Kingdom Development, Inc.",76,76,100% at 80% AMI,55,11400.0,Charitable Affordable Housing Grant for an Affordable,"1057 S. Western Avenue, Los Angeles, CA",,,,,,,,,45600,11400,,generated,closing_fee:collaborator-sheet; cmfa_annual_fee:collaborator-sheet; restricted_units:collaborator-sheet; address:collaborator-sheet
180,CMFA,Westmoreland Apartments,132 Westmoreland LLLP,Los Angeles,Los Angeles,26-023,2026-01-09,authorize,,K3 Holdings,,"Kingdom Development, Inc.",20,20,,,3000,,"132 S. Westmoreland Avenue, Los Angeles, CA",,,,,,,,,12000,4000,,generated,closing_fee:collaborator-sheet; cmfa_annual_fee:collaborator-sheet; investor_1:collaborator-sheet; nonprofit_partner:collaborator-sheet; total_units:collaborator-sheet; restricted_units:collaborator-sheet; address:collaborator-sheet; city_cut:collaborator-sheet
181,CMFA,The Hive Apartments,Ackerfield 2 LP,Los Angeles,Los Angeles,26-039,2026-01-30,authorize,,Golden Bee Properties,,"Kingdom Development, Inc.",152,152,100% at 80% AMI,30,22800.0,Charitable Affordable Housing Grant for an Affordable,"5565 & 5575 Ackerfield Avenue, Long Beach, CA",,stale,,,,,,,91200,22800,,generated,closing_fee:collaborator-sheet; cmfa_annual_fee:collaborator-sheet; status:collaborator-sheet; city:collaborator-sheet; total_units:collaborator-sheet; restricted_units:collaborator-sheet; address:collaborator-sheet
182,CMFA,1451 W MLK BLVD Apartments,"3 SIOF 1451 W MLK BLVD, LP",Los Angeles,Los Angeles,26-040,2026-01-30,authorize,,"SoLa Impact, LLC",,Housing on Merit,50,50,100% at 80% AMI,30,7350.0,Charitable Affordable Housing Grant for an Affordable,"1451 W. Martin Luther King Boulevard, Los Angeles, CA",,stale,YES,,,,,,30000,7500,,generated,new_build:collaborator-sheet; closing_fee:collaborator-sheet; cmfa_annual_fee:collaborator-sheet; status:collaborator-sheet; restricted_units:collaborator-sheet; address:collaborator-sheet
183,CMFA,4256 Whittier Blvd Apartments,"SIOF 4252 Whittier Blvd, LP",Los Angeles,Los Angeles,26-041,2026-01-30,authorize,,"SoLa Impact, LLC",,Housing on Merit,70,13,19% at 80% AMI,30,2500.0,Charitable Affordable Housing Grant for an Affordable,"4256 Whittier Blvd Apartments, Los Angeles, CA",,dead,,,,,,,42000,10500,,generated,closing_fee:collaborator-sheet; cmfa_annual_fee:collaborator-sheet; status:collaborator-sheet; restricted_units:collaborator-sheet; address:collaborator-sheet
184,CMFA,225 W 25th Apartments,"2 SIOF 225 E 25th St, LP",Los Angeles,Los Angeles,26-042,2026-01-30,authorize,,"SoLa Impact, LLC",,Housing on Merit,30,6,20% at 80% AMI,30,2500.0,Charitable Affordable Housing Grant for an Affordable,"225 W. 25th St, Los Angeles, CA",,,YES,,,,,,18000,4500,,generated,new_build:collaborator-sheet; closing_fee:collaborator-sheet; cmfa_annual_fee:collaborator-sheet; restricted_units:collaborator-sheet; address:collaborator-sheet
185,CMFA,9422 Firth Avenue Apartments,"6 SIOF 9416 FIRTH, LP",Los Angeles,Los Angeles,26-043,2026-01-30,authorize,,"SoLa Impact, LLC",,Housing on Merit,39,8,21% at 80% AMI,30,2500.0,Charitable Affordable Housing Grant for an Affordable,"9422 Firth Avenue, Los Angeles, CA",,,YES,,,,,,23400,5850,,generated,new_build:collaborator-sheet; closing_fee:collaborator-sheet; cmfa_annual_fee:collaborator-sheet; restricted_units:collaborator-sheet; address:collaborator-sheet
186,CMFA,4008 Martin Luther King Blvd Apartments,"SIOF 9 Properties, LP",Los Angeles,Los Angeles,26-044,2026-01-30,authorize,,"SoLa Impact, LLC",,Housing on Merit,70,14,21% at 80% AMI,30,2500.0,Charitable Affordable Housing Grant for an Affordable,"4008 Martin Luther King Boulevard, Los Angeles, CA",,,YES,,,,,,42000,10500,,generated,new_build:collaborator-sheet; closing_fee:collaborator-sheet; cmfa_annual_fee:collaborator-sheet; restricted_units:collaborator-sheet; address:collaborator-sheet
187,CMFA,Bentley Parke Apartments,"Post Bentley Parke, LP",Santa Ana,Orange,26-111,2026-02-20,authorize,,Post Investment Group,,Foothill Affordable Housing Foundation,232,232,100% at 80% AMI,55,34800.0,Charitable Affordable Housing Grant for an Affordable,"3200 W 5th St, Santa Ana, CA 92703",,,,1987,,,,,139200,34800,,generated,built:collaborator-sheet; closing_fee:collaborator-sheet; cmfa_annual_fee:collaborator-sheet; restricted_units:collaborator-sheet; address:collaborator-sheet
188,CMFA,Del Norte Place Apartments,"MG Del Norte Place Apartments, L.P.",El Cerrito,Contra Costa,,2026-01-30,preliminary_only,,MG Properties,,"Pacific Housing, Inc.",135,27,20% at 80% AMI,55,4050.0,Approve a Charitable Affordable Housing Program,"11720 San Pablo Ave, El Cerrito, CA 94530",,dead,,,,,,,81000,20250,,generated,closing_fee:collaborator-sheet; cmfa_annual_fee:collaborator-sheet; status:collaborator-sheet; restricted_units:collaborator-sheet; address:collaborator-sheet
189,CMFA,The Colonnade Apartments,Post Colonnade Apartments LP,San Jose,Santa Clara,,2026-01-30,preliminary_only,,Post Investment Group,,Foothill Affordable Housing Foundation,221,221,100% at 80% AMI,55,33150.0,Approve a Charitable Affordable Housing Program,"201 S 4th St, San Jose, CA 95112",,dead,NO,1987,,,,,132600,33150,,generated,new_build:collaborator-sheet; built:collaborator-sheet; closing_fee:collaborator-sheet; cmfa_annual_fee:collaborator-sheet; status:collaborator-sheet; restricted_units:collaborator-sheet; address:collaborator-sheet
190,CMFA,Highlands Point Apartments,"St. Anton Highland, LP",San Ramon,Contra Costa,26-107,2026-02-20,authorize,,"Anton DevCo, Inc.",,"Pacific Housing, Inc.",293,102,35% at 80% AMI,55,15300.0,Charitable Affordable Housing Grant for an Affordable,"2311 Ivy Hill Way, San Ramon, CA 94582",,,NO,,,,,,175800,43950,,generated,new_build:collaborator-sheet; closing_fee:collaborator-sheet; cmfa_annual_fee:collaborator-sheet; entity:collaborator-sheet; restricted_units:collaborator-sheet; address:collaborator-sheet
191,CSCDA,Highland Gardens Apartments,"Crossings Property, LP",Mountain View,Santa Clara,,2026-01-22,authorize,approved,Ethos Real Estate,,,196,79,40% at 80% AMI,,,"Grant of $5,000","234 Escuela Avenue, Mountain View, CA","February, 2026",,,,,,,,20000,5000,,generated,closing_fee:collaborator-sheet; cmfa_annual_fee:collaborator-sheet; investor_1:collaborator-sheet; restricted_units:collaborator-sheet
192,CMFA,Heritage Village Anaheim Apartments,Standard Heritage Anaheim Owner LP,Anaheim,Orange,,2022-04-15,authorize,,Standard Property Company,,Housing on Merit,196,157,,,16850,"Loan / $100,000","707 W Santa Ana Street, Anaheim CA 92805",,,,,,,,,117600,29400,True,collaborator-sheet,*:collaborator-sheet
193,CMFA,Heritage Park Escondido Apartments,STANDARD HERITAGE ESCONDIDO OWNER LP,Escondido,San Diego,,2022-04-15,authorize,,Standard Property Company,,Housing on Merit,196,157,,,15766,"Loan / $100,000","2549 E. Valley Parkway, Escondido, CA 92027",,,,,,,,,117600,29400,,collaborator-sheet,*:collaborator-sheet
194,CMFA,3751 Delmas Terrace Apartments,"3851 Delmas, LP",Los Angeles,Los Angeles,26-110,2026-02-20,authorize,,Seachange Partners,,Foundation for Affordable Housing,37,36,100% at 80% AMI,55,5550.0,Charitable Affordable Housing Grant for an Affordable,"3751 Delmas Terrace, Los Angeles, CA 90034",,,YES,,,,,,22200,5550,,generated,new_build:collaborator-sheet; closing_fee:collaborator-sheet; cmfa_annual_fee:collaborator-sheet; restricted_units:collaborator-sheet; address:collaborator-sheet
195,CMFA,1723 Corinth Apartments,"1723 Corinth, LP",Los Angeles,Los Angeles,26-109,2026-02-20,authorize,,Seachange Partners,,Foundation for Affordable Housing,41,41,100% at 80% AMI,55,6300.0,Charitable Affordable Housing Grant for an Affordable,"1723 Corinth Ave, Los Angeles, CA 90025",,,YES,,,,,,24600,6150,,generated,new_build:collaborator-sheet; closing_fee:collaborator-sheet; cmfa_annual_fee:collaborator-sheet; total_units:collaborator-sheet; restricted_units:collaborator-sheet; address:collaborator-sheet
196,CSCDA,The Dream Apartments,"Perseverance LAX Affordable, LP",Los Angeles,Los Angeles,,2026-03-05,authorize,approved,Capital Insight Holdings,,Integrity Housing,572,514,90% at 80% AMI,,,"Grant of $5,000","9750 Airport Blvd, Westchester, CA 90045","March, 2026",dead,,,,,,,261600,65400,,generated,closing_fee:collaborator-sheet; cmfa_annual_fee:collaborator-sheet; status:collaborator-sheet; investor_1:collaborator-sheet; restricted_units:collaborator-sheet; address:collaborator-sheet
197,CMFA,12342 Osborne Place Apartments,N31GP LP,Los Angeles,Los Angeles,,2026-03-13,preliminary_only,,GHC Housing Partners,,Foundation for Affordable Housing,100,100,100% at 80% AMI,55,15000.0,Approve a Charitable Affordable Housing Program,"12342 Osborne Pl, Pacoima, CA 91331",,dead,YES,,,,,,60000,15000,,generated,new_build:collaborator-sheet; closing_fee:collaborator-sheet; cmfa_annual_fee:collaborator-sheet; status:collaborator-sheet; restricted_units:collaborator-sheet; address:collaborator-sheet
198,CMFA,220 Humboldt Ct. Apartments,"TAP BFR ACQUISITIONS, LLC",Sunnyvale,Santa Clara,,2026-03-13,preliminary_only,,"TruAmerica Multifamily, LLC",,Affordable Housing Access,264,264,100% at 80% AMI,55,39600.0,Approve a Charitable Affordable Housing Program,"220 Humboldt Ct. Sunnyvale, CA",,,YES,,,,,,158400,39600,,generated,new_build:collaborator-sheet; closing_fee:collaborator-sheet; cmfa_annual_fee:collaborator-sheet; restricted_units:collaborator-sheet; address:collaborator-sheet
199,CMFA,Baird Affordable Housing Apartments,6942 Baird LP,Los Angeles,Los Angeles,26-135,2026-03-13,authorize,,"Angeleno Investments, LP",,Las Palmas Housing & Development Corporation,38,37,100% at 80% AMI,30,5500,Charitable Affordable Housing Grant for an Affordable,,,,,,,,,,22800,5700,,generated,closing_fee:collaborator-sheet; cmfa_annual_fee:collaborator-sheet; restricted_units:collaborator-sheet; city_cut:collaborator-sheet
200,CMFA,1408 Jefferson Apartments,AH 1408 Jefferson LP,Los Angeles,Los Angeles,Application,2026-03-13,preliminary_only,,Orion Capital LLC,,Foundation for Affordable Housing,70,70,100% at 80% AMI,55,10500.0,Approve a Charitable Affordable Housing Program,"1408 W Jefferson Blvd, Los Angeles, CA 90007",,,,,,,,,42000,10500,,generated,closing_fee:collaborator-sheet; cmfa_annual_fee:collaborator-sheet; resolution:collaborator-sheet; restricted_units:collaborator-sheet; address:collaborator-sheet
201,CMFA,Villa Del Sol Senior Apartments,"RFC VDS L.P., FSA VDS L.P., CEDAR BATTLES L.P. and CEDAR VALLEY L.P.",Santa Maria,Santa Barbara,26-154,2026-03-27,authorize,,"MKCR Capital, LLC",,Foundation for Affordable Housing,197,80,100% at 80% AMI,55,29550.0,Charitable Affordable Housing Grant for an Affordable,"1311 W Battles Rd, Santa Maria, CA 93458",,dead,,,,,,,118200,29550,,generated,closing_fee:collaborator-sheet; cmfa_annual_fee:collaborator-sheet; status:collaborator-sheet; restricted_units:collaborator-sheet; address:collaborator-sheet
202,CMFA,La Posada Apartments,"La Posada Preservation, L.P.",Santa Cruz,Santa Cruz,26-392,2026-06-26,authorize,,Jonathan Rose Companies,,"Pacific Housing, Inc.",150,150,100% at 80% AMI,55,22500.0,Charitable Affordable Housing Grant for an Affordable,"609 Frederick St, Santa Cruz, CA 95062",,,NO,1980,,,,,90000,22500,,generated,new_build:collaborator-sheet; built:collaborator-sheet; closing_fee:collaborator-sheet; cmfa_annual_fee:collaborator-sheet; restricted_units:collaborator-sheet; address:collaborator-sheet
203,CMFA,Bent Tree Apartments,"PR TIG BENT TREE, LP",Unincorporated,Sacramento,26-225,2026-05-08,authorize,,Tailwind Investment Group,,Housing on Merit,208,208,100% at 80% AMI,55,31200,Charitable Affordable Housing Grant for an Affordable,"4350 Galbrath Dr, Sacramento, CA 95842",,,,,,,,,124800,31200,,generated,closing_fee:collaborator-sheet; cmfa_annual_fee:collaborator-sheet; city:collaborator-sheet; restricted_units:collaborator-sheet; address:collaborator-sheet; city_cut:collaborator-sheet
204,CMFA,Hazelhurst Affordable Housing Apartments,6144 Hazelhurst LP,Los Angeles,Los Angeles,26-226,2026-05-08,authorize,,"Angeleno Investments, LP",,Las Palmas Housing & Development Corporation,49,49,100% at 80% AMI,30,7350.0,Charitable Affordable Housing Grant for an Affordable,,,,YES,,,,,,29400,7350,,generated,new_build:collaborator-sheet; closing_fee:collaborator-sheet; cmfa_annual_fee:collaborator-sheet; total_units:collaborator-sheet; restricted_units:collaborator-sheet
205,CSCDA,Del Norte Place Apartments,MG Del Norte Place Apartments LP.,El Cerrito,Contra Costa,,2026-05-07,authorize,approved,MG Properties,,Pacific Housing Inc,135,54,40% at 80% AMI,,,"Grant of $5,000","11720 San Pablo Avenue, El Cerrito, CA","June, 2026",stale,,,,,,,20000,5000,,generated,closing_fee:collaborator-sheet; cmfa_annual_fee:collaborator-sheet; status:collaborator-sheet; investor_1:collaborator-sheet; nonprofit_partner:collaborator-sheet; restricted_units:collaborator-sheet
206,CMFA,Elan River Village Apartments,"River Village 1845, LP",Escondido,Los Angeles,26-227,2026-05-08,authorize,,"KDF Communities, LLC",,"Affordable Housing Access, Inc.",123,123,100% at 80% AMI,55,18450.0,Charitable Affordable Housing Grant for an Affordable,"1845 N Broadway, Escondido, CA 92026",,dead,,,,,,,73800,18450,,generated,closing_fee:collaborator-sheet; cmfa_annual_fee:collaborator-sheet; status:collaborator-sheet; county:collaborator-sheet; restricted_units:collaborator-sheet; address:collaborator-sheet
207,CSCDA,Cullen Living Apartments,Cullen Living LLC,Los Angeles,Los Angeles,,2026-04-02,authorize,approved,Jenson Capital Group,,Integrity Housing,70,56,80% at 80% AMI,,,"Grant of $5,000","2625 Cullen St, Los Angeles, CA 90034","April, 2026",dead,,,,,,,20000,5000,,generated,closing_fee:collaborator-sheet; cmfa_annual_fee:collaborator-sheet; status:collaborator-sheet; investor_1:collaborator-sheet; restricted_units:collaborator-sheet; address:collaborator-sheet
208,CSCDA,Sawtelle 2481 Apartments,Sawtelle 2481 LLC,Los Angeles,Los Angeles,,2026-04-02,authorize,,Jenson Capital Group,,Integrity Housing,42,34,80% at 80% AMI,,,"Grant of $5,000","2481 Sawtelle Blvd, Los Angeles, CA 90064","April, 2026",dead,,,,,,,20000,5000,,generated,closing_fee:collaborator-sheet; cmfa_annual_fee:collaborator-sheet; status:collaborator-sheet; investor_1:collaborator-sheet; restricted_units:collaborator-sheet; address:collaborator-sheet
209,CMFA,Bluwater Crossing Apartments,"6801 Embarcadero Lane, LP, a California limited partnership",Carlsbad,San Diego,26-301,2026-05-29,authorize,,Red Stone Equity Partners,,San Diego Interfaith Housing Foundation,12,12,100% at 80% AMI,15,2500.0,Charitable Affordable Housing Grant for an Affordable,"6790 Embarcadero Ln, Carlsbad, CA 92011",,,,,,,,,10000,4000,,generated,closing_fee:collaborator-sheet; cmfa_annual_fee:collaborator-sheet; investor_1:collaborator-sheet; restricted_units:collaborator-sheet; address:collaborator-sheet; term_years:collaborator-sheet
210,CMFA,California Place Apartments,"PR TIG Cal Place, LP",Sacramento,Sacramento,26-302,2026-05-29,authorize,,Tailwind Investment Group,,Housing on Merit,211,211,100% at 80% AMI,10,,Charitable Affordable Housing Grant for an Affordable,"6633 Valley Hi Drive, Sacramento, CA",,,,,,,,,126600,31650,,generated,closing_fee:collaborator-sheet; cmfa_annual_fee:collaborator-sheet; restricted_units:collaborator-sheet; address:collaborator-sheet; term_years:collaborator-sheet
211,CSCDA,Haven Warner Center,Heven LP,Los Angeles,Los Angeles,,2026-07-16,authorize,approved,LA Apartments,,Central Valley Coalition for Affordable Housing,205,82,40% at 80% AMI,10,,"Grant of $5,000","6530 Independence Ave, Canoga Park, CA 91303","August, 2026",,,,,,,,20000,5000,,generated,closing_fee:collaborator-sheet; cmfa_annual_fee:collaborator-sheet; entity:collaborator-sheet; investor_1:collaborator-sheet; nonprofit_partner:collaborator-sheet; restricted_units:collaborator-sheet; address:collaborator-sheet
212,CSCDA,The Arlo,"The Arlo, LP",Los Angeles,Los Angeles,,2026-07-16,authorize,approved,KBX Investments,,Central Valley Coalition for Affordable Housing,100,50,50% at 80% AMI,20,,"Grant of $5,000","2075 W Jefferson BlvdLos Angeles, CA 90018","August, 2026",,YES,,,,,,20000,5000,,generated,new_build:collaborator-sheet; closing_fee:collaborator-sheet; cmfa_annual_fee:collaborator-sheet; investor_1:collaborator-sheet; nonprofit_partner:collaborator-sheet; restricted_units:collaborator-sheet; address:collaborator-sheet
213,CSCDA,Sierra Village,"Sierra Village Owner, LP",Unincorporated,Sacramento,,2026-07-16,authorize,approved,TriWest Development,,Foundation for Affordable Housing,185,74,40% at 80% AMI,10,,"Grant of $5,000","5416 Jackson St, North Highlands, CA 95660","September, 2026",,,,,,,,20000,5000,,generated,closing_fee:collaborator-sheet; cmfa_annual_fee:collaborator-sheet; city:collaborator-sheet; investor_1:collaborator-sheet; nonprofit_partner:collaborator-sheet; restricted_units:collaborator-sheet; address:collaborator-sheet
214,CSCDA,Trails at San Dimas,"Trails San Dimas, LP",San Dimas,Los Angeles,,2026-07-16,authorize,approved,The Korda Group,,AOF/Pacific Affordable Housing Corp.,288,72,25% at 80% AMI,10,,"Grant of $5,000","444 N Amelia Ave, San Dimas, CA 91773","September, 2026",,NO,,,,,,20000,5000,,generated,new_build:collaborator-sheet; closing_fee:collaborator-sheet; cmfa_annual_fee:collaborator-sheet; investor_1:collaborator-sheet; nonprofit_partner:collaborator-sheet; restricted_units:collaborator-sheet; address:collaborator-sheet
215,CSCDA,511 Hoover Street Apartments,511 Hoover Partnership LP,Los Angeles,Los Angeles,26H-[_],2026-07-02,authorize,approved,Category Company,,Housing on Merit,145,73,50% at 80% AMI,55,,"Grant of $5,000","511 N. Hoover Street, Los Angeles, California","July, 2026",,YES,,,,https://cscda.org/wp-content/uploads/2026/06/CSCDA-Agenda-Packet-7.2.26.pdf,,20000,5000,,generated,new_build:collaborator-sheet; link:collaborator-sheet; closing_fee:collaborator-sheet; cmfa_annual_fee:collaborator-sheet; resolution:collaborator-sheet; investor_1:collaborator-sheet; restricted_units:collaborator-sheet; address:collaborator-sheet
216,CMFA,Guava Gardens Apartments,"Guava Gardens Senior Apartments, LP",La Mesa,San Diego,26-391,2026-06-26,authorize,,"Positive Investments, Inc.",,Foundation for Affordable Housing,81,81,100% at 80% AMI,55,12000.0,Charitable Affordable Housing Grant for an Affordable,"5035 Guava Ave, La Mesa, CA 91942",,,NO,,,,,,48600,12150,,generated,new_build:collaborator-sheet; closing_fee:collaborator-sheet; cmfa_annual_fee:collaborator-sheet; restricted_units:collaborator-sheet; address:collaborator-sheet
217,CMFA,Park View by Angeleno Apartments,"Angeleno Investment, LP",Los Angeles,Los Angeles,26-390,2026-06-26,authorize,,"Angeleno Investments, LP",,Las Palmas Housing & Development Corporation,34,34,100% at 80% AMI,55,5100.0,Charitable Affordable Housing Grant for an Affordable,,,,YES,,,,,,20400,5100,,generated,new_build:collaborator-sheet; closing_fee:collaborator-sheet; cmfa_annual_fee:collaborator-sheet; total_units:collaborator-sheet; restricted_units:collaborator-sheet
218,CMFA,1408 Jefferson Blvd Apartments,"AH 1408 Jefferson, LP",Los Angeles,Los Angeles,26-406,2026-07-17,authorize,,Orion Capital LLC,,Foundation for Affordable Housing,70,70,,,10500,,"1408 W Jefferson Blvd Los Angeles, California 90007",,,YES,,,,,,42000,10500,,generated,new_build:collaborator-sheet; closing_fee:collaborator-sheet; cmfa_annual_fee:collaborator-sheet; investor_1:collaborator-sheet; nonprofit_partner:collaborator-sheet; total_units:collaborator-sheet; restricted_units:collaborator-sheet; address:collaborator-sheet; city_cut:collaborator-sheet
219,CMFA,603 Mariposa Apartments,"603 South Mariposa QOZB, LP.",Los Angeles,Los Angeles,26-407,2026-07-17,authorize,,Housing Diversity Corporation,,PEP Housing,94,94,100% at 80% AMI,55,14100.0,Charitable Affordable Housing Grant for an Affordable,"603 S Mariposa AveLos Angeles, CA 90005",,,YES,,,,,,56400,14100,,generated,new_build:collaborator-sheet; closing_fee:collaborator-sheet; cmfa_annual_fee:collaborator-sheet; restricted_units:collaborator-sheet; address:collaborator-sheet
220,CMFA,236 Berendo Apartments,236 Berendo Holdings OZ LP,Los Angeles,Los Angeles,26-408,2026-07-17,authorize,,Terra Capital Development Group LLC,,Pacific Housing,52,52,,,7650,,"236 N Berendo St, Los Angeles, CA 90004",,,YES,,,,,,31200,7800,,generated,new_build:collaborator-sheet; closing_fee:collaborator-sheet; cmfa_annual_fee:collaborator-sheet; investor_1:collaborator-sheet; nonprofit_partner:collaborator-sheet; total_units:collaborator-sheet; restricted_units:collaborator-sheet; address:collaborator-sheet; city_cut:collaborator-sheet
221,CMFA,Banner Avenue Apartments,6219 Banner LP,Los Angeles,Los Angeles,26-409,2026-07-17,authorize,,Affirmed Housing,,Compass for Affordable Housing,64,58,100% at 80% AMI,55,9450.0,Charitable Affordable Housing Grant for an Affordable,"6219 Banner Avenue, Los Angeles, CA 90038",,,YES,,,,,,38400,9600,,generated,new_build:collaborator-sheet; closing_fee:collaborator-sheet; cmfa_annual_fee:collaborator-sheet; restricted_units:collaborator-sheet; address:collaborator-sheet
222,CSCDA,Bayfair Apartments,16077 Ashland Avenue LP,San Lorenzo,Alameda,,2026-06-18,authorize,approved,Faulkner Capital Partners,,Integrity Housing,135,135,100% at 80% AMI,55,,"Grant of $5,000","16077 Ashland Ave, San Lorenzo, CA 94580","July, 2026",,,,,,,,20000,5000,,generated,closing_fee:collaborator-sheet; cmfa_annual_fee:collaborator-sheet; city:collaborator-sheet; investor_1:collaborator-sheet; restricted_units:collaborator-sheet; address:collaborator-sheet
223,CMFA,2121 Wood St,,Oakland,Alameda,,,authorize,,,,,,,,15,,,2121 WOOD ST OAKLAND 94607,,,,,,,,,,,True,collaborator-sheet,*:collaborator-sheet
224,CSCDA,1454 Florence Apartments,1454 Florence LLC,Los Angeles,Los Angeles,,2026-05-21,authorize,approved,Equitable Connections to Housing Opportunities (ECHO),,,31,31,90%,55,,"Grant of $5,000","1454 W Florence Ave, Los Angeles, CA 90047","June, 2026",,YES,,,,,,20000,5000,,generated,new_build:collaborator-sheet; closing_fee:collaborator-sheet; cmfa_annual_fee:collaborator-sheet; investor_1:collaborator-sheet; restricted_units:collaborator-sheet; address:collaborator-sheet
225,CMFA,Bennington Apartments,"CG Bennington, LP / JSP Bennington, LP",Fairfield,Solano,26-445,2026-08-07,authorize,,Jackson Square Properties,,"Pacific Housing, Inc.",132,132,100% at 80% AMI,55,19800.0,Charitable Affordable Housing Grant for an Affordable,"2780 N Texas St, Fairfield, CA 94533",,,,,,,,,79200,19800,,generated,closing_fee:collaborator-sheet; cmfa_annual_fee:collaborator-sheet; entity:collaborator-sheet; restricted_units:collaborator-sheet; address:collaborator-sheet; term_years:collaborator-sheet
226,CSCDA,Maris at Martinez Apartments,MG Maris Martinez Apartments LP.,Martinez,Contra Costa,,2026-06-04,authorize,,MG Properties,,Pacific Housing,168,134,80% at 80% AMI,10,,"Grant of $5,000","142 Fig Tree Lane, Martinez, CA 94553","July, 2026",dead,,,,,,,20000,5000,,generated,closing_fee:collaborator-sheet; cmfa_annual_fee:collaborator-sheet; status:collaborator-sheet; investor_1:collaborator-sheet; nonprofit_partner:collaborator-sheet; restricted_units:collaborator-sheet; address:collaborator-sheet; term_years:collaborator-sheet
227,CMFA,Westlake Apartments,"Westlake Apts LP, a California limited partnership",Sacramento,Sacramento,26-446,2026-08-07,authorize,,Tesseract Capital Group,,Housing on Merit,148,148,100% at 80% AMI,55,22200.0,Charitable Affordable Housing for an Affordable Rental,"1 Shoal Ct, Sacramento, CA 95831",,,,,,,,,88800,22200,,generated,closing_fee:collaborator-sheet; cmfa_annual_fee:collaborator-sheet; restricted_units:collaborator-sheet; address:collaborator-sheet
228,CSCDA,Colden Oaks Apartments,Colden Oaks Apartments LP.,Los Angeles,Los Angeles,,2026-06-04,authorize,,"Positive Investments, Inc.",,Foundation for Affordable Housing,38,19,50% at 80% AMI,15,,"Grant of $5,000","225 West Colden Avenue, Los Angeles, CA","June, 2026",,,,,,,,20000,5000,,generated,closing_fee:collaborator-sheet; cmfa_annual_fee:collaborator-sheet; investor_1:collaborator-sheet; nonprofit_partner:collaborator-sheet; restricted_units:collaborator-sheet; term_years:collaborator-sheet
229,CSCDA,Creekside Villas,"CGI Creekside Bliss, LP",San Diego,San Diego,,2026-08-06,authorize,approved,CGI+,,Foothill Affordable Housing Foundation,144,144,100% at 80% AMI,20,,"Grant of $5,000","220 47th St, San Diego, CA 92102","September, 2026",,,,,,,,20000,5000,,generated,closing_fee:collaborator-sheet; cmfa_annual_fee:collaborator-sheet; investor_1:collaborator-sheet; restricted_units:collaborator-sheet; address:collaborator-sheet
230,CSCDA,Hansen illage Apartments,Hansen Village Apartments LP.,Los Angeles,Los Angeles,,2026-06-04,authorize,,"Positive Investments, Inc.",,Foundation for Affordable Housing,116,29,25% at 80% AMI,10,,"Grant of $5,000","11821 Foothill Blvd, Lake View Terrace, CA 91342","June, 2026",,NO,,,,,,20000,5000,,generated,new_build:collaborator-sheet; closing_fee:collaborator-sheet; cmfa_annual_fee:collaborator-sheet; property_name:collaborator-sheet; investor_1:collaborator-sheet; nonprofit_partner:collaborator-sheet; restricted_units:collaborator-sheet; address:collaborator-sheet
231,CSCDA,Violet on Virgil,"Post Violet, LP",Los Angeles,Los Angeles,,2026-08-06,authorize,approved,Post Real Estate Group,,Bedford Affordable Housing Foundation,302,302,100% at 80% AMI,10,,"Grant of $5,000","160 S Virgil Ave, Los Angeles, CA 90004","September, 2026",,,,,,,,180600,45150,,generated,closing_fee:collaborator-sheet; cmfa_annual_fee:collaborator-sheet; investor_1:collaborator-sheet; nonprofit_partner:collaborator-sheet; restricted_units:collaborator-sheet; address:collaborator-sheet
232,CSCDA,Crystal View Apartments,"EREP TVG Crystal View Owner, LP",Garden Grove,Orange,,2026-06-04,authorize,,Eagle Partners,Vistria,Affordable Housing Access,402,120,,15,,"Grant of $5,000","12091 Bayport St, Garden Grove, CA 92840","July, 2026",,NO,,,,https://vistria.com/vistria-real-estate-acquires-orange-county-apartment-community/,,210600,52650,,generated,investor_2:collaborator-sheet; new_build:collaborator-sheet; link:collaborator-sheet; closing_fee:collaborator-sheet; cmfa_annual_fee:collaborator-sheet; investor_1:collaborator-sheet; nonprofit_partner:collaborator-sheet; restricted_units:collaborator-sheet; address:collaborator-sheet
233,CSCDA,926 S. Kingsley Apartments,"Kian Investments, LP",Los Angeles,Los Angeles,,2026-08-06,authorize,approved,Keren Housing,,Integrity Housing,136,136,100% at 80% AMI,10,,"Grant of $5,000","926 S Kingsley Dr, Los Angeles, CA 90006","September, 2026",,,,,,,,20000,5000,,generated,closing_fee:collaborator-sheet; cmfa_annual_fee:collaborator-sheet; investor_1:collaborator-sheet; restricted_units:collaborator-sheet; address:collaborator-sheet; term_years:collaborator-sheet
234,CSCDA,939 S. Kingsley Apartments,"Kingsley Project, LP",Los Angeles,Los Angeles,,2026-08-06,authorize,approved,Keren Housing,,Integrity Housing,136,136,100% at 80% AMI,55,,"Grant of $5,000","939 S Kingsley Dr, Los Angeles, CA 90006","September, 2026",,,,,,,,20000,5000,,generated,closing_fee:collaborator-sheet; cmfa_annual_fee:collaborator-sheet; investor_1:collaborator-sheet; restricted_units:collaborator-sheet; address:collaborator-sheet
235,CSCDA,3950 Ingraham Apartments,"Ingraham Investment Group, LP",Los Angeles,Los Angeles,,2026-08-06,authorize,approved,Keren Housing,,Integrity Housing,59,59,100% at 80% AMI,55,,"Grant of $5,000","3950 Ingraham St, San Diego, CA 92109","September, 2026",,,,,,,,20000,5000,,generated,closing_fee:collaborator-sheet; cmfa_annual_fee:collaborator-sheet; investor_1:collaborator-sheet; restricted_units:collaborator-sheet; address:collaborator-sheet
236,CSCDA,Park Playa Apartments,"Park Playa, LP",Los Angeles,Los Angeles,,2026-08-06,authorize,approved,Killefer Development,,Integrity Housing,108,108,80%,55,,"Grant of $5,000","6985 S. Centinela Avenue, Los Angeles, CA 90045","September, 2026",,YES,,,,,,20000,5000,,generated,new_build:collaborator-sheet; closing_fee:collaborator-sheet; cmfa_annual_fee:collaborator-sheet; investor_1:collaborator-sheet; total_units:collaborator-sheet; restricted_units:collaborator-sheet; address:collaborator-sheet
237,CSCDA,Edgemont by Angeleno,1178 Edgemont LP,Los Angeles,Los Angeles,,2026-08-06,authorize,approved,Angeleno Invesments,,Housing on Merit,34,27,80%,55,,"Grant of $5,000","1178 N Edgemont St, Los Angeles, CA 90029","August, 2026",,,,,,,,20000,5000,,generated,closing_fee:collaborator-sheet; cmfa_annual_fee:collaborator-sheet; investor_1:collaborator-sheet; restricted_units:collaborator-sheet; address:collaborator-sheet
238,CMFA,Heritage Park Apartments Livermore,Standard Heritage Livermore Owner LP,Livermore,Alameda,,2022-04-08,authorize,,Standard Property Company,,Housing on Merit,167,125,,,,"Loan / $100,000","900 E Stanley Blvd, Livermore, CA 94550",,,NO,1988,,,,,100200,25050,True,collaborator-sheet,*:collaborator-sheet
301,CMFA,2025 New Jersey Apartments,"2025 NJ, LP",Los Angeles,Los Angeles,23-203,2023-07-14,authorize,,,,,,,,,,,,,,,,,,,,,,,generated,
302,CMFA,Bernardine Apartments,"Castle Rock Bernardine Apartments, LP",San Bernardino,San Bernardino,23-202,2023-07-14,authorize,,,,,,,,,,,,,,,,,,,,,,,generated,
303,CMFA,10705 Avalon Blvd Apartments,"BIF NON OZ 10705 Avalon Blvd, LP, a California limited partnership",Los Angeles,Los Angeles,24-040,2024-02-02,authorize,,SoLa Impact,,Housing On Merit,69,,78% at 80% AMI,20,10350.0,Charitable Affordable Housing Grant for an Affordable,,,,,,,,,,,,,generated,
304,CMFA,820 MacArthur Apartments,"2019 Ozone Affordable Housing – 820 MacArthur, LP",Oakland,Alameda,24-042,2024-02-02,authorize,,,,,,,,,,,,,,,,,,,,,,,generated,
305,CMFA,4252 Crenshaw Apartments,4252 Crenshaw LP,Los Angeles,Los Angeles,24-177,2024-04-26,authorize,,Thrive Living,,"Kingdom Development, Inc.",111,,100% at 80% AMI,30,6570.0,Charitable Affordable Housing Grant for an Affordable Rental,,,,,,,,,,,,,generated,
306,CMFA,Montessa Apartments,"Affordable Housing Alliance II, Inc., d/b/a Integrity Housing, a Colorado nonprofit corporation",Vacaville,Solano,24-176,2024-04-26,authorize,,Ascenda Capital,,Integrity Housing,169,,34% at 80% AMI,30,8700.0,Charitable Affordable Housing Grant for an Affordable Rental,,,,,,,,,,,,,generated,
307,CMFA,2330 3rd Street Apartments,"2330 3rd Street Apartments L.P., a California limited partnership",Los Angeles,Los Angeles,24-276,2024-08-09,authorize,,Terra Capital Development Group LLC,,"Pacific Housing, Inc.",53,,100% at 80% AMI,30,7950.0,Charitable Affordable Housing Grant for an Affordable,,,,,,,,,,,,,generated,
308,CMFA,Hillsdale Gardens Apartments,Hillsdale Property LP,San Mateo,San Mateo,,2024-08-30,authorize,,Ethos Real Estate,,"Pacific Housing, Inc.",697,,100% at 80% AMI,30,74775.0,Charitable Affordable Housing Grant for an Affordable,,,,,,,,,,,,,generated,
309,CMFA,6171 Mission Gorge Apartments,6171 MISSION GORGE OWNER LP,San Diego,San Diego,24-378,2024-09-20,authorize,,Impact Housing,,Las Palmas Housing & Development Corporation,488,,100% at 80% AMI,30,72450.0,Charitable Affordable Housing Grant for an Affordable,,,,,,,,,,,,,generated,
310,CMFA,Horizon Apartments,"BWF II ETHOS CA HORIZON LP, a Delaware limited partnership",Santa Ana,Orange,24-377,2024-09-20,authorize,,Ethos Real Estate,,"Affordable Housing Access, Inc.",406,,100% at 80% AMI,30,60900.0,Charitable Affordable Housing Grant for an Affordable,,,,,,,,,,,,,generated,
311,CMFA,Main Street Apartments,"4752 Main, LP",Los Angeles,Los Angeles,,2024-11-01,preliminary_only,,"Eleos Ventures, LLC",,Step Forward Communities,53,,100% at 80% AMI,30,7950.0,Charitable Affordable Housing Grant for an Affordable,,,,,,,,,,,,,generated,
312,CMFA,2245 Amherst Apartments,2245 Amherst LLC,Los Angeles,Los Angeles,,2025-01-10,preliminary_only,,HVN Development,,Integrity Housing,38,,100% at 80% AMI,30,,Charitable Affordable Housing Program Application for a,,,,,,,,,,,,,generated,
313,CMFA,Bella Vista Apartments,"Vintage Housing Holdings, LLC",Richmond,Contra Costa,25-038,2025-01-10,authorize,,"Vintage Housing Holdings, LLC",,Hearthstone Housing Foundation,8,,at 80% AMI,30,98100.0,Charitable Affordable Housing Grant for an Affordable,,,,,,,,,,,,,generated,
314,CMFA,Elevate Long Beach Apartments,"Gelt on 3rd LB, LP",Long Beach,Los Angeles,,2025-01-10,preliminary_only,,Gelt Ventures Partners,,Integrity Housing,171,,100% at 80% AMI,30,,Charitable Affordable Housing Program Application for a,,,,,,,,,,,,,generated,
315,CMFA,Cherokee Avenue Apartments,1305 CherokeeOOZB LLC,Los Angeles,Los Angeles,,2025-01-31,preliminary_only,,Uncommon Developers,,Pacific Housing Inc.,52,,100% at 80% AMI,30,7800.0,Charitable Affordable Housing Program Application for a,,,,,,,,,,,,,generated,
316,CMFA,Electric Lofts Apartments,"Electric Lofts, LP",Oakland,Alameda,25-066,2025-01-31,authorize,,Trestle Development LLC,,AOF / Pacific Affordable Housing Corp,89,,10% at 60% AMI; 90% at 80% AMI,30,13350.0,Charitable Affordable Housing Grant for an Affordable,,,,,,,,,,,,,generated,
317,CMFA,Oak Park Apartments,"Post Oak Park Monrovia, LP",Monrovia,Los Angeles,,2025-01-31,preliminary_only,,Post Investment Group,,Integrity Housing,156,,100% at 80% AMI,30,23400.0,Charitable Affordable Housing Program Application for a,,,,,,,,,,,,,generated,
318,CMFA,3901 Normandie Avenue Apartments,"BIF OZ 3905 NORMANDIE AVE, LP",Los Angeles,Los Angeles,,2025-02-21,preliminary_only,,"SoLa Impact, LLC",,Housing on Merit,84,,100% at 80% AMI,30,12600.0,Charitable Affordable Housing Program Application for a,,,,,,,,,,,,,generated,
319,CMFA,501 S. Burlington Avenue Apartments,501 Burlington Owners L.P.,Los Angeles,Los Angeles,,2025-02-21,preliminary_only,,Taylor Equities,,"Kingdom Development, Inc.",42,,100% at 80% AMI,30,6300.0,Charitable Affordable Housing Program Application for a,,,,,,,,,,,,,generated,
320,CMFA,625 S. Burlington Avenue Apartments,625 Burlington Owners L.P.,Los Angeles,Los Angeles,,2025-02-21,preliminary_only,,Taylor Equities,,"Kingdom Development, Inc.",48,,100% at 80% AMI,30,7200.0,Charitable Affordable Housing Program Application for a,,,,,,,,,,,,,generated,
321,CMFA,Brookhollow Apartments,"Post Brookhollow, LP",West Covina,Los Angeles,,2025-02-21,preliminary_only,,Post Investment Group,,Integrity Housing,188,,100% at 80% AMI,30,28200.0,Charitable Affordable Housing Program Application for a,,,,,,,,,,,,,generated,
322,CMFA,Emerald Pointe Apartments,"Post Emerald, LP",Modesto,Stanislaus,,2025-02-21,preliminary_only,,Post Investment Group,,Integrity Housing,250,,100% at 80% AMI,30,37500.0,Charitable Affordable Housing Program Application for a,,,,,,,,,,,,,generated,
323,CMFA,Meridian Apartments,"400 Meridian LP, a California limited partnership",San Rafael,Marin,25-083,2025-02-21,authorize,,Tesseract Capital Group,,Housing on Merit,99,,100% at 80% AMI,30,,Charitable Affordable Housing Grant for an Affordable,,,,,,,,,,,,,generated,
324,CMFA,River Court Apartments,"Post Rivercourt, LP",Sacramento,Sacramento,,2025-02-21,preliminary_only,,Post Investment Group,,Integrity Housing,160,,100% at 80% AMI,30,24000.0,Charitable Affordable Housing Program Application for a,,,,,,,,,,,,,generated,
325,CMFA,Shadowbrook Apartments,"Post Shadowbrook, LP",Selma,Fresno,,2025-02-21,preliminary_only,,Post Investment Group,,Integrity Housing,193,,100% at 80% AMI,30,28950.0,Charitable Affordable Housing Program Application for a,,,,,,,,,,,,,generated,
326,CMFA,The Groves at East Tabor Apartments,"Post Groves, LP",Fairfield,Solano,,2025-02-21,preliminary_only,,Post Investment Group,,Integrity Housing,148,,100% at 80% AMI,30,22200.0,Charitable Affordable Housing Program Application for a,,,,,,,,,,,,,generated,
327,CMFA,569th W. 6th Street Apartments,"SIOF 5 Properties, LP",Los Angeles,Los Angeles,,2025-03-14,preliminary_only,,"SoLa Impact, LLC",,Housing on Merit,48,,100% at 80% AMI,30,7200.0,Charitable Affordable Housing Program Application for a,,,,,,,,,,,,,generated,
328,CMFA,AVID South & Lime Apartments,"Avid South & Lime, LP",Long Beach,Los Angeles,,2025-03-14,preliminary_only,,Avanath Capital,,BRIDGE Housing Corporation,96,,100% at 80% AMI,30,14400.0,Charitable Affordable Housing Program Application for a,,,,,,,,,,,,,generated,
329,CMFA,Aspire Arden Apartments,Clear Capital or an affiliate,Sacramento,Sacramento,,2025-04-04,preliminary_only,,"Clear Capital, LLC",,Housing on Merit,250,,40% at 80% AMI,30,15000.0,Charitable Affordable Housing Program Application for a,,,,,,,,,,,,,generated,
330,CMFA,569 W 6th Apartments,"SIOF 5 Properties, LP",Los Angeles,Los Angeles,25-147,2025-04-25,authorize,,"SoLa Impact, LLC",,Housing on Merit,48,,100% at 80% AMI,30,7050.0,Charitable Affordable Housing Grant for an Affordable,,,,,,,,,,,,,generated,
331,CMFA,685 W 4th Apartments,2 SIOF 685 W Fourth St. LP,Los Angeles,Los Angeles,25-146,2025-04-25,authorize,,"SoLa Impact, LLC",,Housing on Merit,28,,100% at 80% AMI,30,4050.0,Charitable Affordable Housing Grant for an Affordable,,,,,,,,,,,,,generated,
332,CMFA,Summer House Apartments,"The Michaels Development Company I, L.P. or an affiliate",Alameda,Alameda,,2025-04-25,preliminary_only,,The Michaels Organization,,"Pacific Housing, Inc.",615,,100% at 80% AMI,30,68625.0,Charitable Affordable Housing Program Application for a,,,,,,,,,,,,,generated,
333,CMFA,9750 Airport Blvd. Apartments,"Perseverance LAX Affordable, L.P.",Los Angeles,Los Angeles,,2025-05-30,preliminary_only,,Capital Insight,,"Kingdom Development, Inc.",,,40% at 80% AMI,30,34350.0,Charitable Affordable Housing Program Application for a,,,,,,,,,,,,,generated,
334,CMFA,Bella Vista at Hilltop Apartments,"Bella Vista Owner, LP",Richmond,Contra Costa,25-229,2025-05-30,authorize,,"Vintage Housing Holdings, LLC / Kennedy Wilson",,"Pacific Housing, Inc.",8,,at 80% AMI,30,98100.0,Charitable Affordable Housing Grant for an Affordable,,,,,,,,,,,,,generated,
335,CMFA,Chadwick Apartments,"Chadwick Owner, LP",Los Angeles,Los Angeles,25-230,2025-05-30,authorize,,"Vintage Housing Holdings, LLC / Kennedy Wilson",,"Pacific Housing, Inc.",687,,100% at 80% AMI,30,74025.0,Charitable Affordable Housing Grant for an Affordable,,,,,,,,,,,,,generated,
336,CMFA,17188 Chatsworth St. Apartments,"Chatsworth Housing, LP",Los Angeles,Los Angeles,,2025-06-06,preliminary_only,,BMI Developments,,"Kingdom Development, Inc.",69,,81% at 80% AMI,30,8400.0,Approve a Charitable Affordable Housing Program,,,,,,,,,,,,,generated,
337,CMFA,Bella Vista at Hilltop Apartments,"Bella Vista Owner, LP",Richmond,Contra Costa,25-247,2025-06-06,authorize,,"Vintage Housing Holdings, LLC / Kennedy Wilson",,"Pacific Housing, Inc.",8,,at 80% AMI,30,98100.0,Charitable Affordable Housing Grant for an Affordable,,,,,,,,,,,,,generated,
338,CMFA,Chadwick Apartments,"Chadwick Owner, LP",Los Angeles,Los Angeles,25-248,2025-06-06,authorize,,"Vintage Housing Holdings, LLC / Kennedy Wilson",,"Pacific Housing, Inc.",687,,100% at 80% AMI,30,74025.0,Charitable Affordable Housing Grant for an Affordable,,,,,,,,,,,,,generated,
339,CMFA,Violet on Virgil Apartments,"Post Violet, LP",Los Angeles,Los Angeles,,2025-06-27,preliminary_only,,Post Investment Group,,Integrity Housing,302,,100% at 80% AMI,30,45150.0,Approve a Charitable Affordable Housing Program,,,,,,,,,,,,,generated,
340,CMFA,236 Berendo Street Apartments,"Terra Capital Development Group LLC and Pacific Housing, Inc., or an affiliate",Los Angeles,Los Angeles,,2025-07-18,preliminary_only,,Terra Capital Development Group LLC,,"Pacific Housing, Inc.",52,,100% at 80% AMI,30,7800.0,Approve a Charitable Affordable Housing Program,,,,,,,,,,,,,generated,
341,CMFA,Meridian Apartments,400 MERIDIAN LP,San Rafael,Marin,25-307,2025-07-18,authorize,,Tesseract Capital Group,,Housing on Merit,99,,100% at 80% AMI,30,14850.0,Charitable Affordable Housing Grant for an Affordable,,,,,,,,,,,,,generated,
342,CMFA,Mosaic Apartments,"Pacific Housing, Inc. and Big 4 Properties, or an affiliate",Pittsburg,Contra Costa,,2025-07-18,preliminary_only,,"Big 4 Properties, LLC",,"Pacific Housing, Inc.",208,,100% at 80% AMI,30,31200.0,Approve a Charitable Affordable Housing Program,,,,,,,,,,,,,generated,
343,CMFA,Ventana Rental Homes Apartments,"Pacific Housing, Inc. and Big 4 Properties, or an affiliate",Pittsburg,Contra Costa,,2025-07-18,preliminary_only,,"Big 4 Properties, LLC",,"Pacific Housing, Inc.",148,,100% at 80% AMI,30,22200.0,Approve a Charitable Affordable Housing Program,,,,,,,,,,,,,generated,
344,CMFA,11001 S. Vermont Ave. Apartments,"5 SIOF 11001 S Vermont St, LP",Los Angeles,Los Angeles,,2025-08-08,preliminary_only,,"SoLa Impact, LLC",,Housing on Merit,84,,100% at 80% AMI,30,12450.0,Approve a Charitable Affordable Housing Program,,,,,,,,,,,,,generated,
345,CMFA,Meridian Apartments,400 MERIDIAN LP,San Rafael,Marin,25-346,2025-08-08,authorize,,Tesseract Capital Group,,Housing on Merit,99,,100% at 80% AMI,30,,Charitable Affordable Housing Grant for an Affordable,,,,,,,,,,,,,generated,
346,CMFA,Citrine Apartments,"Citrine Preservation, LP",Healdsburg,Sonoma,25-428,2025-08-29,authorize,,The Transcend Group,,Retail Store Employees Building Corporation,37,,100% at 80% AMI,30,5550.0,Charitable Affordable Housing Grant for an Affordable,,,,,,,,,,,,,generated,
347,CMFA,Sandpiper Cove Apartments,Sandpiper Cove Apartments,Yuba City,Sutter,,2025-09-19,preliminary_only,,Cahill Realty,,Central Valley Coalition for Affordable Housing,90,,100% at 80% AMI,30,13500.0,Approve a Charitable Affordable Housing Program,,,,,,,,,,,,,generated,
348,CMFA,4228 Western Apartments,"PS 4228 Western Ave, LP, a Delaware limited partnership",Healdsburg,Sonoma,25-511,2025-10-24,authorize,,,,,,,,,,,,,,,,,,,,,,,generated,
349,CMFA,4228 Western Ave Apartments,"PS 4228 Western Ave, LP",Los Angeles,Los Angeles,25-531,2025-11-07,authorize,,California State Teachers’ Retirement System,,Housing on Merit,68,,21% at 80% AMI,30,2500.0,Charitable Affordable Housing Grant for an Affordable,,,,,,,,,,,,,generated,
350,CMFA,Hawaiian Gardens Senior Apartments,"MKCR Capital, LLC",Hawaiian Gardens,Los Angeles,,2025-11-21,preliminary_only,,"MKCR Capital, LLC",,Foundation for Affordable Housing,101,,40% at 80% AMI,30,15150.0,Approve a Charitable Affordable Housing Program,,,,,,,,,,,,,generated,
351,CMFA,12th Street Apartments,12th Street 19 LLLP,Los Angeles,Los Angeles,26-004,2026-01-09,authorize,,K3 Holdings,,"Kingdom Development, Inc.",16,,100% at 80% AMI,55,2500.0,Charitable Affordable Housing Grant for an Affordable,,,,,,,,,,,,,generated,
352,CMFA,Redwood Square Apartments,Redwood Square Owner LLC,Sacramento,Sacramento,,2026-01-09,preliminary_only,,Lincoln Avenue Capital Management LLC,,"Pacific Housing, Inc.",206,,100% at 80% AMI,30,30900.0,Approve a Charitable Affordable Housing Program,,,,,,,,,,,,,generated,
353,CMFA,The Collective Apartments,"Langdon Park Capital & Standard Real Estate Investments, or an affiliate",Los Angeles,Los Angeles,,2026-01-09,preliminary_only,,Langdon Park Capital and Standard Real Estate,,Housing on Merit,192,,100% at 80% AMI,30,28800.0,Approve a Charitable Affordable Housing Program,,,,,,,,,,,,,generated,
354,CMFA,"Alhambra, Orizaba & Richfield Apartments","LACDA Housing, LP",Paramount,Los Angeles,,2026-02-20,preliminary_only,,,,,,,,,,,,,,,,,,,,,,,generated,
355,CMFA,Fernwood Apartments,"LACDA Housing, LP",Lynwood,Los Angeles,,2026-02-20,preliminary_only,,LACDA Housing,,Pacific Southwest Community Development Corporation,5,,100% at 80% AMI,55,2500.0,Approve a Charitable Affordable Housing Program,,,,,,,,,,,,,generated,
356,CMFA,Johnson Apartments,"LACDA Housing, LP",Compton,Los Angeles,,2026-02-20,preliminary_only,,LACDA Housing,,Pacific Southwest Community Development Corporation,5,,100% at 80% AMI,55,2500.0,Approve a Charitable Affordable Housing Program,,,,,,,,,,,,,generated,
357,CMFA,The Mark Apartments,"Kairos Investment Management & Pacific Housing, Inc.",Hayward,Alameda,,2026-02-20,preliminary_only,,Kairos Investment Management Company,,"Pacific Housing, Inc.",151,,100% at 80% AMI,55,22650.0,Approve a Charitable Affordable Housing Program,,,,,,,,,,,,,generated,
358,CMFA,Del Norte Apartments,MG Del Norte Place Apartments L.P.,El Cerrito,Contra Costa,26-177,2026-04-17,authorize,,,,,,,,,,,,,,,,,,,,,,,generated,
359,CMFA,Terrace View Apartments,"SFF 4, LLC",Daly City,San Mateo,26-352,2026-06-12,authorize,,The Sobrato Organization,,"Pacific Housing, Inc.",122,,20% at 60% AMI; 80% at 80% AMI,30,18300.0,Charitable Affordable Housing Grant for an Affordable,,,,,,,,,,,,,generated,
360,CMFA,The Heltsley Apartments FKA SoFi Redwood Park Apartments,"SFF 3, LLC",Redwood City,San Mateo,,2026-06-12,authorize,,The Sobrato Organization,,"Pacific Housing, Inc.",112,,20% at 60% AMI; 80% at 80% AMI,30,16800.0,Charitable Affordable Housing Grant for an Affordable,,,,,,,,,,,,,generated,
361,CMFA,Casa Del Milagro Apartments,Casa Del Milagro LP,Los Angeles,Los Angeles,,2026-06-26,preliminary_only,,Evolve Realty & Development Inc.,,"Kingdom Development, Inc.",99,,100% at 80% AMI,55,14550.0,Approve a Charitable Affordable Housing Program,,,,,,,,,,,,,generated,
362,CMFA,Studios on Fig Apartments,Studios on Fig LP,Los Angeles,Los Angeles,,2026-06-26,preliminary_only,,Evolve Realty & Development Inc.,,"Kingdom Development, Inc.",88,,100% at 80% AMI,55,10350.0,Approve a Charitable Affordable Housing Program,,,,,,,,,,,,,generated,
363,CMFA,Terrace View Apartments,"SFF 4, LLC",Daly City,San Mateo,,2026-06-26,authorize,,The Sobrato Organization,,"Pacific Housing, Inc.",122,,20% at 60% AMI; 80% at 80% AMI,30,18300.0,Charitable Affordable Housing Grant for an Affordable,,,,,,,,,,,,,generated,
364,CMFA,The Heltsley Apartments FKA SoFi Redwood Park Apartments,"SFF 3, LLC",Redwood City,San Mateo,,2026-06-26,authorize,,The Sobrato Organization,,"Pacific Housing, Inc.",112,,20% at 60% AMI; 80% at 80% AMI,30,16800.0,Charitable Affordable Housing Grant for an Affordable,,,,,,,,,,,,,generated,
365,CMFA,The Trinidad on Fig Apartments,The Trinidad Sylmar LP,Los Angeles,Los Angeles,,2026-06-26,preliminary_only,,Evolve Realty & Development Inc.,,"Kingdom Development, Inc.",164,,100% at 80% AMI,55,19500.0,Approve a Charitable Affordable Housing Program,,,,,,,,,,,,,generated,
366,CMFA,North Cherokee Apartments,1248 Cherokee LP,Los Angeles,Los Angeles,,2026-07-17,preliminary_only,,Seachange Partners,,Foundation for Affordable Housing,48,,100% at 80% AMI,55,7050.0,Approve a Charitable Affordable Housing Program,,,,,,,,,,,,,generated,
367,CMFA,Skyline Apartments,BRIDGE Housing Corporation,,,,2026-07-17,preliminary_only,,BRIDGE Housing Corporation,,,128,,100% at 80% AMI,55,,Approve a Charitable Affordable Housing Program,,,,,,,,,,,,,generated,
368,CMFA,Park View Apartments,"Santa Maria Way Associates, LP",Santa Maria,Santa Barbara County,,2026-08-07,preliminary_only,,Dynamic Real Estate Partners,,BRIDGE Housing Corporation,148,,100% at 80% AMI,55,22200.0,Approve a Charitable Affordable Housing Program,,,,,,,,,,,,,generated,
369,CSCDA,Verdana Apartments,"CDR Verdana Development, LP",San Diego,San Diego,,2026-08-20,authorize,,,,,260,,25%,10,,"Grant of $5,000","438 & 480 Camino Del Rio South, San Diego, CA","October, 2026",,,,,,,,,,,generated,
